GENES,gene accession,Start position,End position,CHROMOSOME,Strand,DESCRIPTION,PSORIASIC ARTHRITIS,ANKYLOSING SPONDYLITIS,SOURCE,1176,TOTAL DE GENES EM COMUM,,,,
IL22,ENSG00000127318,68248242,68253607,12,(-),interleukin 22,X,X,1; 3; 16,1,,,,,
PHACTR2,ENSG00000112419,143536845,143831185,6,(+),phosphatase and actin regulator 2,X,,18,0,,,,,
IL17A,ENSG00000112115,52186387,52190638,6,(+),	interleukin 17A,X,X,1; 3; 12; 17,1,,,,,
GPI,ENSG00000105220,34359480,34402156,19,(+),glucose-6-phosphate isomerase,X,,18,0,,,,,
SMAD3,ENSG00000166949,67063763,67195195,15,(+),SMAD family member 3,X,X,4,1,,,,,
SF3B1,ENSG00000115524,197389784,197435091,2,(-),splicing factor 3b subunit 1,X,X,4,1,,,,,
MAEA,ENSG00000090316,1289851,1340147,4,(+),macrophage erythroblast attacher,X,,2; 3,0,,,,,
CUX1,ENSG00000257923,101815904,102283957,7,(+),cut like homeobox 1,X,X,2; 5,1,,,,,
CDC42BPB,ENSG00000198752,102932379,103057462,14,(-),CDC42 binding protein kinase beta,X,X,4,1,,,,,
SMARCA4,ENSG00000127616,10961001,11065395,19,(+),"SWI/SNF related, matrix associated, actin dependent regulator of chromatin, subfamily a, member 4",X,X,2; 4,1,,,,,
ARHGEF3,ENSG00000163947,56727418,57079329,3,(-),Rho guanine nucleotide exchange factor 3,X,X,2; 4; 18,1,,,,,
CAMK2B,ENSG00000058404,44217150,44334577,7,(-),calcium/calmodulin dependent protein kinase II beta,X,,3,0,,,,,
MRPS23,ENSG00000181610,57834781,57850056,17,(-),mitochondrial ribosomal protein S23,X,X,4,1,,,,,
MYC,ENSG00000136997,127735434,127741434,8,(+),"MYC proto-oncogene, bHLH transcription factor",X,X,2; 4; 18,1,,,,,
DNMT3B,ENSG00000088305,32762385,32809356,20,(+),DNA methyltransferase 3 beta,X,,2,0,,,,,
STAT3,	ENSG00000168610,42313324,42388568,17,(-),signal transducer and activator of transcription 3,X,X,1; 16,1,,,,,
IL6,ENSG00000136244,22725884,22732002,7,(+),interleukin 6,X,,17,0,,,,,
BMP7,	ENSG00000101144,57168748,57266629,20,(-),bone morphogenetic protein 7,X,X,2; 5,1,,,,,
CCR7,ENSG00000126353,40553769,40565472,17,(-),C-C motif chemokine receptor 7,X,X,2; 9; 16; 18,1,,,,,
SELL,	ENSG00000188404,169690667,169711698,1,(-),selectin L,X,X,18,1,,,,,
IL10,ENSG00000136634,206767602,206772494,1,(-),interleukin 10,X,,16,0,,,,,
CXCL2,	ENSG00000081041,74097035,74099293,4,(-),C-X-C motif chemokine ligand 2,X,X,10,1,,,,,
CXCR5,ENSG00000160683,118883766,118897799,11,(+),C-X-C motif chemokine receptor 5,X,,9,0,,,,,
IL1R1/IL1R,ENSG00000115594,102064544,102179874,2,(+),interleukin 1 receptor type 1,X,X,3; 6; 16,1,,,,,
IRAK2,	ENSG00000134070,10164865,10243743,3,(+),interleukin 1 receptor associated kinase 2,X,,2,0,,,,,
LTA,ENSG00000226979,31572054,31574324,6,(+),	lymphotoxin alpha,X,X,1; 16,1,,,,,
TNFSF10,	ENSG00000121858,172505508,172523507,3,(-),TNF superfamily member 10,X,X,2; 4; 18,1,,,,,
TRAF4,	ENSG00000076604,28743984,28750958,17,(+),TNF receptor associated factor 4,X,X,2; 5,1,,,,,
IRF8,	ENSG00000140968,85898803,85922609,16,(+),interferon regulatory factor 8,X,,2,0,,,,,
CCL25,	ENSG00000131142,8052767,8062650,19,(+),	C-C motif chemokine ligand 25,X,X,16; 23,1,,,,,
CD5L,ENSG00000073754,157830914,157898256,1,(-),CD5 molecule like,X,,16,0,,,,,
IL17RA,ENSG00000177663,17084954,17115694,22,(+),	interleukin 17 receptor A,X,X,1; 4; 16,1,,,,,
MBP,	ENSG00000197971,76978827,77133683,18,(-),myelin basic protein,X,X,4; 18,1,,,,,
CSMD1,	ENSG00000183117,2935353,4994972,8,(-),CUB and Sushi multiple domains 1,X,X,2; 5,1,,,,,
JAM3,ENSG00000166086,134068925,134152001,11,(+),junctional adhesion molecule 3,X,X,4,1,,,,,
HCP5,	ENSG00000206337,31400702,31477506,6,(+),HLA complex P5,X,X,4,1,,,,,
HLA-B,ENSG00000234745,31353872,31357188,6,(-),"major histocompatibility complex, class I, B",X,X,4; 18,1,,,,,
HLA-C,ENSG00000204525,31268749,31357158,6,(-),"major histocompatibility complex, class I, C",X,X,4; 18,1,,,,,
MICA,ENSG00000204520,31399784,31415315,6,(+),MHC class I polypeptide-related sequence A,X,X,1,1,,,,,
TNFA=TNF,ENSG00000232810,31575565,31578336,6,(+),tumor necrosis factor,X,X,1; 3; 4; 16; 17,1,,,,,
SOCS1,ENSG00000185338,11254405,11256179,16,(-),suppressor of cytokine signaling 1,X,X,1,1,,,,,
DNMT1,ENSG00000130816,10133345,10231286,19,(-),DNA methyltransferase 1,X,,2; 18,0,,,,,
BCL11B,ENSG00000127152,99169287,99271524,14,(-),B cell CLL/lymphoma 11B,X,X,4; 16; 18,1,,,,,
IL12B,ENSG00000113302,159314783,159330887,6,(-),interleukin 12B,X,X,1,1,,,,,
IL12RB2 ,ENSG00000081985,67307364,67398724,1,(+),interleukin 12 receptor subunit beta 2,X,X,2; 16,1,,,,,
NFKB1,ENSG00000109320,102501329,102617302,4,(+),nuclear factor kappa B subunit 1,X,X,1; 4; 18,1,,,,,
ANKH,ENSG00000154122,14704804,14871778,5,(-),ANKH inorganic pyrophosphate transport regulator,,X,1; 4,0,,,,,
LCK,ENSG00000182866,32251239,32286165,1,(+),"LCK proto-oncogene, Src family tyrosine kinase",X,,2; 18,0,,,,,
FYN,	ENSG00000010810,111660332,111873452,6,(-),"FYN proto-oncogene, Src family tyrosine kinase",X,,18,0,,,,,
ZAP70,ENSG00000115085,97713560,97739862,2,(+),zeta chain of T cell receptor associated protein kinase 70,X,,18,0,,,,,
CD3G,	ENSG00000160654,118344344,118355161,11,(+),CD3g molecule,X,,15; 18,0,,,,,
JAK3,	ENSG00000105639,17824780,17848071,19,(-),	Janus kinase 3,X,X,2; 4,1,,,,,
LTBR,	ENSG00000111321,6375045,6391571,12,(+), lymphotoxin beta receptor,X,X,2,1,,,,,
PLCG1,ENSG00000124181,41136960,41196801,20,(+),	phospholipase C gamma 1,X,X,2; 5,1,,,,,
TCF7,	ENSG00000081059,134114711,134151865,5,(+),	transcription factor 7,X,,16; 18,0,,,,,
JAK2,	ENSG00000096968,4985033,5128183,9,(+),	Janus kinase 2,X,X,1; 4; 16,1,,,,,
IL23A, ENSG00000110944,56334174,56340410,12,(+),interleukin 23 subunit alpha,X,X,1; 17,1,,,,,
IL23R,ENSG00000162594,67166400,67259979,1,(+),interleukin 23 receptor,X,X,1; 16,1,,,,,
RORA,	ENSG00000069667,60488284,61229319,15,(-),RAR related orphan receptor A,X,X,6; 16; 18,1,,,,,
ERAP1,ENSG00000164307,96760810,96808100,5,(-),endoplasmic reticulum aminopeptidase 1,X,X,1,1,,,,,
ERAP2,ENSG00000164308,96875939,96919716,5,(+),endoplasmic reticulum aminopeptidase 2,X,X,1,1,,,,,
RUNX3,ENSG00000020633,24899511,24965121,1,(-),runt related transcription factor 3,X,X,1; 18,1,,,,,
FOS,	ENSG00000170345,75278774,75282230,14,(+),"Fos proto-oncogene, AP-1 transcription factor subunit",X,X,4; 15; 18,1,,,,,
JUN,	ENSG00000177606,58780788,58784327,1,(-),"Jun proto-oncogene, AP-1 transcription factor subunit",X,,18,0,,,,,
JUNB,ENSG00000171223,12791496,12793315,19,(+),"JunB proto-oncogene, AP-1 transcription factor subunit",X,X,4; 18,1,,,,,
GZMK,	ENSG00000113088,55024253,55034570,5,(+),granzyme K,X,X,18,1,,,,,
TNFSF8,ENSG00000106952,114893343,114930595,9,(-),TNF superfamily member 8,,X,4,0,,,,,
CD8A,	ENSG00000153563,86784610,86808396,2,(-),	CD8a molecule,X,,2; 9; 16; 18,0,,,,,
CD8B,ENSG00000172116,86815339,86861924,2,(-),	CD8b molecule,X,,16; 18,0,,,,,
IL7R,	ENSG00000168685,35852695,35879603,5,(+),	interleukin 7 receptor,X,,9; 16; 18,0,,,,,
IL2RA,ENSG00000134460,6010689,6062325,10,(-),interleukin 2 receptor subunit alpha,X,,16,0,,,,,
CD160,	ENSG00000117281,145719471,145739288,1,(+),	CD160 molecule,X,X,2; 5,1,,,,,
GNLY,ENSG00000115523,85685175,85698854,2,(+),	granulysin,X,,18,0,,,,,
GZMB,	ENSG00000100453,24630954,24634267,14,(-),	granzyme B,X,,2; 16; 18,0,,,,,
NKG7,	ENSG00000105374,51371606,51372715,19,(-),natural killer cell granule protein 7,X,X,18,1,,,,,
CD19,	ENSG00000177455,28931939,28939346,16,(+),CD19 molecule,X,X,9,1,,,,,
CD14,	ENSG00000170458,140631728,140633701,5,(-),CD14 molecule,X,X,1; 9,1,,,,,
CD68,ENSG00000129226,7579467,7582113,17,(+),CD68 molecule,X,X,2; 5,1,,,,,
S100A12,	ENSG00000163221,153373706,153375649,1,(-),S100 calcium binding protein A12,X,X,1,1,,,,,
FCGR1A,ENSG00000150337,149782671,149792518,1,(+),Fc gamma receptor Ia,X,X,2; 5,1,,,,,
CD83,ENSG00000112149,14117256,14136918,6,(+),CD83 molecule,X,X,2; 5,1,,,,,
CD1C,ENSG00000158481,158289786,158293630,1,(+),CD1c molecule,,X,4,0,,,,,
CX3CR1,ENSG00000168329,39263494,39281735,3,(-),C-X3-C motif chemokine receptor 1,X,X,4,1,,,,,
CEBPA,	ENSG00000245848,33299934,33302564,19,(-),CCAAT enhancer binding protein alpha,X,X,2; 5,1,,,,,
FOSL2,ENSG00000075426,28392448,28417312,2,(+),"FOS like 2, AP-1 transcription factor subunit",X,X,18,1,,,,,
JUND,	ENSG00000130522,18279760,18281622,19,(-),"JunD proto-oncogene, AP-1 transcription factor subunit",X,X,18,1,,,,,
CEBPD,	ENSG00000221869,47736909,47739086,8,(-),CCAAT enhancer binding protein delta,X,,18,0,,,,,
CEBPG,	ENSG00000153879,33373330,33382686,19,(+),CCAAT enhancer binding protein gamma,X,X,2; 5,1,,,,,
FOSL1,ENSG00000175592,65892049,65900573,11,(-),"FOS like 1, AP-1 transcription factor subunit",X,X,2; 5,1,,,,,
GCM1,ENSG00000137270,53126964,53148829,6,(-),glial cells missing transcription factor 1,,X,4,0,,,,,
CEBPB,ENSG00000172216,50190734,50192689,20,(+),CCAAT enhancer binding protein beta,,X,4,0,,,,,
TBX21,	ENSG00000073861,47733236,47746122,17,(+),T-box 21,X,X,1; 16,1,,,,,
RELA,	ENSG00000173039,65653596,65663094,11,(-),"RELA proto-oncogene, NF-kB subunit",X,,18,0,,,,,
ELK4,	ENSG00000158711,205597556,205631962,1,(-),ETS transcription factor ELK4,,X,4,0,,,,,
ARRB1,	ENSG00000137486,75264182,75351705,11,(-),arrestin beta 1,,X,4,0,,,,,
BRAF,	ENSG00000157764,140719327,140924764,7,(-),"B-Raf proto-oncogene, serine/threonine kinase",X,X,2; 5,1,,,,,
ELMO1,ENSG00000155849,36854361,37449249,7,(-),engulfment and cell motility 1,X,X,3,1,,,,,
FOXO3,ENSG00000118689,108559835,108684774,6,(+),forkhead box O3,,X,1,0,,,,,
HCK,	ENSG00000101336,32052188,32101856,20,(+),"HCK proto-oncogene, Src family tyrosine kinase",,X,4,0,,,,,
PF4,	ENSG00000163737,73981077,73982124,4,(-),platelet factor 4,,X,4,0,,,,,
PPBP,	ENSG00000163736,73987038,73988197,4,(-),pro-platelet basic protein,,X,4,0,,,,,
PREX1,ENSG00000124126,48624252,48827883,20,(-),"phosphatidylinositol-3,4,5-trisphosphate dependent Rac exchange factor 1",X,X,4; 18,1,,,,,
SRC,	ENSG00000197122,37344685,37406050,20,(+),"SRC proto-oncogene, non-receptor tyrosine kinase",X,X,2,1,,,,,
PRDM1,ENSG00000057657,106086320,106109939,6,(+),PR/SET domain 1,X,X,2; 16; 18,1,,,,,
TLR4,	ENSG00000136869,117704332,117716871,9,(+),toll like receptor 4,X,X,1,1,,,,,
IL18R1,ENSG00000115604,102311529,102398775,2,(+),interleukin 18 receptor 1,X,X,2; 16; 18,1,,,,,
PCSK5,	ENSG00000099139,75890644,76362975,9,(+),proprotein convertase subtilisin/kexin type 5,,X,4,0,,,,,
EGFR,	ENSG00000146648,55019021,55256620,7,(+),epidermal growth factor receptor,X,X,2; 5,1,,,,,
PXN,ENSG00000089159,120210439,120265771,12,(-),paxillin,X,X,18,1,,,,,
SERPINE1,ENSG00000106366,101127089,101139266,7,(+),serpin family E member 1,X,X,2; 5,1,,,,,
SOD2,ENSG00000112096,159669057,159762529,6,(-),superoxide dismutase 2,X,X,2; 4; 10; 18,1,,,,,
VCAM1,	ENSG00000162692,100719742,100739045,1,(+),vascular cell adhesion molecule 1,X,X,2; 5,1,,,,,
CTSB,ENSG00000164733,11842524,11869448,8,(-),cathepsin B,X,,18,0,,,,,
ACTN4,	ENSG00000130402,38647649,38731583,19,(+),actinin alpha 4,X,X,4; 18,1,,,,,
TNFRSF1A,ENSG00000067182,6328757,6342114,12,(-),TNF receptor superfamily member 1A,X,X,1,1,,,,,
SPRED2,ENSG00000198369,65310851,65432637,2,(-),sprouty related EVH1 domain containing 2,X,X,3,1,,,,,
OSTF1,	ENSG00000134996,75088543,75147265,9,(+),osteoclast stimulating factor 1,X,,18,0,,,,,
CD63,	ENSG00000135404,55725323,55729707,12,(-),CD63 molecule,X,X,18,1,,,,,
BRD4,	ENSG00000141867,15235519,15332545,19,(-),bromodomain containing 4,,X,4,0,,,,,
SLC1A4,	ENSG00000115902,64988477,65023865,2,(+),solute carrier family 1 member 4,X,,18,0,,,,,
CDC6,	ENSG00000094804,40287633,40304657,17,(+),cell division cycle 6,X,,18,0,,,,,
ASTN2,	ENSG00000148219,116425225,117415070,9,(-),astrotactin 2,X,X,3; 5,1,,,,,
RPS26,ENSG00000197728,56041853,56044675,12,(+),ribosomal protein S26,X,X,18,1,,,,,
TOX2,	ENSG00000124191,43914864,44069616,20,(+),TOX high mobility group box family member 2,X,X,18,1,,,,,
TOP2A,ENSG00000131747,40388516,40417950,17,(-),DNA topoisomerase II alpha,X,,18,0,,,,,
JDP2,	ENSG00000140044,75427716,75474111,14,(+),Jun dimerization protein 2,X,X,2; 5,1,,,,,
ACTR2,	ENSG00000138071,65227753,65271253,2,(+),actin related protein 2,X,X,4; 18,1,,,,,
STK4,	ENSG00000101109,44966474,45079959,20,(+),serine/threonine kinase 4,X,,18,0,,,,,
NCAPD2,ENSG00000010292,6493356,6531955,12,(+),non-SMC condensin I complex subunit D2,X,,18,0,,,,,
YWHAB,	ENSG00000166913,44885676,44908532,20,(+),tyrosine 3-monooxygenase/tryptophan 5-monooxygenase activation protein beta,X,X,18,1,,,,,
RUNX2,	ENSG00000124813,45328157,45664349,6,(+),RUNX family transcription factor 2,X,X,1; 18,1,,,,,
KDM6B,	ENSG00000132510,7839904,7854796,17,(+),lysine demethylase 6B,,X,4,0,,,,,
KDM6A,ENSG00000147050,44873188,45112779,X,(+),lysine demethylase 6A,,X,5,0,,,,,
IL21,	ENSG00000138684,122612628,122621069,4,(-),interleukin 21,X,X,2; 16,1,,,,,
IL1A,	ENSG00000115008,112773915,112784590,2,(-),interleukin 1 alpha,X,X,1,1,,,,,
EZH2,ENSG00000106462,148807383,148884321,7,(-),enhancer of zeste 2 polycomb repressive complex 2 subunit,X,X,4; 18,1,,,,,
RORC,	ENSG00000143365,151806071,151831872,1,(-),RAR related orphan receptor C,X,,16; 18,0,,,,,
KDM5B,	ENSG00000117139,202724491,202809470,1,(-),lysine demethylase 5B,X,X,2; 5,1,,,,,
ATF4,	ENSG00000128272,39519695,39522685,22,(+),activating transcription factor 4,,X,5,0,,,,,
DDIT3,ENSG00000175197,57516588,57520517,12,(-),DNA damage inducible transcript 3,X,X,2; 5,1,,,,,
PTPRC,	ENSG00000081237,198638671,198757283,1,(+),protein tyrosine phosphatase receptor type C,X,X,5; 18,1,,,,,
PGD,ENSG00000142657,10398592,10420144,1,(+),phosphogluconate dehydrogenase,X,X,2; 5,1,,,,,
GLUD1,	ENSG00000148672,87050486,87094866,10,(-),glutamate dehydrogenase 1,,X,4,0,,,,,
ACKR2,ENSG00000144648,42804752,42887974,3,(+),atypical chemokine receptor 2,X,X,2,1,,,,,
PPARGC1A,	ENSG00000109819,23755041,23904089,4,(-),PPARG coactivator 1 alpha,X,X,2; 5,1,,,,,
FOXP3,ENSG00000049768,49250438,49264800,X,(-),forkhead box P3,X,X,2; 3; 16,1,,,,,
AWAT1,ENSG00000204195,70234655,70240659,X,(+),acyl-CoA wax alcohol acyltransferase 1,X,X,6,1,,,,,
SPRR2A,ENSG00000241794,153056113,153057537,1,(-),small proline rich protein 2A,X,,2; 11,0,,,,,
SPRR2C,	ENSG00000229035,153140491,153140709,1,(-),small proline rich protein 2C (pseudogene),X,,2,0,,,,,
SPRR2F,	ENSG00000244094,153112114,153113515,1,(-),small proline rich protein 2F,X,,2; 11,0,,,,,
LCE3A,ENSG00000185962,152622834,152623103,1,(-),late cornified envelope 3A,X,,11,0,,,,,
DEFB4A,ENSG00000171711,7894629,7896711,8,(+),defensin beta 4A,X,,2; 11,0,,,,,
DEFB4B,ENSG00000177257,7414860,7416863,8,(-),defensin beta 4B,X,,2; 11,0,,,,,
S100A7A,ENSG00000184330,153416524,153423225,1,(+),S100 calcium binding protein A7A,X,,2; 11,0,,,,,
S100A9,ENSG00000163220,153357854,153361027,1,(+),S100 calcium binding protein A9,X,X,1; 11,1,,,,,
S100A12,	ENSG00000163221,153373706,153375649,1,(-),S100 calcium binding protein A12,X,,2; 11,0,,,,,
PI3,ENSG00000124102,45174876,45176544,20,(+),peptidase inhibitor 3,X,X,2; 11,1,,,,,
IL36A,ENSG00000136694,113005461,113008044,2,(+),interleukin 36 alpha,X,,2; 3; 11,0,,,,,
IL19,ENSG00000142224,206798870,206842981,1,(+),interleukin 19,X,,11,0,,,,,
CXCL1,	ENSG00000163739,73869393,73871242,4,(+),C-X-C motif chemokine ligand 1,X,,2; 10; 11,0,,,,,
CXCL6,ENSG00000124875,73836497,73849064,4,(+),C-X-C motif chemokine ligand 6,X,,2; 11,0,,,,,
CXCL8,	ENSG00000169429,73740541,73743716,4,(+),C-X-C motif chemokine ligand 8,X,X,10; 11,1,,,,,
CCR2,ENSG00000121807,46353734,46360928,3,(+),C-C motif chemokine receptor 2,X,X,4,1,,,,,
CCR5,ENSG00000160791,46370854,46376206,3,(+),C-C motif chemokine receptor 5,X,,16; 18,0,,,,,
CXCR2,ENSG00000180871,218125289,218137253,2,(+),C-X-C motif chemokine receptor 2,X,X,2,1,,,,,
CXCL5,ENSG00000163735,73995642,73998779,4,(-),C-X-C motif chemokine ligand 5,X,,10,0,,,,,
CXCL13,ENSG00000156234	,77511753,77611834,4,(+),C-X-C motif chemokine ligand 13,X,X,3; 18,1,,,,,
CXCR6,ENSG00000172215,45940933,45948353,3,(+),C-X-C motif chemokine receptor 6,X,,2; 16; 18,0,,,,,
CXCL16,ENSG00000161921,4733526,4739922,17,(-),C-X-C motif chemokine ligand 16,X,X,4,1,,,,,
CCR6,	ENSG00000112486,167111807,167139696,6,(+),C-C motif chemokine receptor 6,X,X,3; 16; 18,1,,,,,
CXCR3,ENSG00000186810,71615916,71618511,X,(-),C-X-C motif chemokine receptor 3,X,,16; 18,0,,,,,
CCL20,ENSG00000115009,227813842,227817564,2,(+),C-C motif chemokine ligand 20,X,X,2; 3; 10; 16,1,,,,,
CCR4,ENSG00000183813,32951574,32956349,3,(+),C-C motif chemokine receptor 4,X,,3; 16,0,,,,,
ICOS,ENSG00000163600,203936748,203961577,2,(+),inducible T cell costimulator,X,X,2; 16; 18,1,,,,,
PDCD1,ENSG00000188389,241849881,241858908,2,(-),programmed cell death 1,X,X,1; 16; 18,1,,,,,
ITGAE,ENSG00000083457,3714628,3801243,17,(-),integrin subunit alpha E,X,,16; 18,0,,,,,
MAF,ENSG00000178573,79585843,79600714,16,(-),MAF bZIP transcription factor,X,X,16; 18,1,,,,,
IRF4,ENSG00000137265,391739,411447,6,(+),interferon regulatory factor 4,X,X,4; 16,1,,,,,
STAT5A,	ENSG00000126561,42287547,42311943,17,(+),signal transducer and activator of transcription 5A,X,,16,0,,,,,
BATF,ENSG00000156127,75522425,75547015,14,(+),basic leucine zipper ATF-like transcription factor,X,X,5; 18,1,,,,,
HK2,ENSG00000159399,74833981,74893359,2,(+),hexokinase 2,X,X,2; 4,1,,,,,
PFKM,ENSG00000152556,8105139,48146404,12,(+),"phosphofructokinase, muscle",X,X,4,1,,,,,
PGK1,ENSG00000102144,77910739,78129295,X,(+),phosphoglycerate kinase 1,X,X,18,1,,,,,
LDHA,ENSG00000134333,18394388,18408425,11,(+),lactate dehydrogenase A,X,,18,0,,,,,
TPI1,ENSG00000111669,6867119,6870948,12,(+),triosephosphate isomerase 1,X,,18,0,,,,,
ENO1,ENSG00000074800,8861002,8879249,1,(-),enolase 1,X,X,4; 5; 18,1,,,,,
PKM,ENSG00000067225,72199029,72231822,15,(-),pyruvate kinase M1/2,X,X,2; 4; 18,1,,,,,
PFKL,ENSG00000141959,44300051,44327376,21,(+),"phosphofructokinase, liver type",X,X,4,1,,,,,
IL36G,ENSG00000136688,112973203,112985665,2,(+),interleukin 36 gamma,X,,2,0,,,,,
LYZ,ENSG00000090382,69348341,69354234,12,(+),lysozyme,X,X,2; 5,1,,,,,
RAC1,ENSG00000136238,6374523,6403977,7,(+),Rac family small GTPase 1,X,X,4; 18,1,,,,,
LCE3D,ENSG00000163202,152579381,152580504,1,(-),late cornified envelope 3D,X,,2,0,,,,,
PLA2G4D,ENSG00000159337,42067009,42094554,15,(-),phospholipase A2 group IVD,X,X,2; 3; 4,1,,,,,
LCN2,ENSG00000148346,128149071,128153455,9,(+),lipocalin 2,X,X,2; 4,1,,,,,
CRABP2,ENSG00000143320,156699606,156705816,1,(-),cellular retinoic acid binding protein 2,X,,2,0,,,,,
GATA3,ENSG00000107485,8053604,8075198,10,(+),GATA binding protein 3,X,X,16; 18,1,,,,,
CD55,ENSG00000196352,207321508,207360966,1,(+),CD55 molecule (Cromer blood group),X,,18,0,,,,,
IFNG,ENSG00000111537,68154768,68159747,12,(-),interferon gamma,X,X,1; 16; 18,1,,,,,
IL17F,ENSG00000112116,52236681,52244537,6,(-),interleukin 17F,X,X,1; 3; 12; 16,1,,,,,
AQP1,	ENSG00000240583,30911855,30925516,7,(+),aquaporin 1 (Colton blood group),X,X,2; 5,1,,,,,
CTSK,ENSG00000143387,150796208,150808323,1,(-),cathepsin K,X,X,2; 5,1,,,,,
ACP5,ENSG00000102575,11574660,11579008,19,(-),"acid phosphatase 5, tartrate resistant",X,,18,0,,,,,
CD52,ENSG00000169442,26317957,26320523,1,(+),CD52 molecule,X,X,4; 18,1,,,,,
CD3E,ENSG00000198851,118304545,118316175,11,(+),CD3 epsilon subunit of T-cell receptor complex,X,X,4; 18,1,,,,,
CD4,ENSG00000010610,6786858,6820808,12,(+),CD4 molecule,X,X,3; 4; 9; 16,1,,,,,
CD80,ENSG00000121594,119524293,119559602,3,(-),CD80 molecule,X,X,5,1,,,,,
CD274,	ENSG00000120217,5450503,5470566,9,(+),CD274 molecule,X,X,2,1,,,,,
CD86,	ENSG00000114013,122055366,122121139,3,(+),CD86 molecule,X,X,38,1,,,,,
CD38,	ENSG00000004468,15778275,15853230,4,(+),CD38 molecule,X,X,2; 9; 18,1,,,,,
ZBP1,	ENSG00000124256,57603846,57620576,20,(-),Z-DNA binding protein 1,X,,18,0,,,,,
CXCL10,	ENSG00000169245,76021117,76023497,4,(-),C-X-C motif chemokine ligand 10,X,X,1,1,,,,,
TRAF3IP2,	ENSG00000056972,111556454,111606278,6,(-),TRAF3 interacting protein 2,X,X,1,1,,,,,
KLRB1,ENSG00000111796,9594551,9607916,12,(-),killer cell lectin like receptor B1,X,X,3; 15; 16; 18,1,,,,,
PRF1,	ENSG00000180644,70597348,70602775,10,(-),perforin 1,X,X,16; 18,1,,,,,
NCR3,ENSG00000204475,31588895,31592985,6,(-),natural cytotoxicity triggering receptor 3,X,,18,0,,,,,
CHN1,ENSG00000128656,174799363,175005369,2,(-),chimerin 1,X,,3; 18,0,,,,,
GOLIM4,ENSG00000173905,168008677,168095975,3,(-),golgi integral membrane protein 4,X,X,4,1,,,,,
AHR,	ENSG00000106546,17298622,17346152,7,(+),aryl hydrocarbon receptor,X,X,4; 16; 18,1,,,,,
SGK1,ENSG00000118515,134169246,134318112,6,(-),serum/glucocorticoid regulated kinase 1,X,X,2; 4; 18,1,,,,,
SOX4,	ENSG00000124766,21592769,21598619,6,(+),SRY-box transcription factor 4,X,X,3,1,,,,,
KIR3DL1 ,ENSG00000167633,54724497,54867215,19,(+),"killer cell immunoglobulin like receptor, three Ig domains and long cytoplasmic tail 1",X,X,1,1,,,,,
IL33,ENSG00000137033,6215786,6257983,9,(+),interleukin 33,X,X,1,1,,,,,
TNIP1,ENSG00000145901,151029945,151093577,5,(-),TNFAIP3 interacting protein 1,X,X,2; 3; 18,1,,,,,
CSF2,	ENSG00000164400,132073790,132076170,5,(+),colony stimulating factor 2,X,X,16,1,,,,,
IL1B,ENSG00000125538,112829751,112836903,2,(-),interleukin 1 beta,X,X,1,1,,,,,
CARD14,	ENSG00000141527,80169992,80209331,17,(+),caspase recruitment domain family member 14,X,X,1; 6,1,,,,,
ZFP36,ENSG00000128016,39406813,39409412,19,(+),ZFP36 ring finger protein,X,X,4; 18,1,,,,,
TGFBR3,ENSG00000069702,91680343,91906335,1,(-),transforming growth factor beta receptor 3,X,X,4; 18,1,,,,,
EZR,ENSG00000092820,158765741,158819368,6,(-),ezrin,X,,18,0,,,,,
CLEC2B,ENSG00000110852,9852984,9870136,12,(-),C-type lectin domain family 2 member B,X,X,13; 18,1,,,,,
CD58,ENSG00000116815,116514534,116571039,1,(-),CD58 molecule,X,,16; 18,0,,,,,
CSTA,ENSG00000121552,122325248,122341969,3,(+),cystatin A,X,,2; 13,0,,,,,
BCL2A1,ENSG00000140379,79960892,79971196,15,(-),BCL2 related protein A1,X,,2,0,,,,,
MSN,ENSG00000147065,65588377,65741931,X,(+),moesin,X,X,4; 18,1,,,,,
REL, 	ENSG00000162924 ,60881491,60931612,2,(+),"REL proto-oncogene, NF-kB subunit",X,X,5; 18,1,,,,,
SETD2,ENSG00000181555	,47016429,47164113,3,(-),"SET domain containing 2, histone lysine methyltransferase",X,,18,0,,,,,
TBK1,ENSG00000183735,64452092,64502114,12,(+),TANK binding kinase 1,X,,3,0,,,,,
HAT1,ENSG00000128708,171922448,171983686,2,(+),histone acetyltransferase 1,X,,13; 18,0,,,,,
TP53,ENSG00000141510,7661779,7687538,17,(-),tumor protein p53,X,,1,0,,,,,
BCL10,ENSG00000142867,85265776,85276632,1,(-),BCL10 immune signaling adaptor,X,,2,0,,,,,
IL36RN,ENSG00000136695,113058638,113065382,2,(+),interleukin 36 receptor antagonist,X,X,1,1,,,,,
GJB2,ENSG00000165474,20187463,20192938,13,(-),gap junction protein beta 2,X,X,2,1,,,,,
SYT1,ENSG00000067715,78863993,79452008,12,(+),synaptotagmin 1,X,X,2; 5,1,,,,,
RAPGEF3,ENSG00000079337,47734363,47771040,12,(-),Rap guanine nucleotide exchange factor 3,,X,4,0,,,,,
ACP7,ENSG00000183760,39083913,39111493,19,(+),"acid phosphatase 7, tartrate resistant (putative)",X,X,2,1,,,,,
FLT1,ENSG00000102755,28300346,28495145,13,(-),fms related receptor tyrosine kinase 1,X,X,3,1,,,,,
AREG,ENSG00000109321,74445136,74455005,4,(+),amphiregulin,X,X,4,1,,,,,
ENO2,ENSG00000111674,6913745,6923698,12,(+),enolase 2,,X,4,0,,,,,
NTRK3,ENSG00000140538	,87859751,88256768,15,(-),neurotrophic receptor tyrosine kinase 3,,X,4,0,,,,,
SCN1A,ENSG00000144285,165984641,166149214,2,(-),sodium voltage-gated channel alpha subunit 1,X,X,5,1,,,,,
ABCG1,ENSG00000160179,42199689,42297244,21,(+),ATP binding cassette subfamily G member 1,,X,4,0,,,,,
TGFA,ENSG00000163235,70447284,70554193,2,(-),transforming growth factor alpha,X,X,2; 5,1,,,,,
GNG4,ENSG00000168243,235547685,235650754,1,(-),G protein subunit gamma 4,,X,4; 6,0,,,,,
SLC7A5,ENSG00000103257,87830023,87869507,16,(-),solute carrier family 7 member 5,X,X,2; 4; 18,1,,,,,
SPN,ENSG00000197471,29662979,29670876,16,(+),sialophorin,,X,4,0,,,,,
SKA1,ENSG00000154839,50375040,50394168,18,(+),spindle and kinetochore associated complex subunit 1,X,,18,0,,,,,
H6PD,ENSG00000049239	,9234774,9271337,1,(+),hexose-6-phosphate dehydrogenase/glucose 1-dehydrogenase,,X,4,0,,,,,
ORAI2,ENSG00000160991,102433106,102456825,7,(+),ORAI calcium release-activated calcium modulator 2,,X,4,0,,,,,
FUT2,ENSG00000176920,48695971,48705951,19,(+),fucosyltransferase 2 (H blood group),X,X,2; 3,1,,,,,
CBX5,ENSG00000094916,54230942,54280133,12,(-),chromobox 5,X,X,4; 18,1,,,,,
UTP11,ENSG00000183520,38009258,38024820,1,(+),UTP11 small subunit processome component,X,X,41,1,,,,,
ADIPOQ,ENSG00000181092,186842704,186858463,3,(+),"adiponectin, C1Q and collagen domain containing",X,X,1,1,,,,,
HIF1A,ENSG00000100644,61695513,61748259,14,(+),hypoxia inducible factor 1 subunit alpha,X,X,2; 4; 16,1,,,,,
IL6R, 	ENSG00000160712 ,154405193,154469450,1,(+),	interleukin 6 receptor,X,X,16,1,,,,,
IL6ST,ENSG00000134352,55935095,55995022,5,(-),interleukin 6 cytokine family signal transducer,X,,18,0,,,,,
IFNGR1,ENSG00000027697,137197485,137219449,6,(-),interferon gamma receptor 1,X,X,2; 16; 18,1,,,,,
CD3D,ENSG00000167286,118339075,118342705,11,(-),CD3 delta subunit of T-cell receptor complex,X,X,2; 18,1,,,,,
PPARG,ENSG00000132170,12287368,12434356,3,(+),peroxisome proliferator activated receptor gamma,X,X,1; 3,1,,,,,
DNA2,ENSG00000138346,68414064,68472121,10,(-),DNA replication helicase/nuclease 2,X,X,2,1,,,,,
STUB1,ENSG00000103266	,680224,682870,16,(+),STIP1 homology and U-box containing protein 1,,X,4; 5,0,,,,,
GAPDH,ENSG00000111640,6534512,6538374,12,(+),glyceraldehyde-3-phosphate dehydrogenase,X,X,4; 17; 18,1,,,,,
TICRR,ENSG00000140534,89575469,89631056,15,(+),TOPBP1 interacting checkpoint and replication regulator,X,X,2,1,,,,,
RBBP8,ENSG00000101773,22798261,23026488,18,(+),"RB binding protein 8, endonuclease",X,X,18,1,,,,,
DDX11,ENSG00000013573,31073860,31104799,12,(+),DEAD/H-box helicase 11,X,X,18,1,,,,,
NME2,ENSG00000243678,51165435,51171744,17,(+),NME/NM23 nucleoside diphosphate kinase 2,X,X,18,1,,,,,
TNFAIP3,ENSG00000118503,137867214,137883312,6,(+),TNF alpha induced protein 3,X,X,1; 4; 18,1,,,,,
DUSP1,ENSG00000120129,172768096,172771195,5,(-),dual specificity phosphatase 1,X,,15; 18,0,,,,,
S100A11,ENSG00000163191,152032506,152047907,1,(-),S100 calcium binding protein A11,X,,2; 18,0,,,,,
CXCR4,ENSG00000121966,136114349,136118149,2,(-),C-X-C motif chemokine receptor 4,X,,2; 16; 18,0,,,,,
HLA-DRB5,ENSG00000198502,32517353,32530287,6,(-),"major histocompatibility complex, class II, DR beta 5",X,,18,0,,,,,
HLA-DQB1,ENSG00000179344,32659467,32668383,6,(-),"major histocompatibility complex, class II, DQ beta 1",X,X,18,1,,,,,
FCER1G,ENSG00000158869,161215234,161220699,1,(+),Fc epsilon receptor Ig,X,,18,0,,,,,
GZMA,ENSG00000145649,55102646,55110252,5,(+),granzyme A,X,X,16; 18,1,,,,,
SRGN,ENSG00000122862,69088103,69104805,10,(+),serglycin,X,,18,0,,,,,
CCL3,ENSG00000277632,36088256,36090169,17,(-),C-C motif chemokine ligand 3,X,X,18,1,,,,,
CCL4L2,ENSG00000276070,36210924,36212878,17,(+),C-C motif chemokine ligand 4 like 2,X,,18,0,,,,,
ADGRG1, 	ENSG00000205336,57610652,57665580,16,(+),adhesion G protein-coupled receptor G1,X,,18,0,,,,,
CCL4,ENSG00000275302,36103827,36105621,17,(+),C-C motif chemokine ligand 4,X,,18,0,,,,,
CARD11,ENSG00000198286,2906141,3043945,7,(-),caspase recruitment domain family member 11,X,X,2; 4,1,,,,,
SOCS3,ENSG00000184557,78356778,78360077,17,(-),suppressor of cytokine signaling 3,X,X,16; 18,1,,,,,
CEP192,ENSG00000101639,12991362,13125052,18,(+),centrosomal protein 192,,X,4,0,,,,,
IL18,ENSG00000150782,112143253,112164096,11,(-),interleukin 18,X,X,1,1,,,,,
RIT1,ENSG00000143622,155897808,155911404,1,(-),Ras like without CAAX 1,X,X,2; 4,1,,,,,
GNAQ,ENSG00000156052,77716097,78031811,9,(-),G protein subunit alpha q,,X,4,0,,,,,
PPP2R3C,ENSG00000092020,35085467,35122517,14,(-),protein phosphatase 2 regulatory subunit B''gamma,,X,4; 5,0,,,,,
TNFRSF4,ENSG00000186827,1211340,1214153,1,(-),TNF receptor superfamily member 4,X,X,3,1,,,,,
TRAF2,ENSG00000127191,136881912,136926607,9,(+),TNF receptor associated factor 2,X,X,5; 18,1,,,,,
SP7,	ENSG00000170374 ,53326575,53345315,12,(-),Sp7 transcription factor,X,X,2; 5,1,,,,,
BGLAP,ENSG00000242252 ,156242184,156243317,1,(+),bone gamma-carboxyglutamate protein,X,X,2; 5,1,,,,,
LINC00339,ENSG00000218510,22024558,22031223,1,(+),long intergenic non-protein coding RNA 339,,X,4,0,,,,,
NOTCH1,ENSG00000148400,136494433,136546048,9,(-),notch receptor 1,,X,4,0,,,,,
IL10 ,ENSG00000136634,206767602,206774541,1,(-),interleukin 10,X,X,1,1,,,,,
ITGA2B,ENSG00000005961,44372180,44389649,17,(-),integrin subunit alpha 2b,X,X,2; 5,1,,,,,
CTSA,ENSG00000064601,45890144,45898820,20,(+),cathepsin A,X,X,2; 4; 18,1,,,,,
PTGS1,ENSG00000095303,122370530,122395703,9,(+),prostaglandin-endoperoxide synthase 1,X,X,1; 4,1,,,,,
MEFV,ENSG00000103313,3242027,3256633,16,(-),"MEFV innate immunity regulator, pyrin",X,X,1,1,,,,,
ITGAX,ENSG00000140678,31355134,31382999,16,(+),integrin subunit alpha X,X,X,4,1,,,,,
NPEPPS,ENSG00000141279,47522942,47623276,17,(+),aminopeptidase puromycin sensitive,X,X,1; 4,1,,,,,
SKAP1,ENSG00000141293,48133442,48430275,17,(-),src kinase associated phosphoprotein 1,X,X,4; 18,1,,,,,
ADAM8,ENSG00000151651,133262420,133276868,10,(-),ADAM metallopeptidase domain 8,X,,18,0,,,,,
SLAMF6,ENSG00000162739,160485030,160523262,1,(-),SLAM family member 6,X,X,2; 18,1,,,,,
EOMES,ENSG00000163508,27715949,27722711,3,(-),eomesodermin,X,X,16; 18,1,,,,,
ANPEP,ENSG00000166825,89784895,89815401,15,(-),"alanyl aminopeptidase, membrane",X,X,15,1,,,,,
ATG16L2,ENSG00000168010,72814406,72843674,11,(+),autophagy related 16 like 2,,X,4,0,,,,,
ITGAM,ENSG00000169896,31259967,31332892,16,(+),integrin subunit alpha M,X,X,3; 18,1,,,,,
CD7,ENSG00000173762,82314868,82317608,17,(-),CD7 molecule,X,X,2; 16; 18,1,,,,,
SH2D1A,ENSG00000183918,124227868,124373197,X,(+),SH2 domain containing 1A,X,X,18,1,,,,,
CD81,ENSG00000110651,2376177,2397397,11,(+),CD81 molecule,X,,18,0,,,,,
CD247,ENSG00000198821,167430640,167518610,1,(-),CD247 molecule,X,X,2; 3; 18,1,,,,,
IL2RB,ENSG00000100385,37125843,37175054,22,(-),interleukin 2 receptor subunit beta,X,X,18,1,,,,,
SOST,ENSG00000167941,43753738,43758791,17,(-),sclerostin,X,X,1,1,,,,,
DKK1,ENSG00000107984,52314281,52318042,10,(+),dickkopf WNT signaling pathway inhibitor 1,X,X,1,1,,,,,
OSTN,ENSG00000188729,191199241,191265615,3,(+),osteocrin,,X,6,0,,,,,
TNFRSF11B,ENSG00000164761,118923557,118951885,8,(-),TNF receptor superfamily member 11b,,X,1,0,,,,,
TNFSF11,ENSG00000120659	,42562736,42608013,13,(+),TNF superfamily member 11,X,X,1,1,,,,,
PHEX,ENSG00000102174,22032325,22251310,X,(+),phosphate regulating endopeptidase X-linked,X,X,2; 5,1,,,,,
ALPL,ENSG00000162551,21509397,21578410,1,(+),"alkaline phosphatase, biomineralization associated",X,X,1; 15,1,,,,,
COL1A1,ENSG00000108821	,50184101,50201632,17,(-),collagen type I alpha 1 chain,X,X,2; 5,1,,,,,
SPP1,ENSG00000118785,87975650,87983426,4,(+),secreted phosphoprotein 1,X,X,2; 5,1,,,,,
SPARC,ENSG00000113140	,151661096,151686975,5,(-),secreted protein acidic and cysteine rich,,X,4,0,,,,,
IFNLR1,ENSG00000185436,24154168,24187959,1,(-),interferon lambda receptor 1,X,X,2; 5,1,,,,,
STAT1,ENSG00000115415,190908460,191020960,2,(-),signal transducer and activator of transcription 1,X,X,2; 3; 18,1,,,,,
PTGER4,ENSG00000171522,40679915,40693735,5,(+),prostaglandin E receptor 4,X,X,18,1,,,,,
RPL32,ENSG00000144713,12834485,12841582,3,(-),ribosomal protein L32,X,X,5; 18,1,,,,,
CD40 ,ENSG00000101017,46118278,46129863,20,(+),CD40 molecule,X,X,2; 5,1,,,,,
TSC22D3 ,ENSG00000157514,107713221,107777342,X,(-),TSC22 domain family member 3,X,X,4; 18,1,,,,,
EP300,ENSG00000100393	,41092592,41180077,22,(+),E1A binding protein p300,,X,5,0,,,,,
CDC25B,ENSG00000101224	,3786772,3806121,20,(+),cell division cycle 25B,X,X,2; 18,1,,,,,
SPOCK2,ENSG00000107742	,72059034,72089032,10,(-),"SPARC (osteonectin), cwcv and kazal like domains proteoglycan 2",X,X,2; 4; 18,1,,,,,
MCM3,ENSG00000112118	,52264014,52284881,6,(-),minichromosome maintenance complex component 3,X,,18,0,,,,,
DOCK10,ENSG00000135905,224765090,225042445,2,(-),dedicator of cytokinesis 10,X,X,2,1,,,,,
ITGB7,ENSG00000139626	,53191323,53207282,12,(-),integrin subunit beta 7,X,,18,0,,,,,
CLEC4D,ENSG00000166527	,8509475,8522366,12,(+),C-type lectin domain family 4 member D,X,X,2; 5,1,,,,,
VAMP5,ENSG00000168899	,85584431,85593406,2,(+),vesicle associated membrane protein 5,X,,18,0,,,,,
PTPN1,ENSG00000196396,50510321,50585241,20,(+),protein tyrosine phosphatase non-receptor type 1,X,X,4; 18,1,,,,,
IRF1,ENSG00000125347	,132481609,132490777,5,(-),interferon regulatory factor 1,X,X,2; 18,1,,,,,
PLAAT4,ENSG00000133321,63536808,63546462,11,(+),retinoic acid receptor responder 3,X,X,5; 18,1,,,,,
GBP5,ENSG00000154451	,89258950,89272804,1,(-),guanylate binding protein 5,X,X,2; 3; 18,1,,,,,
TNFAIP6,ENSG00000123610,151357592,151380046,2,(+),TNF alpha induced protein 6,X,X,2; 5,1,,,,,
EPSTI1,ENSG00000133106	,42886388,42992271,13,(-),epithelial stromal interaction 1,X,X,2; 18,1,,,,,
GCH1,ENSG00000131979	,54842008,54902826,14,(-),GTP cyclohydrolase 1,X,X,2; 5,1,,,,,
IL32,ENSG00000008517	,3065297,3082192,16,(+),interleukin 32,X,X,3; 4; 18,1,,,,,
RSAD2,ENSG00000134321,6865806,6898239,2,(+),radical S-adenosyl methionine domain containing 2,X,X,2; 5,1,,,,,
IL15,ENSG00000164136,141636583,141733987,4,(+),interleukin 15,X,X,2; 5,1,,,,,
APOL3,ENSG00000128284,36140330,36166177,22,(-),apolipoprotein L3,X,X,2,1,,,,,
PLD1,ENSG00000075651,171600404,171810950,3,(-),phospholipase D1,X,X,3,1,,,,,
NOS2,ENSG00000007171	,27756766,27800529,17,(-),nitric oxide synthase 2,X,X,2,1,,,,,
NFKBIA,ENSG00000100906,35401513,35404749,14,(-),NFKB inhibitor alpha,X,X,1; 4; 18,1,,,,,
MMP9,ENSG00000100985,46008908,46016561,20,(+),matrix metallopeptidase 9,X,X,4,1,,,,,
NAMPT,ENSG00000105835	,106248298,106286326,7,(-),nicotinamide phosphoribosyltransferase,X,X,1; 4,1,,,,,
VDR,ENSG00000111424	,47841537,47943048,12,(-),vitamin D receptor,X,X,1,1,,,,,
VEGFA,ENSG00000112715,43770184,43786487,6,(+),vascular endothelial growth factor A,X,X,1; 4,1,,,,,
WNT5A,ENSG00000114251,55465715,55490539,3,(-),Wnt family member 5A,X,,2,0,,,,,
IFIH1,ENSG00000115267,162267074,162318684,2,(-),interferon induced with helicase C domain 1,X,X,1,1,,,,,
IL37,ENSG00000125571,112912971,112918882,2,(+),interleukin 37,X,X,1,1,,,,,
CRP,ENSG00000132693,159712289,159714589,1,(-),C-reactive protein,X,X,1,1,,,,,
PTPN22,ENSG00000134242	,113813811,113871753,1,(-),protein tyrosine phosphatase non-receptor type 22,X,X,1; 18,1,,,,,
IL6,ENSG00000136244,22725884,22732002,7,(+),interleukin 6,X,X,1,1,,,,,
IL1F10,ENSG00000136697	,113067970,113075843,2,(+),interleukin 1 family member 10,X,X,1,1,,,,,
S100A8,ENSG00000143546,153390032,153391073,1,(-),S100 calcium binding protein A8,X,X,1,1,,,,,
IL9,ENSG00000145839	,135892246,135895841,5,(-),interleukin 9,X,,1; 16,0,,,,,
MMP3,ENSG00000149968	,102835801,102843609,11,(-),matrix metallopeptidase 3,X,X,1,1,,,,,
IL20,ENSG00000162891	,206865354,206869223,1,(+),interleukin 20,X,,2,0,,,,,
PTX3,ENSG00000163661	,157436850,157443633,3,(+),pentraxin 3,X,X,1,1,,,,,
TLR3,ENSG00000164342	,186069155,186088073,4,(+),toll like receptor 3,X,X,2; 5,1,,,,,
FABP5,ENSG00000164687	,81280536,81284777,8,(+),fatty acid binding protein 5,X,X,2; 5; 18,1,,,,,
IL25,ENSG00000166090	,23372809,23376403,14,(+),interleukin 25,X,,16,0,,,,,
PRL,ENSG00000172179	,22287244,22302826,6,(-),prolactin,X,,1,0,,,,,
BSG,ENSG00000172270	,571277,583493,19,(+),basigin (Ok blood group),X,,3; 18,0,,,,,
SAA1,ENSG00000173432	,18266260,18269977,11,(+),serum amyloid A1,X,X,1; 10,1,,,,,
LEP,ENSG00000174697	,128241278,128257629,7,(+),leptin,X,X,1,1,,,,,
MTHFR,ENSG00000177000,11785723,11806455,1,(-),methylenetetrahydrofolate reductase,X,X,1; 4,1,,,,,
TNFSF15,ENSG00000181634	,114784652,114806039,9,(-),TNF superfamily member 15,X,X,1,1,,,,,
IRAK1,ENSG00000184216	,154010506,154019902,X,(-),interleukin 1 receptor associated kinase 1,X,X,2; 4,1,,,,,
LCE3B,ENSG00000187238	,152613811,152614098,1,(+),late cornified envelope 3B,X,,1,0,,,,,
TNFSF12,ENSG00000239697	,7549058,7557890,17,(+),TNF superfamily member 12,X,,1; 18,0,,,,,
TLR9,ENSG00000239732	,52221080,52226163,3,(-),toll like receptor 9,X,X,1,1,,,,,
MIR146A,ENSG00000283733	,160485352,160485450,5,(+),microRNA 146a,X,X,1,1,,,,,
MIR21,ENSG00000284190,59841266,59841337,17,(+),microRNA 21,X,X,2; 5,1,,,,,
ITM2A,ENSG00000078596	,79360384,79367667,X,(-),integral membrane protein 2A,X,X,1; 18,1,,,,,
TRAF5,ENSG00000082512	,211326615,211374946,1,(+),TNF receptor associated factor 5,X,X,1; 18,1,,,,,
PSMD7,ENSG00000103035	,74296814,74306288,16,(+),"proteasome 26S subunit, non-ATPase 7",X,X,5,1,,,,,
TGFB1,ENSG00000105329	,41301587,41353922,19,(-),transforming growth factor beta 1,X,X,1; 4; 16; 18,1,,,,,
CCL2,ENSG00000108691	,34255218,34257203,17,(+),C-C motif chemokine ligand 2,X,X,1,1,,,,,
TREML2,ENSG00000112195	,41189749,41201149,6,(-),triggering receptor expressed on myeloid cells like 2,,X,1; 4,0,,,,,
IL1R2,ENSG00000115590	,101991960,102028544,2,(+),interleukin 1 receptor type 2,X,X,1; 3,1,,,,,
KIF21B,ENSG00000116852	,200969390,201023700,1,(-),kinesin family member 21B,,X,1,0,,,,,
TESPA1,ENSG00000135426	,54948015,54984762,12,(-),"thymocyte expressed, positive selection associated 1",X,X,1; 3; 18,1,,,,,
TLR2,ENSG00000137462,153684070,153706260,4,(+),toll like receptor 2,X,X,1,1,,,,,
GC,ENSG00000145321	,71741696,71804041,4,(-),GC vitamin D binding protein,,X,1,0,,,,,
JMY,ENSG00000152409,79236131,79327211,5,(+),"junction mediating and regulatory protein, p53 cofactor",,X,1,0,,,,,
PADI4,ENSG00000159339	,17308195,17364004,1,(+),peptidyl arginine deiminase 4,,X,1; 4,0,,,,,
ANTXR2,ENSG00000163297,79901146,80125454,4,(-),ANTXR cell adhesion molecule 2,X,X,1; 3; 4; 18,1,,,,,
FCRL4,ENSG00000163518	,157573747,157598085,1,(-),Fc receptor like 4,,X,1,0,,,,,
CTLA4,ENSG00000163599	,203867771,203873965,2,(+),cytotoxic T-lymphocyte associated protein 4,X,X,1; 3; 16; 18,1,,,,,
SNAPC4,ENSG00000165684	,136375577,136400168,9,(-),small nuclear RNA activating complex polypeptide 4,,X,1,0,,,,,
TUBA8,ENSG00000183785	,18110331,18146554,22,(+),tubulin alpha 8,,X,1,0,,,,,
CARD9,ENSG00000187796	,136361903,136373681,9,(-),caspase recruitment domain family member 9,X,X,1,1,,,,,
HMGB1,ENSG00000189403	,30456704,30617597,13,(-),high mobility group box 1,X,X,1; 4; 18,1,,,,,
TBKBP1,ENSG00000198933	,47694081,47712050,17,(+),TBK1 binding protein 1,,X,1,0,,,,,
MIRLET7I,ENSG00000199179	,62603686,62603769,12,(+),microRNA let-7i,,X,1,0,,,,,
FCGR3A,ENSG00000203747	,161541759,161550737,1,(-),Fc gamma receptor IIIa,X,X,1; 4,1,,,,,
KIR3DL2,ENSG00000240403	,54850443,54867207,19,(+),"killer cell immunoglobulin like receptor, three Ig domains and long cytoplasmic tail 2",X,X,1; 18,1,,,,,
MIR29A,ENSG00000284032	,130876747,130876810,7,(-),microRNA 29a,,X,1,0,,,,,
MPO,ENSG00000005381,58269855,58280935,17,(-),myeloperoxidase,X,,1,0,,,,,
ITGAL,ENSG00000005844,30472719,30523185,16,(+),integrin subunit alpha L,X,X,2; 18,1,,,,,
PTGS2,ENSG00000073756,186671791,186680423,1,(-),prostaglandin-endoperoxide synthase 2,X,X,4,1,,,,,
ICAM1,ENSG00000090339,10271093,10286615,19,(+),intercellular adhesion molecule 1,X,X,16,1,,,,,
IL12RB1,ENSG00000096996,18058995,18098944,19,(-),interleukin 12 receptor subunit beta 1,X,,2; 16,0,,,,,
NELFCD,ENSG00000101158,58981208,58995133,20,(+),negative elongation factor complex member C/D,X,,18,0,,,,,
IL7,ENSG00000104432,78675743,78805523,8,(-),interleukin 7,X,X,2; 5,1,,,,,
TNFRSF10A,ENSG00000104689,23190452,23225102,8,(-),TNF receptor superfamily member 10a,X,X,2; 5,1,,,,,
RETN,ENSG00000104918,7669049,7670455,19,(+),resistin,X,X,2; 5,1,,,,,
TYK2,ENSG00000105397,10350529,10380572,19,(-),tyrosine kinase 2,X,X,16,1,,,,,
IL2,ENSG00000109471,122451470,122456725,4,(-),interleukin 2,X,X,1; 16,1,,,,,
IL4,ENSG00000113520,132673986,132682678,5,(+),interleukin 4,X,X,1; 16,1,,,,,
IL5,ENSG00000113525,132541445,132556838,5,(-),interleukin 5,X,X,2; 5,1,,,,,
CCRL2,ENSG00000121797,46407166,46412997,3,(+),C-C motif chemokine receptor like 2,X,X,2; 5,1,,,,,
IL17C,ENSG00000124391,88638572,88640468,16,(+),interleukin 17C,X,,12,0,,,,,
CHI3L1,ENSG00000133048,203178931,203186704,1,(-),chitinase 3 like 1,X,,15,0,,,,,
EGF,ENSG00000138798,109912883,110013766,4,(+),epidermal growth factor,X,X,2; 5,1,,,,,
JAK1,ENSG00000162434,64833229,65067754,1,(-),Janus kinase 1,X,,18,0,,,,,
ALB,ENSG00000163631,73397114,73421482,4,(+),albumin,X,X,2; 5,1,,,,,
NOD2,ENSG00000167207,50693588,50734041,16,(+),nucleotide binding oligomerization domain containing 2,X,X,1,1,,,,,
GPT,ENSG00000167701,144502973,144507174,8,(+),glutamic--pyruvic transaminase,X,X,2; 5,1,,,,,
IL13,ENSG00000169194,132656263,132661110,5,(+),interleukin 13,X,X,1; 16,1,,,,,
CD163,ENSG00000177575,7470813,7503893,12,(-),CD163 molecule,X,X,4,1,,,,,
CD28,ENSG00000178562,203706475,203738912,2,(+),CD28 molecule,X,X,18,1,,,,,
PRTN3,ENSG00000196415,840999,848175,19,(+),proteinase 3,X,X,2; 5,1,,,,,
MMP1,ENSG00000196611,102789919,102798160,11,(-),matrix metallopeptidase 1,X,X,2; 5,1,,,,,
IFNA1,ENSG00000197919,21440439,21441316,9,(+),interferon alpha 1,X,X,2; 5,1,,,,,
INS,ENSG00000254647,2159779,2161221,11,(-),insulin,X,X,2; 5,1,,,,,
PECAM1,ENSG00000261371,64319415,64413776,17,(-),platelet and endothelial cell adhesion molecule 1,X,,18,0,,,,,
CCL5,ENSG00000271503,35871491,35880793,17,(-),C-C motif chemokine ligand 5,X,X,18,1,,,,,
ACE,ENSG00000159640,63477061,63498380,17,(+),angiotensin I converting enzyme,X,X,1,1,,,,,
IL1RN,ENSG00000136689,113107214,113134016,2,(+),interleukin 1 receptor antagonist,X,X,1,1,,,,,
CD40LG,ENSG00000102245,136648158,136660390,X,(+),CD40 ligand,X,X,3; 18,1,,,,,
ZNF316,ENSG00000205903,6637318,6658279,7,(+),zinc finger protein 316,X,X,4,1,,,,,
TNFSF13B,ENSG00000102524,108251240,108308484,13,(+),TNF superfamily member 13b,X,X,3,1,,,,,
TNFRSF1B,ENSG00000028137,12166991,12209228,1,(+),TNF receptor superfamily member 1B,X,X,1; 4; 18,1,,,,,
EDNRA,ENSG00000151617,147480917,147544954,4,(+),endothelin receptor type A,X,X,2; 5,1,,,,,
FCGR2A,ENSG00000143226,161505430,161524013,1,(+),Fc gamma receptor IIa,X,X,4,1,,,,,
PTH,ENSG00000152266,13492054,13496181,11,(-),parathyroid hormone,X,X,2; 5,1,,,,,
S100A7,ENSG00000143556,153457744,153460651,1,(-),S100 calcium binding protein A7,X,,10,0,,,,,
ATP12A,ENSG00000075673,24680408,24712472,13,(+),ATPase H+/K+ transporting non-gastric alpha2 subunit,X,,2,0,,,,,
BMP2,ENSG00000125845,6767686,6780246,20,(+),bone morphogenetic protein 2,X,X,1,1,,,,,
MRPL22,ENSG00000082515,154941073,154969411,5,(+),mitochondrial ribosomal protein L22,X,X,5; 18,1,,,,,
CASP1,ENSG00000137752,105025443,105035250,11,(-),caspase 1,X,X,2; 18,1,,,,,
NCAM1,ENSG00000149294,112961247,113278436,11,(+),neural cell adhesion molecule 1,X,X,9,1,,,,,
BMP6,ENSG00000153162,7726099,7881728,6,(+),bone morphogenetic protein 6,,X,4,0,,,,,
FRZB,ENSG00000162998,182833275,182866637,2,(-),frizzled related protein,X,X,2; 5,1,,,,,
TAPBP,ENSG00000231925,33299694,33314387,6,(-),TAP binding protein,X,X,2; 4; 18,1,,,,,
PSMB9,ENSG00000240065,32844136,32859851,6,(+),proteasome 20S subunit beta 9,X,X,1; 18,1,,,,,
TPT1,ENSG00000133112,45333471,45341284,13,(-),"tumor protein, translationally-controlled 1",X,X,4; 5; 18,1,,,,,
RPL21,ENSG00000122026,27251309,27256691,13,(+),ribosomal protein L21,X,X,5; 18,1,,,,,
LMO7,ENSG00000136153,75620434,75859870,13,(+),LIM domain 7,X,X,2; 5,1,,,,,
PSME2,ENSG00000100911,24143362,24147570,14,(-),proteasome activator subunit 2,X,X,2; 18,1,,,,,
TGM1,ENSG00000092295,24249114,24264432,14,(-),transglutaminase 1,X,,2,0,,,,,
HEATR5A,ENSG00000129493,31291788,31420550,14,(-),HEAT repeat containing 5A,X,,2,0,,,,,
SPTSSA,ENSG00000165389,34432788,34462240,14,(-),serine palmitoyltransferase small subunit A,X,,2,0,,,,,
RPL36AL,ENSG00000165502,49618530,49620626,14,(-),ribosomal protein L36a like,X,X,4,1,,,,,
PYGL,ENSG00000100504,50857891,50944483,14,(-),glycogen phosphorylase L,X,X,2; 4,1,,,,,
MCL1,ENSG00000143384,150574551,150579738,1,(-),"MCL1 apoptosis regulator, BCL2 family member",X,X,4; 18,1,,,,,
DHRS7,ENSG00000100612,60144119,60169856,14,(-),dehydrogenase/reductase 7,X,,18,0,,,,,
GPX2,ENSG00000176153,64939152,64942905,14,(-),glutathione peroxidase 2,X,,2,0,,,,,
SPTLC2,ENSG00000100596,77505997,77616637,14,(-),serine palmitoyltransferase long chain base subunit 2,X,,2,0,,,,,
CDC42SE1,ENSG00000197622,151050971,151070325,1,(-),CDC42 small effector 1,X,,2; 18,0,,,,,
GPR68,ENSG00000119714,91232532,91253925,14,(-),G protein-coupled receptor 68,X,,2,0,,,,,
SERPINA1,ENSG00000197249,94376747,94390693,14,(-),serpin family A member 1,X,X,4; 15,1,,,,,
WARS1,ENSG00000140105,100333790,100376805,14,(-),tryptophanyl-tRNA synthetase 1,X,X,4,1,,,,,
ATP5MJ,ENSG00000156411 ,103912288,103928269,14,(-),ATP synthase membrane subunit j,X,X,5,1,,,,,
PNP,ENSG00000198805,20468954,20477089,14,(+),purine nucleoside phosphorylase,X,,18,0,,,,,
SLC39A2,ENSG00000165794,20999255,21001871,14,(+),solute carrier family 39 member 2,X,,2,0,,,,,
LCE3E,ENSG00000185966,152565654,152566780,1,(-),late cornified envelope 3E,X,,2,0,,,,,
SPRR2D,ENSG00000163216,153039732,153041931,1,(-),small proline rich protein 2D,X,,2,0,,,,,
SPRR2B,ENSG00000196805,153070224,153070840,1,(-),small proline rich protein 2B,X,,2,0,,,,,
SPRR2E,ENSG00000203785,153093135,153106184,1,(-),small proline rich protein 2E,X,,2,0,,,,,
PSMA6,ENSG00000100902,35278633,35317493,14,(+),proteasome 20S subunit alpha 6,X,,3; 18,0,,,,,
PSMC6,ENSG00000100519,52707178,52728590,14,(+),"proteasome 26S subunit, ATPase 6",X,,13; 18,0,,,,,
PGLYRP4,ENSG00000163218,153330120,153348841,1,(-),peptidoglycan recognition protein 4,X,,2,0,,,,,
PSMA3,ENSG00000100567,58244843,58272012,14,(+),proteasome 20S subunit alpha 3,X,X,4,1,,,,,
S100A2,ENSG00000196754	,153561108,153567890,1,(-),S100 calcium binding protein A2,X,,2; 3,0,,,,,
EIF2S1,ENSG00000134001,67360151,67386516,14,(+),eukaryotic translation initiation factor 2 subunit alpha,X,,18,0,,,,,
RDH12,ENSG00000139988	,67701886,67734451,14,(+),retinol dehydrogenase 12,X,,2,0,,,,,
FLVCR2,ENSG00000119686,75578620,75663214,14,(+),FLVCR choline and putative heme transporter 2,X,,2,0,,,,,
SLIRP,ENSG00000119705,77708071,77761104,14,(+),SRA stem-loop interacting RNA binding protein,X,X,5,1,,,,,
CALM3,ENSG00000160014,46601074,46610782,19,(+),calmodulin 3,X,X,4; 18,1,,,,,
OTUB2,ENSG00000089723,94026340,94048930,14,(+),"OTU deubiquitinase, ubiquitin aldehyde binding 2",X,,3,0,,,,,
IFI27,ENSG00000165949	,94104836,94116698,14,(+),interferon alpha inducible protein 27,X,,2,0,,,,,
PPP2R5C,ENSG00000078304,101761798,101927989,14,(+),protein phosphatase 2 regulatory subunit B'gamma,X,,18,0,,,,,
CHAC1,ENSG00000128965,40952962,40956512,15,(+),ChaC glutathione specific gamma-glutamylcyclotransferase 1,X,,2,0,,,,,
TRIM69,ENSG00000185880,44728988,44767829,15,(+),tripartite motif containing 69,X,X,2; 4,1,,,,,
DUOX1,ENSG00000137857	,45129933,45165576,15,(+),dual oxidase 1,X,,2,0,,,,,
C15orf48,ENSG00000166920	,45430529,45448761,15,(+),chromosome 15 open reading frame 48,X,X,2; 5,1,,,,,
SQOR,ENSG00000137767	,45631148,45691281,15,(+),sulfide quinone oxidoreductase,X,,3; 18,0,,,,,
TMOD3,ENSG00000138594	,51829628,51947295,15,(+),tropomodulin 3,X,X,4; 5,1,,,,,
NES,ENSG00000132688,156668763,156677407,1,(-),nestin,X,,2,0,,,,,
AIM2,ENSG00000163568	,159062484,159147096,1,(-),absent in melanoma 2,X,,3,0,,,,,
IDH3A,ENSG00000166411	,78131498,78171945,15,(+),isocitrate dehydrogenase (NAD(+)) 3 catalytic subunit alpha,X,X,2; 5,1,,,,,
PSMA4,ENSG00000041357,78540405,78552417,15,(+),proteasome 20S subunit alpha 4,X,,18,0,,,,,
TMED3,ENSG00000166557	,79311112,79427432,15,(+),transmembrane p24 trafficking protein 3,X,X,4,1,,,,,
ZFAND6,ENSG00000086666,80059568,80138393,15,(+),zinc finger AN1-type containing 6,X,X,4,1,,,,,
ABHD17C,ENSG00000136379	,80679684,80755621,15,(+),"abhydrolase domain containing 17C, depalmitoylase",X,,2,0,,,,,
FURIN,ENSG00000140564	,90868588,90883458,15,(+),"furin, paired basic amino acid cleaving enzyme",X,,2; 18,0,,,,,
NOP10,ENSG00000182117	,34341719,34343136,15,(-),NOP10 ribonucleoprotein,X,,18,0,,,,,
PLA2G4E,ENSG00000188089	,41981582,42051190,15,(-),phospholipase A2 group IVE,X,,2,0,,,,,
COPS2,ENSG00000166200	,49106068,49155661,15,(-),COP9 signalosome subunit 2,X,,18,0,,,,,
LEO1,ENSG00000166477	,51938025,51971778,15,(-),"LEO1 homolog, Paf1/RNA polymerase II complex component",X,,2,0,,,,,
PPIB,ENSG00000166794	,64155817,64163022,15,(-),peptidylprolyl isomerase B,X,,18,0,,,,,
RHCG,ENSG00000140519	,89471398,89496589,15,(-),Rh family C glycoprotein,X,,2,0,,,,,
CERS3,ENSG00000154227	,100400395,100544995,15,(-),ceramide synthase 3,X,,2,0,,,,,
SELENOS,ENSG00000131871	,101270817,101277500,15,(-),selenoprotein S,X,X,2; 4,1,,,,,
MSRB1,ENSG00000198736	,1938210,1943326,16,(-),methionine sulfoxide reductase B1,X,,2,0,,,,,
PRSS27,ENSG00000172382	,2712419,2720551,16,(-),serine protease 27,X,,2,0,,,,,
CARHSP1,ENSG00000153048	,8852942,8869012,16,(-),calcium regulated heat stable protein 1,X,,2; 18,0,,,,,
GDPD3,ENSG00000102886	,30104810,30113537,16,(-),glycerophosphodiester phosphodiesterase domain containing 3,X,,2,0,,,,,
PRSS53,ENSG00000151006	,31083425,31089628,16,(-),serine protease 53,X,,2,0,,,,,
PYCARD,ENSG00000103490	,31201486,31203450,16,(-),PYD and CARD domain containing,X,,2; 18,0,,,,,
DNAJA2,ENSG00000069345	,46955362,46973674,16,(-),DnaJ heat shock protein family (Hsp40) member A2,X,X,2; 4,1,,,,,
SIAH1,ENSG00000196470	,48356364,48448402,16,(-),siah E3 ubiquitin protein ligase 1,X,X,2; 4,1,,,,,
N4BP1,ENSG00000102921	,48538726,48620148,16,(-),NEDD4 binding protein 1,X,,2; 18,0,,,,,
CNGB1,ENSG00000070729	,57882340,57971128,16,(-),cyclic nucleotide gated channel subunit beta 1,X,,3,0,,,,,
GLUL,ENSG00000135821	,182378098,182392206,1,(-),glutamate-ammonia ligase,X,X,4; 18,1,,,,,
MLKL,ENSG00000168404	,74671855,74700960,16,(-),mixed lineage kinase domain like pseudokinase,X,,2,0,,,,,
MPHOSPH6,ENSG00000135698	,82147798,82170224,16,(-),M-phase phosphoprotein 6,X,,2,0,,,,,
ATP6V0C,ENSG00000185883	,2513952,2520218,16,(+),ATPase H+ transporting V0 subunit c,X,,18,0,,,,,
HMOX2,ENSG00000103415	,4474690,4510347,16,(+),heme oxygenase 2,X,,18,0,,,,,
TMC5,ENSG00000103534	,19410496,19499113,16,(+),transmembrane channel like 5,X,X,2; 4,1,,,,,
LYRM1,ENSG00000102897	,20899868,20925006,16,(+),LYR motif containing 1,X,,3,0,,,,,
IL4R,ENSG00000077238	,27313668,27364778,16,(+),interleukin 4 receptor,X,,2; 16,0,,,,,
HAS3,ENSG00000103044	,69105653,69118719,16,(+),hyaluronan synthase 3,X,,2,0,,,,,
SF3B3,ENSG00000189091	,70523791,70577670,16,(+),splicing factor 3b subunit 3,X,X,2; 4,1,,,,,
GABARAPL2,ENSG00000034713	,75566375,75577881,16,(+),GABA type A receptor associated protein like 2,X,X,4; 18,1,,,,,
SLC26A9,ENSG00000174502,205913048,205943460,1,(-),solute carrier family 26 member 9,X,,2,0,,,,,
YOD1,ENSG00000180667	,207043849,207052980,1,(-),YOD1 deubiquitinase,X,X,2; 4,1,,,,,
ALOX12B,ENSG00000179477	,8072636,8087716,17,(-),"arachidonate 12-lipoxygenase, 12R type",X,,2,0,,,,,
RNF222,ENSG00000189051	,8390704,8397826,17,(-),ring finger protein 222,X,,2,0,,,,,
PACC1,ENSG00000065600	,212363928,212414901,1,(-),proton activated chloride channel 1,X,,2,0,,,,,
DDX52,ENSG00000278053	,37609739,37643446,17,(-),DExD-box helicase 52,X,,2,0,,,,,
MRPL27,ENSG00000108826	,50367857,50373207,17,(-),mitochondrial ribosomal protein L27,X,,18,0,,,,,
TRIM25,ENSG00000121060	,56836387,56914080,17,(-),tripartite motif containing 25,X,,2,0,,,,,
ATP5PD,ENSG00000167863	,75038863,75046985,17,(-),ATP synthase peripheral stalk subunit d,X,,18,0,,,,,
PSMB6,ENSG00000142507	,4796144,4798502,17,(+),proteasome 20S subunit beta 6,X,X,5; 18,1,,,,,
TXNDC17,ENSG00000129235	,6640985,6644541,17,(+),thioredoxin domain containing 17,X,,18,0,,,,,
XAF1,ENSG00000132530	,6755447,6775647,17,(+),XIAP associated factor 1,X,X,2; 4; 18,1,,,,,
EIF4A1,ENSG00000161960	,7572824,7579006,17,(+),eukaryotic translation initiation factor 4A1,X,X,2; 5; 18,1,,,,,
RPL23A,ENSG00000198242	,28719985,28724359,17,(+),ribosomal protein L23a,X,X,5; 18,1,,,,,
TAF15,ENSG00000270647	,35713791,35864615,17,(+),TATA-box binding protein associated factor 15,X,,18,0,,,,,
PSMB3,ENSG00000277791	,38752741,38764225,17,(+),proteasome 20S subunit beta 3,X,,18,0,,,,,
GSDMA,ENSG00000167914	,39953263,39977768,17,(+),gasdermin A,X,,3,0,,,,,
RPL27,ENSG00000131469	,42998273,43002959,17,(+),ribosomal protein L27,X,X,5; 18,1,,,,,
NSF,ENSG00000073969	,46590669,46757464,17,(+),"N-ethylmaleimide sensitive factor, vesicle fusing ATPase",X,,2,0,,,,,
MYCBPAP,ENSG00000136449	,50508384,50531501,17,(+),MYCBP associated protein,X,X,6,1,,,,,
EPN3,ENSG00000049283	,50532682,50543750,17,(+),epsin 3,X,,2,0,,,,,
KPNA2,ENSG00000182481	,68035708,68046854,17,(+),karyopherin subunit alpha 2,X,,2; 18,0,,,,,
TMEM241,ENSG00000134490	,23197144,23437961,18,(-),transmembrane protein 241,X,,2,0,,,,,
DSC2,ENSG00000134755	,31058840,31102522,18,(-),desmocollin 2,X,,2,0,,,,,
INO80C,ENSG00000153391	,35452230,35497979,18,(-),INO80 complex subunit C,X,X,2; 4,1,,,,,
SSU72,ENSG00000160075	,1541673,1574863,1,(-),"SSU72 homolog, RNA polymerase II CTD phosphatase",X,X,2; 5,1,,,,,
SERPINB4,ENSG00000206073	,63637259,63644256,18,(-),serpin family B member 4,X,,2; 10; 11,0,,,,,
SERPINB3,ENSG00000057149,63655197,63661893,18,(-),serpin family B member 3,X,,2,0,,,,,
MYL12B,ENSG00000118680	,3261479,3278461,18,(+),myosin light chain 12B,X,,18,0,,,,,
RAB31,ENSG00000168461	,9708275,9862551,18,(+),"RAB31, member RAS oncogene family",X,,2,0,,,,,
DSG3,ENSG00000134757	,31447741,31478702,18,(+),desmoglein 3,X,,2,0,,,,,
SEC11C,ENSG00000166562	,59139866,59158832,18,(+),"SEC11 homolog C, signal peptidase complex subunit",X,,18,0,,,,,
SERPINB13,ENSG00000197641	,63586989,63604639,18,(+),serpin family B member 13,X,,2,0,,,,,
UQCR11,ENSG00000127540	,1597169,1605473,19,(-),"ubiquinol-cytochrome c reductase, complex III subunit XI",X,,18,0,,,,,
PLIN5,ENSG00000214456	,4522531,4535224,19,(-),perilipin 5,X,X,2; 5,1,,,,,
FUT3,ENSG00000171124	,5842888,5851474,19,(-),fucosyltransferase 3 (Lewis blood group),X,,2,0,,,,,
KRTDAP,ENSG00000188508	,35487324,35495558,19,(-),keratinocyte differentiation associated protein,X,,2,0,,,,,
CNFN,ENSG00000105427	,42387019,42390297,19,(-),cornifelin,X,,2,0,,,,,
PSG2,ENSG00000242221	,43064209,43083045,19,(-),pregnancy specific beta-1-glycoprotein 2,X,X,2; 5,1,,,,,
ERCC1,ENSG00000012061,45407334,45478828,19,(-),"ERCC excision repair 1, endonuclease non-catalytic subunit",X,,2,0,,,,,
AP2S1,ENSG00000042753	,46838136,46850846,19,(-),adaptor related protein complex 2 subunit sigma 1,X,,18,0,,,,,
AKT1S1,ENSG00000204673	,49869033,49878459,19,(-),AKT1 substrate 1,X,,2; 3,0,,,,,
KLK8,ENSG00000129455	,50996007,51002711,19,(-),kallikrein related peptidase 8,X,,2,0,,,,,
KLK9,ENSG00000213022	,51002508,51009634,19,(-),kallikrein related peptidase 9,X,,2,0,,,,,
KLK10,ENSG00000129451	,51012739,51020175,19,(-),kallikrein related peptidase 10,X,,2,0,,,,,
KLK13,ENSG00000167759	,51055626,51065114,19,(-),kallikrein related peptidase 13,X,,2,0,,,,,
VSIG10L,ENSG00000186806	,51331536,51342124,19,(-),V-set and immunoglobulin domain containing 10 like,X,,2,0,,,,,
ISG15,ENSG00000187608	,1001138,1014540,1,(+),ISG15 ubiquitin like modifier,X,,18,0,,,,,
RPS15,ENSG00000115268	,1438358,1440495,19,(+),ribosomal protein S15,X,X,4; 5; 18,1,,,,,
UBL5,ENSG00000198258	,9827892,9830115,19,(+),ubiquitin like 5,X,,18,0,,,,,
CALR,ENSG00000179218	,12938578,12944489,19,(+),calreticulin,X,X,4; 18,1,,,,,
IER2,ENSG00000160888        ,13150411,13154911,19,(+),immediate early response 2,X,,2,0,,,,,
ZSWIM4,ENSG00000132003	,13795460,13832230,19,(+),zinc finger SWIM-type containing 4,X,,2,0,,,,,
CYP4F22,ENSG00000171954	,15508525,15552317,19,(+),cytochrome P450 family 4 subfamily F member 22,X,X,2; 5,1,,,,,
FAM32A,ENSG00000105058	,16185380,16192046,19,(+),family with sequence similarity 32 member A,X,X,2; 4,1,,,,,
KCNK6,ENSG00000099337	,38319845,38332076,19,(+),potassium two pore domain channel subfamily K member 6,X,X,2; 4,1,,,,,
CEACAM5,ENSG00000105388	,41708585,41730433,19,(+),CEA cell adhesion molecule 5,X,X,2; 4,1,,,,,
RPS19,ENSG00000105372	,41860255,41872925,19,(+),ribosomal protein S19,X,X,4; 5; 18,1,,,,,
IGFL1,ENSG00000188293	,46229742,46231243,19,(+),IGF like family member 1,X,,2,0,,,,,
RPS5,ENSG00000083845	,58386400,58394806,19,(+),ribosomal protein S5,X,X,5; 18,1,,,,,
PDIA6,ENSG00000143870	,10783391,10837977,2,(-),protein disulfide isomerase family A member 6,X,,18,0,,,,,
RAB1A,ENSG00000138069	,65070696,65130331,2,(-),"RAB1A, member RAS oncogene family",X,X,2; 4,1,,,,,
SNRPG,ENSG00000143977	,70281362,70293740,2,(-),small nuclear ribonucleoprotein polypeptide G,X,X,5; 18,1,,,,,
DUSP11,ENSG00000144048	,73762184,73780157,2,(-),dual specificity phosphatase 11,X,,2,0,,,,,
SUCLG1,ENSG00000163541	,84423528,84460045,2,(-),succinate-CoA ligase GDP/ADP-forming subunit alpha,X,X,2; 5,1,,,,,
TXNDC9,ENSG00000115514	,99318982,99340702,2,(-),thioredoxin domain containing 9,X,X,2; 4,1,,,,,
RNF149,ENSG00000163162	,101271219,101308701,2,(-),ring finger protein 149,X,,2; 18,0,,,,,
NMI,ENSG00000123609	,151270470,151289894,2,(-),N-myc and STAT interactor,X,X,2; 4,1,,,,,
ATP5MC3,ENSG00000154518	,175176258,175184607,2,(-),ATP synthase membrane subunit c locus 3,X,X,4; 5; 18,1,,,,,
MICOS10,ENSG00000173436	,19484403,19629821,1,(+),mitochondrial contact site and cristae organizing system subunit 10,X,X,5; 18,1,,,,,
NDUFS1,ENSG00000023228	,206114817,206159509,2,(-),NADH:ubiquinone oxidoreductase core subunit S1,X,X,2; 4,1,,,,,
CMKLR2,ENSG00000183671 ,206175316,206218047,2,(-),chemerin chemokine-like receptor 2,X,,2,0,,,,,
PLA2G2F,ENSG00000158786	,20139323,20150381,1,(+),phospholipase A2 group IIF,X,,2,0,,,,,
ABCA12,ENSG00000144452	,214931542,215138626,2,(-),ATP binding cassette subfamily A member 12,X,,2,0,,,,,
CDC42,ENSG00000161973	,8729935,8745219,17,(+),cell division cycle 42,X,,18,0,,,,,
EPHA4,ENSG00000116106	,221418027,221574202,2,(-),EPH receptor A4,X,,2; 18,0,,,,,
RPL11,ENSG00000142676	,23691742,23696835,1,(+),ribosomal protein L11,X,X,5; 18,1,,,,,
RPS7,ENSG00000171863	,3575260,3580920,2,(+),ribosomal protein S7,X,X,4; 18,1,,,,,
SOX11,ENSG00000176887	,5692384,5701385,2,(+),SRY-box transcription factor 11,X,,3,0,,,,,
GRHL1,ENSG00000134317	,9951693,10002277,2,(+),grainyhead like transcription factor 1,X,,2,0,,,,,
SH3BGRL3,ENSG00000142669	,26280086,26281522,1,(+),SH3 domain binding glutamate rich protein like 3,X,X,4; 18,1,,,,,
CHAC2,ENSG00000143942	,53767804,53775196,2,(+),ChaC glutathione specific gamma-glutamylcyclotransferase 2,X,,2,0,,,,,
RPS27A,ENSG00000143947	,55231903,55235853,2,(+),ribosomal protein S27a,X,X,5; 18,1,,,,,
MXD1,ENSG00000059728	,69897688,69942945,2,(+),MAX dimerization protein 1,X,,2,0,,,,,
EIF5B,ENSG00000158417	,99337371,99401326,2,(+),eukaryotic translation initiation factor 5B,X,X,2; 5,1,,,,,
RPL31,ENSG00000071082	,101002229,101024032,2,(+),ribosomal protein L31,X,X,5; 18,1,,,,,
ACTR3,ENSG00000115091	,113890063,113962596,2,(+),actin related protein 3,X,,18,0,,,,,
DBI,ENSG00000155368	,119366921,119372560,2,(+),"diazepam binding inhibitor, acyl-CoA binding protein",X,,18,0,,,,,
KYNU,ENSG00000115919	,142877657,143055833,2,(+),kynureninase,X,,2; 10,0,,,,,
TANK,ENSG00000136560	,161136908,161236230,2,(+),TRAF family member associated NFKB activator,X,,18,0,,,,,
PPIG,ENSG00000138398	,169584344,169641406,2,(+),peptidylprolyl isomerase G,X,X,4,1,,,,,
HDAC1,ENSG00000116478	,32292083,32333635,1,(+),histone deacetylase 1,X,,2; 18,0,,,,,
NABP1,ENSG00000173559	,191678068,191741097,2,(+),nucleic acid binding protein 1,X,X,2; 5,1,,,,,
CFLAR,ENSG00000003402	,201116154,201176687,2,(+),CASP8 and FADD like apoptosis regulator,X,X,4; 18,1,,,,,
CASP10,ENSG00000003400	,201182898,201229406,2,(+),caspase 10,X,X,2; 4,1,,,,,
EEF1B2,ENSG00000114942	,206159585,206162928,2,(+),eukaryotic translation elongation factor 1 beta 2,X,,18,0,,,,,
UGT1A7,ENSG00000244122	,233681938,233773299,2,(+),UDP glucuronosyltransferase family 1 member A7,X,,2,0,,,,,
ZC3H12A,ENSG00000163874	,37474580,37484377,1,(+),zinc finger CCCH-type containing 12A,X,X,2; 4; 10,1,,,,,
SCLY,ENSG00000132330	,238060924,238099413,2,(+),selenocysteine lyase,X,,2,0,,,,,
NDUFS5,ENSG00000168653	,39026318,39034636,1,(+),NADH:ubiquinone oxidoreductase subunit S5,X,X,4; 5; 18,1,,,,,
EIF6,ENSG00000242372	,35278907,35284985,20,(-),eukaryotic translation initiation factor 6,X,X,2; 5,1,,,,,
SLPI,ENSG00000124107	,45252239,45254564,20,(-),secretory leukocyte peptidase inhibitor,X,,2,0,,,,,
ATP5F1E,ENSG00000124172	,59025475,59032345,20,(-),ATP synthase F1 subunit epsilon,X,,18,0,,,,,
PSMA7,ENSG00000101182	,62136733,62143440,20,(-),proteasome 20S subunit alpha 7,X,X,5; 18,1,,,,,
SMOX,ENSG00000088826	,4120980,4187747,20,(+),spermine oxidase,X,X,2; 4,1,,,,,
HM13,ENSG00000101294	,31514410,31577923,20,(+),histocompatibility minor 13,X,,2,0,,,,,
RAB5IF,ENSG00000101084	,36605779,36612557,20,(+),RAB5 interacting factor,X,,18,0,,,,,
TOP1,ENSG00000198900	,41028822,41124487,20,(+),DNA topoisomerase I,X,,2; 18,0,,,,,
CDH26,ENSG00000124215	,59958423,60034011,20,(+),cadherin 26,X,,2,0,,,,,
RPS21,ENSG00000171858	,62387103,62388520,20,(+),ribosomal protein S21,X,X,4; 5; 18,1,,,,,
DNAJC5,ENSG00000101152	,63895126,63936031,20,(+),DnaJ heat shock protein family (Hsp40) member C5,X,,2,0,,,,,
ATP5PF,ENSG00000154723	,25716503,25735673,21,(-),ATP synthase peripheral stalk subunit F6,X,X,5; 18,1,,,,,
CSTB,ENSG00000160213	,43772511,43776330,21,(-),cystatin B,X,,18,0,,,,,
RPS8,ENSG00000142937	,44775251,44778779,1,(+),ribosomal protein S8,X,X,5; 18,1,,,,,
MX1,ENSG00000157601	,41420304,41459214,21,(+),MX dynamin like GTPase 1,X,X,2; 4; 17; 18,1,,,,,
UQCRH,ENSG00000173660	,46303698,46316776,1,(+),ubiquinol-cytochrome c reductase hinge protein,X,X,5,1,,,,,
TPST2,ENSG00000128294	,26521996,26596717,22,(-),tyrosylprotein sulfotransferase 2,X,X,4; 18,1,,,,,
APOL2,ENSG00000128335	,36226209,36239954,22,(-),apolipoprotein L2,X,X,2; 4,1,,,,,
SCO2,ENSG00000284194	,50523568,50526461,22,(-),synthesis of cytochrome C oxidase 2,X,,2,0,,,,,
TYMP,ENSG00000025708	,50525752,50530032,22,(-),thymidine phosphorylase,X,X,2; 4; 18,1,,,,,
GJB6,ENSG00000121742	,20221962,20232365,13,(-),gap junction protein beta 6,X,X,2,1,,,,,
OAS2,ENSG00000111335	,112978395,113011723,12,(+),2'-5'-oligoadenylate synthetase 2,X,,2; 18,0,,,,,
OAS3,ENSG00000111331	,112938444,112973251,12,(+),2'-5'-oligoadenylate synthetase 3,X,,2,0,,,,,
OAS1,ENSG00000089127	,112906783,112933222,12,(+),2'-5'-oligoadenylate synthetase 1,X,,2; 18,0,,,,,
DENND2D,ENSG00000162777	,111185969,111204535,1,(-),DENN domain containing 2D,X,,18,0,,,,,
TXNRD1,ENSG00000198431,104215779,104350307,12,(+),thioredoxin reductase 1,X,,2,0,,,,,
PARPBP,ENSG00000185480,102120185,102197520,12,(+),PARP1 binding protein,X,,18,0,,,,,
PSMA5,ENSG00000143106,109399042,109426448,1,(-),proteasome 20S subunit alpha 5,X,X,5; 18,1,,,,,
ELK3,ENSG00000111145,96194375,96269824,12,(+),ETS transcription factor ELK3,X,,18,0,,,,,
NUDT4,ENSG00000173598,93377883,93408146,12,(+),nudix hydrolase 4,X,X,4,1,,,,,
RPL6,ENSG00000089009,112405190,112418838,12,(-),ribosomal protein L6,X,,18,0,,,,,
ARPC3,ENSG00000111229,110434582,110450422,12,(-),actin related protein 2/3 complex subunit 3,X,,18,0,,,,,
STN1,ENSG00000107960,103877569,103918184,10,(-),STN1 subunit of CST complex,X,,3; 18,0,,,,,
DOCK8,ENSG00000107099,214854,465259,9,(+),dedicator of cytokinesis 8,X,X,2; 4,1,,,,,
ARHGAP32,ENSG00000134909,128965060,129279324,11,(-),Rho GTPase activating protein 32,X,,2,0,,,,,
TMBIM6,ENSG00000139644,49707725,49764934,12,(+),transmembrane BAX inhibitor motif containing 6,X,X,4; 18,1,,,,,
RASAL1,ENSG00000111344,113096517,113136258,12,(-),RAS protein activator like 1,X,X,2; 6,1,,,,,
CREM,ENSG00000095794,35126791,35212958,10,(+),cAMP responsive element modulator,X,X,6; 18,1,,,,,
TREX2,ENSG00000183479,153444473,153470587,X,(-),three prime repair exonuclease 2,X,,2,0,,,,,
OASL,ENSG00000135114,121017763,121039246,12,(-),2'-5'-oligoadenylate synthetase like,X,,2; 18,0,,,,,
SLC25A5,ENSG00000005022,119468395,119471396,X,(+),solute carrier family 25 member 5,X,,18,0,,,,,
MUCL1,ENSG00000172551,54830518,54896008,12,(+),mucin like 1,X,X,2; 6,1,,,,,
CFB,ENSG00000243649,31945650,31952086,6,(+),complement factor B,X,,2; 3,0,,,,,
COX6C,ENSG00000164919,99873200,99893759,8,(-),cytochrome c oxidase subunit 6C,X,X,5; 18,1,,,,,
NDUFA4,ENSG00000189043,10931943,10940531,7,(-),NDUFA4 mitochondrial complex associated,X,,18,0,,,,,
COX7B,ENSG00000131174,77895727,77907376,X,(+),cytochrome c oxidase subunit 7B,X,X,5; 18,1,,,,,
A2ML1,ENSG00000166535,8822621,8887001,12,(+),alpha-2-macroglobulin like 1,X,,2,0,,,,,
TIGAR,ENSG00000078237,4307763,4360028,12,(+),TP53 induced glycolysis regulatory phosphatase,X,,2,0,,,,,
HCAR3,ENSG00000255398,122714756,122716811,12,(-),hydroxycarboxylic acid receptor 3,X,X,2; 6,1,,,,,
CKAP4,ENSG00000136026,106237880,106304279,12,(-),cytoskeleton associated protein 4,X,,2,0,,,,,
UBE2N,ENSG00000177889,93405673,93442258,12,(-),ubiquitin conjugating enzyme E2 N,X,,18,0,,,,,
RDH16,ENSG00000139547,56950087,56959374,12,(-),retinol dehydrogenase 16,X,,2; 3,0,,,,,
SDR9C7,ENSG00000170426,56923133,56934408,12,(-),short chain dehydrogenase/reductase family 9C member 7,X,,2,0,,,,,
NACA,ENSG00000196531,56712305,56731628,12,(-),nascent polypeptide associated complex subunit alpha,X,,18,0,,,,,
GBP1,ENSG00000117228,89051505,89072769,1,(-),guanylate binding protein 1,X,X,2; 4; 18,1,,,,,
GBP3,ENSG00000117226,89006666,89022894,1,(-),guanylate binding protein 3,X,X,2; 6,1,,,,,
INTS13,ENSG00000064102,26904250,26938331,12,(-),integrator complex subunit 13,X,,2,0,,,,,
PLBD1,ENSG00000121316,14503660,14567913,12,(-),phospholipase B domain containing 1,X,,2,0,,,,,
CLEC7A,ENSG00000172243,10116777,10130258,12,(-),C-type lectin domain containing 7A,X,X,2; 4,1,,,,,
SCNN1A,ENSG00000111319,6346843,6383917,12,(-),sodium channel epithelial 1 subunit alpha,X,,2,0,,,,,
GNG5,ENSG00000174021,84498284,84507237,1,(-),G protein subunit gamma 5,X,,18,0,,,,,
TMEM45B,ENSG00000151715,129815791,129861265,11,(+),transmembrane protein 45B,X,X,2; 4,1,,,,,
NLRX1,ENSG00000160703,119166481,119184017,11,(+),NLR family member X1,X,,2,0,,,,,
TMPRSS4,ENSG00000137648,118077012,118125510,11,(+),transmembrane serine protease 4,X,X,2; 4,1,,,,,
HTR3A,ENSG00000166736,113975075,113990313,11,(+),5-hydroxytryptamine receptor 3A,X,,2,0,,,,,
HEPHL1,ENSG00000181333,94021354,94114208,11,(+),hephaestin like 1,X,,2,0,,,,,
C9orf85,ENSG00000155621,71911457,71986054,9,(+),chromosome 9 open reading frame 85,X,,3,0,,,,,
SMPD1,ENSG00000166311,6390414,6394998,11,(+),sphingomyelin phosphodiesterase 1,X,,2,0,,,,,
GGH,ENSG00000137563,63014881,63039407,8,(-),gamma-glutamyl hydrolase,X,,2; 18,0,,,,,
TALDO1,ENSG00000177156,747399,765035,11,(+),transaldolase 1,X,X,4; 18,1,,,,,
SSNA1,ENSG00000176101,137188657,137190370,9,(+),SS nuclear autoantigen 1,X,X,5; 18,1,,,,,
RPS6KA4,ENSG00000162302,64359142,64372215,11,(+),ribosomal protein S6 kinase A4,X,,2,0,,,,,
EHF,ENSG00000135373,34617044,34663386,11,(+),ETS homologous factor,X,,2,0,,,,,
ZDHHC13,ENSG00000177054,19117099,19177712,11,(+),zinc finger DHHC-type palmitoyltransferase 13,X,,2,0,,,,,
NUCB2,ENSG00000070081,17208072,17349980,11,(+),nucleobindin 2,X,,18,0,,,,,
TRIM22,ENSG00000132274,5689610,5737089,11,(+),tripartite motif containing 22,X,X,2; 18,1,,,,,
ACRV1,ENSG00000134940,125671522,125680874,11,(-),acrosomal vesicle protein 1,X,,2,0,,,,,
HSPA8,ENSG00000109971,123057485,123063230,11,(-),heat shock protein family A (Hsp70) member 8,X,X,5; 18,1,,,,,
CASP5,ENSG00000137757,104992636,105023168,11,(-),caspase 5,X,,2,0,,,,,
TIMM8B,ENSG00000150779,112084800,112086798,11,(-),translocase of inner mitochondrial membrane 8 homolog B,X,X,5,1,,,,,
RAB38,ENSG00000123892,88113251,88175443,11,(-),"RAB38, member RAS oncogene family",X,,2,0,,,,,
TCN1,ENSG00000134827,59852800,59866489,11,(-),transcobalamin 1,X,,2; 11,0,,,,,
NLRP10,ENSG00000182261,7957537,7965447,11,(-),NLR family pyrin domain containing 10,X,,2,0,,,,,
CTSD,ENSG00000117984,1752752,1764573,11,(-),cathepsin D,X,,2; 18,0,,,,,
TTC39A,ENSG00000085831,51287258,51345116,1,(-),tetratricopeptide repeat domain 39A,X,,2,0,,,,,
GSTO1,ENSG00000148834,104235356,104267461,10,(+),glutathione S-transferase omega 1,X,,18,0,,,,,
R3HCC1L,ENSG00000166024,98134608,98245624,10,(+),R3H domain and coiled-coil containing 1 like,X,,2,0,,,,,
IFIT1,ENSG00000185745,89392546,89406487,10,(+),interferon induced protein with tetratricopeptide repeats 1,X,,17,0,,,,,
IFIT3,ENSG00000119917,89327307,89377473,10,(+),interferon induced protein with tetratricopeptide repeats 3,X,X,2,1,,,,,
VDAC2,ENSG00000165637,75209983,75231456,10,(+),voltage dependent anion channel 2,X,X,5,1,,,,,
DDX21,ENSG00000165732,68956135,68985072,10,(+),DExD-box helicase 21,X,,18,0,,,,,
PDZK1IP1,ENSG00000162366,47183582,47191398,1,(-),PDZK1 interacting protein 1,X,X,2; 4; 10,1,,,,,
RAB18,ENSG00000099246,27504174,27545117,10,(+),"RAB18, member RAS oncogene family",X,,18,0,,,,,
MASTL,ENSG00000120539,27154425,27187953,10,(+),microtubule associated serine/threonine kinase like,X,,18,0,,,,,
ATP5MK,ENSG00000173915,103388991,103396492,10,(-),ATP synthase membrane subunit k,X,X,5; 18,1,,,,,
BLNK,ENSG00000095585,96189171,96272658,10,(-),B cell linker,X,,2,0,,,,,
RPL22,ENSG00000116251,6185020,6209389,1,(-),ribosomal protein L22,X,,18,0,,,,,
LRRC20,ENSG00000172731,70298970,70382650,10,(-),leucine rich repeat containing 20,X,,2,0,,,,,
SAR1A,ENSG00000079332,70147289,70170905,10,(-),secretion associated Ras related GTPase 1A,X,X,2; 6,1,,,,,
CD24,ENSG00000272398,106969831,106975627,6,(-),CD24 molecule,X,X,2; 4; 5; 9,1,,,,,
SH3KBP1,ENSG00000147010,19533977,19887650,X,(-),SH3 domain containing kinase binding protein 1,X,,18,0,,,,,
RPL10,ENSG00000147403,154389955,154409168,X,(+),ribosomal protein L10,X,X,5; 18,1,,,,,
NDUFA1,ENSG00000125356,119871796,119876689,X,(+),NADH:ubiquinone oxidoreductase subunit A1,X,,18,0,,,,,
SLC6A14,ENSG00000268104,116436606,116461458,X,(+),solute carrier family 6 member 14,X,X,2; 4,1,,,,,
BEX3,ENSG00000166681,103376299,103378301,X,(+),brain expressed X-linked 3,X,,18,0,,,,,
RPL36A-HNRNPH2,ENSG00000257529,101391011,101412297,X,(+),RPL36A-HNRNPH2 readthrough,X,X,2; 4,1,,,,,
GK,ENSG00000198814,30653359,30731462,X,(+),glycerol kinase,X,,3,0,,,,,
ARSF,ENSG00000062096,3040235,3112822,X,(+),arylsulfatase F,X,,2,0,,,,,
HSPA5,ENSG00000044574,125234853,125241382,9,(-),heat shock protein family A (Hsp70) member 5,X,X,2; 4,1,,,,,
SHOC1,ENSG00000165181,111686171,111795008,9,(-),shortage in chiasmata 1,X,,2,0,,,,,
ERP44,ENSG00000023318,99979185,100099052,9,(-),endoplasmic reticulum protein 44,X,X,4,1,,,,,
TOMM5,ENSG00000175768,37582646,37592609,9,(-),translocase of outer mitochondrial membrane 5,X,X,4; 18,1,,,,,
TTC39B,ENSG00000155158,15163622,15307360,9,(-),tetratricopeptide repeat domain 39B,X,X,6; 18,1,,,,,
ZDHHC21,ENSG00000175893,14586766,14693737,9,(-),zinc finger DHHC-type palmitoyltransferase 21,X,,2,0,,,,,
OLFM1,ENSG00000130558,135075422,135121180,9,(+),olfactomedin 1,X,,2,0,,,,,
ATP6V1G1,ENSG00000136888,114587706,114598915,9,(+),ATPase H+ transporting V1 subunit G1,X,,18,0,,,,,
SEC61B,ENSG00000106803,99222064,99230615,9,(+),SEC61 translocon subunit beta,X,,18,0,,,,,
SYK,ENSG00000165025,90801579,90898549,9,(+),spleen associated tyrosine kinase,X,,2,0,,,,,
CTSL,ENSG00000135047,87724051,87731469,9,(+),cathepsin L,X,,3; 16,0,,,,,
GDA,ENSG00000119125,72114595,72257193,9,(+),guanine deaminase,X,,2,0,,,,,
PRSS3,ENSG00000010438,33750679,33799231,9,(+),serine protease 3,X,,2,0,,,,,
RRAGA,ENSG00000155876,19049427,19051025,9,(+),Ras related GTP binding A,X,X,2; 4,1,,,,,
FAM83A,ENSG00000147689,123178960,123210079,8,(+),family with sequence similarity 83 member A,X,,2,0,,,,,
CALML5,ENSG00000178372,5498697,5499570,10,(-),calmodulin like 5,X,,2,0,,,,,
RGS20,ENSG00000147509,53851795,53959303,8,(+),regulator of G protein signaling 20,X,,2,0,,,,,
LEPROTL1,ENSG00000104660,30095408,30177208,8,(+),leptin receptor overlapping transcript like 1,X,,2; 18,0,,,,,
BNIP3L,ENSG00000104765,26383037,26505636,8,(+),BCL2 interacting protein 3 like,X,X,4; 18,1,,,,,
SH2D4A,ENSG00000104611,19313693,19396695,8,(+),SH2 domain containing 4A,X,,2,0,,,,,
FDFT1,ENSG00000079459,11795570,11839500,8,(+),farnesyl-diphosphate farnesyltransferase 1,X,X,4,1,,,,,
SLURP1,ENSG00000126233,142740949,142742406,8,(-),secreted LY6/PLAUR domain containing 1,X,X,6,1,,,,,
YWHAZ,ENSG00000164924,100916523,100953388,8,(-),tyrosine 3-monooxygenase/tryptophan 5-monooxygenase activation protein zeta,X,X,4; 18,1,,,,,
UQCRB,ENSG00000156467,96222947,96235564,8,(-),ubiquinol-cytochrome c reductase binding protein,X,X,5; 18,1,,,,,
RPL7,ENSG00000147604,73290242,73295789,8,(-),ribosomal protein L7,X,X,4; 18,1,,,,,
TRAM1,ENSG00000067167,70573218,70608449,8,(-),translocation associated membrane protein 1,X,,4,0,,,,,
PLAT,ENSG00000104368,42174718,42207709,8,(-),"plasminogen activator, tissue type",X,,3,0,,,,,
SOX7,ENSG00000171056,10723768,10730511,8,(-),SRY-box transcription factor 7,X,,2,0,,,,,
AASS,ENSG00000008311,122064583,122144489,7,(-),aminoadipate-semialdehyde synthase,X,,2,0,,,,,
PON2,ENSG00000105854,95404861,95435389,7,(-),paraoxonase 2,X,,2,0,,,,,
SAMD9,ENSG00000205413,93099513,93118023,7,(-),sterile alpha motif domain containing 9,X,X,2; 4; 18,1,,,,,
STEAP4,ENSG00000127954,88270892,88307010,7,(-),STEAP4 metalloreductase,X,,2,0,,,,,
GGCT,ENSG00000006625,30496620,30504850,7,(-),gamma-glutamylcyclotransferase,X,X,2; 5; 18,1,,,,,
DNAJB6,ENSG00000105993,157335381,157417440,7,(+),DnaJ heat shock protein family (Hsp40) member B6,X,X,2; 4; 18,1,,,,,
CYCS,ENSG00000172115,25118656,25125266,7,(-),"cytochrome c, somatic",X,X,4; 18,1,,,,,
ELF3,ENSG00000163435,202007945,202017183,1,(+),E74 like ETS transcription factor 3,X,,2,0,,,,,
SPRR1B,ENSG00000169469,153031203,153032900,1,(+),small proline rich protein 1B,X,,2,0,,,,,
SPRR3,ENSG00000163209,153001747,153003856,1,(+),small proline rich protein 3,X,,2; 11,0,,,,,
NT5C3A,ENSG00000122643,33014113,33062824,7,(-),"5'-nucleotidase, cytosolic IIIA",X,X,2; 4,1,,,,,
HHAT,ENSG00000054392,210328252,210676298,1,(+),hedgehog acyltransferase,X,X,2; 5,1,,,,,
PSMC2,ENSG00000161057,103328570,103370346,7,(+),"proteasome 26S subunit, ATPase 2",X,X,4; 18,1,,,,,
AKR1B15,ENSG00000227471,134549110,134579875,7,(+),aldo-keto reductase family 1 member B15,X,,2,0,,,,,
PPARD,ENSG00000112033,35342530,35428193,6,(+),peroxisome proliferator activated receptor delta,X,X,2; 4,1,,,,,
TCAF2,ENSG00000170379,143620952,143730410,7,(+),TRPM8 channel associated factor 2,X,,2,0,,,,,
C7orf57,ENSG00000164746,48035501,48061304,7,(+),chromosome 7 open reading frame 57,X,X,2; 5,1,,,,,
RABGEF1,ENSG00000154710,66682105,66811464,7,(+),RAB guanine nucleotide exchange factor 1,X,X,2; 4,1,,,,,
UQCRQ,ENSG00000164405,132866626,132868847,5,(+),ubiquinol-cytochrome c reductase complex III subunit VII,X,X,5; 18,1,,,,,
UPP1,ENSG00000183696,48088628,48108736,7,(+),uridine phosphorylase 1,X,,2; 18,0,,,,,
HYAL4,ENSG00000106302,123828955,123877481,7,(+),hyaluronidase 4,X,X,2; 6,1,,,,,
CCDC167,ENSG00000198937,37482920,37499894,6,(-),coiled-coil domain containing 167,X,,18,0,,,,,
CITED2,ENSG00000164442,139371807,139375909,6,(-),Cbp/p300 interacting transactivator with Glu/Asp rich carboxy-terminal domain 2,X,X,4; 18,1,,,,,
AKR1B10,ENSG00000198074,134527567,134541412,7,(+),aldo-keto reductase family 1 member B10,X,,2,0,,,,,
CD36,ENSG00000135218,80369532,80679277,7,(+),CD36 molecule (CD36 blood group),X,X,2; 4,1,,,,,
AK2,ENSG00000004455,33007986,33080996,1,(-),adenylate kinase 2,X,,2; 18,0,,,,,
TIMM17A,ENSG00000134375,201955476,201970664,1,(+),translocase of inner mitochondrial membrane 17A,X,X,3; 5,1,,,,,
PSMB1,ENSG00000008018,170535116,170553327,6,(-),proteasome 20S subunit beta 1,X,,18,0,,,,,
RAET1G,ENSG00000203722,149916878,149923121,6,(-),retinoic acid early transcript 1G,X,,2,0,,,,,
HDAC2,ENSG00000196591,113933028,114011308,6,(-),histone deacetylase 2,X,,18,0,,,,,
GTPBP2,ENSG00000172432,43605316,43629264,6,(-),GTP binding protein 2,X,,2,0,,,,,
CCND3,ENSG00000112576,41934934,42050357,6,(-),cyclin D3,X,X,4; 18,1,,,,,
UBE2L3,ENSG00000185651,21549447,21624034,22,(+),ubiquitin conjugating enzyme E2 L3,X,,18,0,,,,,
UQCR10,ENSG00000184076,29767369,29770413,22,(+),"ubiquinol-cytochrome c reductase, complex III subunit X",X,,18,0,,,,,
SEC14L2,ENSG00000100003,30396941,30425303,22,(+),SEC14 like lipid binding 2,X,X,3; 6,1,,,,,
SLC35E4,ENSG00000100036,30635781,30669016,22,(+),solute carrier family 35 member E4,X,,2,0,,,,,
SLC5A1,ENSG00000100170,32043050,32113029,22,(+),solute carrier family 5 member 1,X,,2,0,,,,,
APOL6,ENSG00000221963,35648386,35668404,22,(+),apolipoprotein L6,X,X,2; 18,1,,,,,
APOL1,ENSG00000100342,36253071,36267530,22,(+),apolipoprotein L1,X,X,2; 6,1,,,,,
SGSM3,ENSG00000100359,40370564,40410289,22,(+),small G protein signaling modulator 3,X,,18,0,,,,,
RPL15,ENSG00000174748,23916591,23924374,3,(+),ribosomal protein L15,X,X,4; 18,1,,,,,
RPL14,ENSG00000188846,40457292,40468587,3,(+),ribosomal protein L14,X,X,5; 18,1,,,,,
MAPKAPK3,ENSG00000114738,50611487,50651017,3,(+),MAPK activated protein kinase 3,X,,2,0,,,,,
MANF,ENSG00000145050,51385291,51389397,3,(+),mesencephalic astrocyte derived neurotrophic factor,X,X,4; 5,1,,,,,
GNL3,ENSG00000163938,52681156,52696160,3,(+),G protein nucleolar 3,X,,2; 13,0,,,,,
TMEM45A,ENSG00000181458,100492219,100579281,3,(+),transmembrane protein 45A,X,X,3; 6,1,,,,,
FAM162A,ENSG00000114023,122384161,122412334,3,(+),family with sequence similarity 162 member A,X,,2,0,,,,,
PLS1,ENSG00000120756,142595644,142713869,3,(+),plastin 1,X,X,2; 5,1,,,,,
IFI44,ENSG00000137965,78647078,78664412,1,(+),interferon induced protein 44,X,,2; 3; 17; 18,0,,,,,
ADGRL2,ENSG00000117114,81306112,81993940,1,(+),adhesion G protein-coupled receptor L2,X,X,2; 4,1,,,,,
FBXO45,ENSG00000174013,196568611,196589059,3,(+),F-box protein 45,X,,2,0,,,,,
RPL35A,ENSG00000182899,197950000,197956610,3,(+),ribosomal protein L35a,X,X,5; 18,1,,,,,
TMEM40,ENSG00000088726,12733528,12769457,3,(-),transmembrane protein 40,X,,2,0,,,,,
CLCA2,ENSG00000137975,86424171,86456553,1,(+),chloride channel accessory 2,X,,2,0,,,,,
CSRNP1,ENSG00000144655,39141854,39154852,3,(-),cysteine and serine rich nuclear protein 1,X,,18,0,,,,,
HIGD1A,ENSG00000181061,42782908,42804527,3,(-),HIG1 hypoxia inducible domain family member 1A,X,,2,0,,,,,
NAA50,ENSG00000121579,113716458,113746786,3,(-),"N-alpha-acetyltransferase 50, NatE catalytic subunit",X,,18,0,,,,,
MIX23,ENSG00000160124,122359587,122383239,3,(-),mitochondrial matrix import factor 23,X,X,4; 18,1,,,,,
PLSCR1,ENSG00000188313,146511858,146544862,3,(-),phospholipid scramblase 1,X,,2,0,,,,,
SSR3,ENSG00000114850,156539553,156559474,3,(-),signal sequence receptor subunit 3,X,,18,0,,,,,
SPTSSB,ENSG00000196542,161344798,161372880,3,(-),serine palmitoyltransferase small subunit B,X,X,2; 6,1,,,,,
MRPL47,ENSG00000136522,179582420,179604659,3,(-),mitochondrial ribosomal protein L47,X,X,5; 13,1,,,,,
WDR53,ENSG00000185798,196552228,196569263,3,(-),WD repeat domain 53,X,,2,0,,,,,
MYL5,ENSG00000215375,673521,682033,4,(+),myosin light chain 5,X,,3,0,,,,,
S100P,ENSG00000163993,6693878,6697170,4,(+),S100 calcium binding protein P,X,X,3; 6,1,,,,,
PGM2,ENSG00000169299,37826660,37863028,4,(+),phosphoglucomutase 2,X,,2,0,,,,,
CHRNA9,ENSG00000174343,40335333,40355217,4,(+),cholinergic receptor nicotinic alpha 9 subunit,X,,2,0,,,,,
TMEM165,ENSG00000134851,55395652,55453397,4,(+),transmembrane protein 165,X,,2,0,,,,,
EREG,ENSG00000124882,74365145,74388749,4,(+),epiregulin,X,X,2; 4,1,,,,,
CCNG2,ENSG00000138764,77157207,77433388,4,(+),cyclin G2,X,,18,0,,,,,
CHI3L2,ENSG00000064886,111200771,111243440,1,(+),chitinase 3 like 2,X,,2; 18,0,,,,,
HERC6,ENSG00000138642,88378739,88443098,4,(+),HECT and RLD domain containing E3 ubiquitin protein ligase family member 6,X,X,2; 6,1,,,,,
RPL34,ENSG00000109475,108620508,108632886,4,(+),ribosomal protein L34,X,X,5; 18,1,,,,,
HSPA4L,ENSG00000164070,127781821,127840733,4,(+),heat shock protein family A (Hsp70) member 4 like,X,,2,0,,,,,
CLCN3,ENSG00000109572,169612438,169723673,4,(+),chloride voltage-gated channel 3,X,X,2; 3; 4,1,,,,,
SPCS3,ENSG00000129128,176319966,176332245,4,(+),signal peptidase complex subunit 3,X,X,4; 18,1,,,,,
WDR1,ENSG00000071127,10068089,10116988,4,(-),WD repeat domain 1,X,X,4; 18,1,,,,,
TMPRSS11D,ENSG00000153802,67820876,67884002,4,(-),transmembrane serine protease 11D,X,,2,0,,,,,
HPSE,ENSG00000173083,83292461,83335153,4,(-),heparanase,X,,2; 3,0,,,,,
RBM8A,ENSG00000265241,145921065,145928067,1,(-),RNA binding motif protein 8A,X,,18,0,,,,,
EIF4E,ENSG00000151247,98878761,98929150,4,(-),eukaryotic translation initiation factor 4E,X,,2,0,,,,,
TNIP3,ENSG00000050730,121131408,121227615,4,(-),TNFAIP3 interacting protein 3,X,,2; 11,0,,,,,
SLC7A11,ENSG00000151012,138164097,138242349,4,(-),solute carrier family 7 member 11,X,X,2; 5,1,,,,,
IFI6,ENSG00000126709,27666064,27672212,1,(-),interferon alpha inducible protein 6,X,X,2; 18,1,,,,,
TMEM154,ENSG00000170006,152618628,152680012,4,(-),transmembrane protein 154,X,,2,0,,,,,
DDX60,ENSG00000137628,168216291,168318883,4,(-),DExD/H-box helicase 60,X,X,4; 18,1,,,,,
HPGD,ENSG00000164120,174490175,174523154,4,(-),15-hydroxyprostaglandin dehydrogenase,X,,3; 18,0,,,,,
LCE3C,ENSG00000244057,152600234,152601086,1,(+),late cornified envelope 3C,X,,1,0,,,,,
ELOVL7,ENSG00000164181,60751791,60844274,5,(-),ELOVL fatty acid elongase 7,X,,2,0,,,,,
IVL,ENSG00000163207,152908546,152911886,1,(+),involucrin,X,,2,0,,,,,
TBCA,ENSG00000171530,77691166,77868780,5,(-),tubulin folding cofactor A,X,X,2; 4,1,,,,,
PRR9,ENSG00000203783,153217584,153219310,1,(+),proline rich 9,X,X,3; 6,1,,,,,
RPS23,ENSG00000186468,82273320,82278414,5,(-),ribosomal protein S23,X,,18,0,,,,,
TMEM167A,ENSG00000174695,83052846,83077863,5,(-),transmembrane protein 167A,X,,3; 18,0,,,,,
GLRX,ENSG00000173221,95751319,95822734,5,(-),glutaredoxin,X,,18,0,,,,,
ELL2,ENSG00000118985,95885098,95961871,5,(-),elongation factor for RNA polymerase II 2,X,,2,0,,,,,
PTAFR,ENSG00000169403,28147166,28194083,1,(-),platelet activating factor receptor,X,,2,0,,,,,
FDPS,ENSG00000160752,155304786,155320666,1,(+),farnesyl diphosphate synthase,X,,18,0,,,,,
SAR1B,ENSG00000152700,134601149,134649271,5,(-),secretion associated Ras related GTPase 1B,X,X,3; 4,1,,,,,
HBEGF,ENSG00000113070,140332843,140346614,5,(-),heparin binding EGF like growth factor,X,,3,0,,,,,
FCHSD1,ENSG00000197948,141639302,141651430,5,(-),FCH and double SH3 domains 1,X,,2,0,,,,,
RAB25,ENSG00000132698,156061148,156070514,1,(+),"RAB25, member RAS oncogene family",X,,2,0,,,,,
CSNK1A1,ENSG00000113712,149492982,149551471,5,(-),casein kinase 1 alpha 1,X,X,2; 4,1,,,,,
ATOX1,ENSG00000177556,151738084,151772532,5,(-),antioxidant 1 copper chaperone,X,X,2; 4,1,,,,,
FBXW11,ENSG00000072803,171861548,172006873,5,(-),F-box and WD repeat domain containing 11,X,,2,0,,,,,
IFI16,ENSG00000163565,158999953,159055156,1,(+),interferon gamma inducible protein 16,X,X,2; 4; 18,1,,,,,
SUB1,ENSG00000113387,32531633,32604507,5,(+),SUB1 regulator of transcription,X,X,5; 18,1,,,,,
CARD6,ENSG00000132357,40841308,40860175,5,(+),caspase recruitment domain family member 6,X,,2,0,,,,,
MAST4,ENSG00000069020,66596380,67169593,5,(+),microtubule associated serine/threonine kinase family member 4,X,,2; 3,0,,,,,
CCNB1,ENSG00000134057,69167004,69178372,5,(+),cyclin B1,X,,2; 18,0,,,,,
HMGCR,ENSG00000113161,75336329,75364241,5,(+),3-hydroxy-3-methylglutaryl-CoA reductase,X,X,3; 4,1,,,,,
COX7C,ENSG00000127184,86617905,86621246,5,(+),cytochrome c oxidase subunit 7C,X,X,5; 18,1,,,,,
POLR3G,ENSG00000113356,90471748,90514559,5,(+),RNA polymerase III subunit G,X,,2,0,,,,,
CAST,ENSG00000153113,95962001,96631085,5,(+),calpastatin,X,X,4; 18,1,,,,,
TNFAIP8,ENSG00000145779,119268692,119399688,5,(+),TNF alpha induced protein 8,X,X,5; 18,1,,,,,
HSD17B4,ENSG00000133835,119452465,119637199,5,(+),hydroxysteroid 17-beta dehydrogenase 4,X,X,2; 4,1,,,,,
ATP1B1,ENSG00000143153,169105697,169310992,1,(+),ATPase Na+/K+ transporting subunit beta 1,X,,2,0,,,,,
GM2A,ENSG00000196743,151212150,151270440,5,(+),ganglioside GM2 activator,X,,2,0,,,,,
HRH2,ENSG00000113749,175657797,175710756,5,(+),histamine receptor H2,X,,2,0,,,,,
AIF1,ENSG00000204472,31615217,31617021,6,(+),allograft inflammatory factor 1,X,,18,0,,,,,
GTF3C6,ENSG00000155115,110958477,110968586,6,(+),general transcription factor IIIC subunit 6,X,X,2; 5; 18,1,,,,,
NCOA7,ENSG00000111912,125780943,125932034,6,(+),nuclear receptor coactivator 7,X,X,2; 3; 4; 18,1,,,,,
ARG1,ENSG00000118520,131470832,131584332,6,(+),arginase 1,X,,2,0,,,,,
ULBP2,ENSG00000131015,149942014,149949235,6,(+),UL16 binding protein 2,X,,2,0,,,,,
SERPINB1,ENSG00000021355,2832332,2842001,6,(-),serpin family B member 1,X,X,2; 4,1,,,,,
SSR1,ENSG00000124783,7268306,7347446,6,(-),signal sequence receptor subunit 1,X,X,2; 4,1,,,,,
TDP2,ENSG00000111802,24649978,24666930,6,(-),tyrosyl-DNA phosphodiesterase 2,X,,2,0,,,,,
FKBPL,ENSG00000204315,32128697,32131070,6,(-),FKBP prolyl isomerase like,X,,2,0,,,,,
SRPK1,ENSG00000096063,35832966,35921342,6,(-),SRSF protein kinase 1,X,,2,0,,,,,
GPR65,ENSG00000140030,88005135,88014811,14,(+),G protein-coupled receptor 65,X,X,16; 18,1,,,,,
GPR35,ENSG00000178623,240605430,240633159,2,(+),G protein-coupled receptor 35,X,X,3; 6,1,,,,,
BACH2,ENSG00000112182,89926528,90296923,6,(-),BTB domain and CNC homolog 2,X,,18,0,,,,,
ZMIZ1,ENSG00000108175,79068929,79316550,10,(+),zinc finger MIZ-type containing 1,X,X,2; 4,1,,,,,
RPS6KB1,ENSG00000108443,59893046,59950574,17,(+),ribosomal protein S6 kinase B1,X,X,3; 6,1,,,,,
ADAMTS9,ENSG00000163638,64515654,64688000,3,(-),ADAM metallopeptidase with thrombospondin type 1 motif 9,X,X,2; 5,1,,,,,
LILRB2,ENSG00000131042,54273812,54281184,19,(-),leukocyte immunoglobulin like receptor B2,X,X,2; 4,1,,,,,
MCAM,ENSG00000076706,119307972,119321521,11,(-),melanoma cell adhesion molecule,X,X,3; 16,1,,,,,
STAT4,ENSG00000138378,191029570,191178435,2,(-),signal transducer and activator of transcription 4,X,,18,0,,,,,
IRS1,ENSG00000169047,226731312,226799820,2,(-),insulin receptor substrate 1,X,X,3; 6,1,,,,,
VIM,ENSG00000026025,17228241,17237593,10,(+),vimentin,X,X,4; 18,1,,,,,
NR4A2,ENSG00000153234,156324432,156342348,2,(-),nuclear receptor subfamily 4 group A member 2,X,,18,0,,,,,
DPP4,ENSG00000197635,161992244,162074394,2,(-),dipeptidyl peptidase 4,X,,16; 18,0,,,,,
IL12A,ENSG00000168811,159988835,159996019,3,(+),interleukin 12A,X,,1,0,,,,,
NGF,ENSG00000134259,115285904,115338770,1,(-),nerve growth factor,X,,1,0,,,,,
TEK,ENSG00000120156,27109030,27232092,9,(+),TEK receptor tyrosine kinase,X,X,3; 6,1,,,,,
PIK3CD,ENSG00000171608,9629889,9730117,1,(+),"phosphatidylinositol-4,5-bisphosphate 3-kinase catalytic subunit delta",X,X,2; 4,1,,,,,
GEM,ENSG00000164949,94249249,94262461,8,(-),GTP binding protein overexpressed in skeletal muscle,X,X,2; 5,1,,,,,
TNFRSF9,ENSG00000049249,7915871,7943165,1,(-),TNF receptor superfamily member 9,X,X,5; 18,1,,,,,
RFC2,ENSG00000049541,74223231,74254458,7,(-),replication factor C subunit 2,X,,3; 18,0,,,,,
WNK1,ENSG00000060237,752536,911452,12,(+),WNK lysine deficient protein kinase 1,X,,18,0,,,,,
KLRK1,ENSG00000213809,10372353,10391874,12,(-),killer cell lectin like receptor K1,X,X,4; 18,1,,,,,
AKAP13,ENSG00000170776,85380571,85749358,15,(+),A-kinase anchoring protein 13,X,X,4; 18,1,,,,,
MAP4K1,ENSG00000104814,38587641,38619161,19,(-),mitogen-activated protein kinase kinase kinase kinase 1,X,,18,0,,,,,
FBXL19,ENSG00000099364,30923055,30948783,16,(+),F-box and leucine rich repeat protein 19,X,,2,0,,,,,
CCND1,ENSG00000110092,69641143,69654474,11,(+),cyclin D1,X,X,5; 18,1,,,,,
DLAT,ENSG00000150768,112025033,112064404,11,(+),dihydrolipoamide S-acetyltransferase,X,X,5; 18,1,,,,,
CYP1A1,ENSG00000140465,74719542,74725536,15,(-),cytochrome P450 family 1 subfamily A member 1,X,X,2; 6,1,,,,,
PIK3CB,ENSG00000051382,138652336,138834957,3,(-),"phosphatidylinositol-4,5-bisphosphate 3-kinase catalytic subunit beta",X,X,2; 4,1,,,,,
TIMP1,ENSG00000102265,47582408,47586789,X,(+),TIMP metallopeptidase inhibitor 1,X,X,3; 4; 18,1,,,,,
PLEK,ENSG00000115956,68365282,68397453,2,(+),pleckstrin,X,,18,0,,,,,
ERN1,ENSG00000178607,64039080,64130819,17,(-),endoplasmic reticulum to nucleus signaling 1,X,X,5; 18,1,,,,,
PTTG1,ENSG00000164611,160421816,160428748,5,(+),"PTTG1 regulator of sister chromatid separation, securin",X,,2; 18,0,,,,,
TRBV20OR9-2,ENSG00000205274,33617845,33618508,9,(+),T cell receptor beta variable 20/OR9-2 (non-functional),X,X,3; 6,1,,,,,
MT-CO2,ENSG00000198712,7586,8269,MITOCONDRIAL,(+),cytochrome c oxidase subunit II,X,X,6; 18,1,,,,,
TRAF3IP2-AS1,ENSG00000231889,111483389,111598784,6,(+),TRAF3IP2 antisense RNA 1,X,X,4,1,,,,,
HLA-DRB1,ENSG00000196126,32577902,32589848,6,(-),"major histocompatibility complex, class II, DR beta 1",X,X,4; 18,1,,,,,
KIR2DS1,ENSG00000284150,193319,207147,19,(+),"killer cell immunoglobulin like receptor, two Ig domains and short cytoplasmic tail 1",X,X,1,1,,,,,
ABCC11,ENSG00000121270,48165773,48247568,16,(-),ATP binding cassette subfamily C member 11,X,,2,0,,,,,
HLA-A,ENSG00000206503,29941260,29949572,6,(+),"major histocompatibility complex, class I, A",X,X,4; 18,1,,,,,
ABCB1,ENSG00000085563,87503017,87713375,7,(-),ATP binding cassette subfamily B member 1,X,,16; 18,0,,,,,
MBL2,ENSG00000165471,52765377,52772784,10,(-),mannose binding lectin 2,X,X,1,1,,,,,
PPARGC1B,ENSG00000155846,149729994,149855022,5,(+),PPARG coactivator 1 beta,X,X,2,1,,,,,
CCHCR1,ENSG00000204536,31142439,31158238,6,(-),coiled-coil alpha-helical rod protein 1,X,,1,0,,,,,
PLCL2,ENSG00000154822,16802651,17090604,3,(+),phospholipase C like 2,X,,18,0,,,,,
PLG,ENSG00000122194,160702105,160754097,6,(+),plasminogen,X,X,3; 6,1,,,,,
ITGA1,ENSG00000213949,52787916,52959209,5,(+),integrin subunit alpha 1,X,,18,0,,,,,
PDLIM7,ENSG00000196923,177483393,177497608,5,(-),PDZ and LIM domain 7,X,X,18,1,,,,,
E2F2,ENSG00000007968,23506438,23531233,1,(-),E2F transcription factor 2,X,X,2; 18,1,,,,,
PRKCB,ENSG00000166501,23835959,24220611,16,(+),protein kinase C beta,X,X,18,1,,,,,
PARK7,ENSG00000116288,7954264,7985505,1,(+),Parkinsonism associated deglycase,X,X,5; 18,1,,,,,
DAP,ENSG00000112977,10679230,10761273,5,(-),death associated protein,,X,4,0,,,,,
GINS2,ENSG00000131153,85676198,85690073,16,(-),GINS complex subunit 2,X,,18,0,,,,,
ADCY7,ENSG00000121281,50246137,50318135,16,(+),adenylate cyclase 7,X,X,5; 18,1,,,,,
SBNO2,ENSG00000064932,1107636,1174295,19,(-),strawberry notch homolog 2,X,X,2; 6,1,,,,,
ATG16L1,ENSG00000085978,233210051,233295674,2,(+),autophagy related 16 like 1,X,X,3; 5,1,,,,,
CRB1,ENSG00000134376,197268204,197478455,1,(+),crumbs cell polarity complex component 1,X,X,2; 4,1,,,,,
TLR5,ENSG00000187554,223109339,223143318,1,(-),toll like receptor 5,,X,1; 4,0,,,,,
PRKCQ,ENSG00000065675,6427136,6580855,10,(-),protein kinase C theta,X,X,2,1,,,,,
FNBP1,ENSG00000187239,129887179,130043238,9,(-),formin binding protein 1,X,X,4; 18,1,,,,,
GINS1,ENSG00000101003,25391008,25452700,20,(+),GINS complex subunit 1,X,X,2; 5,1,,,,,
PTGIS,ENSG00000124212,49503874,49568157,20,(-),prostaglandin I2 synthase,,X,4,0,,,,,
CYP24A1,ENSG00000019186,54153446,54173986,20,(-),cytochrome P450 family 24 subfamily A member 1,X,X,2,1,,,,,
PSIP1,ENSG00000164985,15464065,15511202,9,(-),PC4 and SRSF1 interacting protein 1,X,,18,0,,,,,
TNFRSF14,ENSG00000157873,2554244,2565382,1,(+),TNF receptor superfamily member 14,X,X,3; 18,1,,,,,
RHEB,ENSG00000106615,151466012,151520120,7,(-),"Ras homolog, mTORC1 binding",X,,18,0,,,,,
CSN3,ENSG00000171209,70238382,70251474,4,(+),casein kappa,X,X,3; 6,1,,,,,
HSPB1,ENSG00000106211,76302673,76305813,7,(+),heat shock protein family B (small) member 1,X,X,3; 18,1,,,,,
SKAP2,ENSG00000005020,26667003,26995239,7,(-),src kinase associated phosphoprotein 2,X,X,4; 18,1,,,,,
CD69,ENSG00000110848,9752486,9760901,12,(-),CD69 molecule,X,X,4; 18,1,,,,,
STIM1,ENSG00000167323,3854527,4093210,11,(+),stromal interaction molecule 1,X,X,3; 5,1,,,,,
DBP,ENSG00000105516,48630030,48637379,19,(-),D-box binding PAR bZIP transcription factor,X,X,3; 6,1,,,,,
GDE1,ENSG00000006007,19501693,19522123,16,(-),glycerophosphodiester phosphodiesterase 1,X,X,3; 6,1,,,,,
ATXN2L,ENSG00000168488,28822999,28837237,16,(+),ataxin 2 like,X,X,6; 18,1,,,,,
IGF2,ENSG00000167244,2129112,2158391,11,(-),insulin like growth factor 2,X,X,2; 5,1,,,,,
VEGFC,ENSG00000150630,176683538,176792922,4,(-),vascular endothelial growth factor C,,X,8,0,,,,,
SHCBP1,ENSG00000171241,46578591,46621379,16,(-),SHC binding and spindle associated 1,X,,18,0,,,,,
DUSP4,ENSG00000120875,29333064,29350684,8,(-),dual specificity phosphatase 4,X,,18,0,,,,,
ETS1,ENSG00000134954,128458761,128587606,11,(-),"ETS proto-oncogene 1, transcription factor",X,X,5; 18,1,,,,,
LDLR,ENSG00000130164,11089418,11133830,19,(+),low density lipoprotein receptor,,X,4,0,,,,,
CMC1,ENSG00000187118,28241584,28325142,3,(+),C-X9-C motif containing 1,X,X,5; 18,1,,,,,
CCR9,ENSG00000173585,45884425,45904311,3,(+),C-C motif chemokine receptor 9,X,X,16; 23,1,,,,,
IL2RG,ENSG00000147168,71107404,71112108,X,(-),interleukin 2 receptor subunit gamma,X,X,5; 18,1,,,,,
ATG5,ENSG00000057663,106045423,106326477,6,(-),autophagy related 5,X,X,2; 5,1,,,,,
SUOX,ENSG00000139531,55996855,56006641,12,(+),sulfite oxidase,X,X,3; 6,1,,,,,
PUS10,ENSG00000162927,60938141,61018259,2,(-),pseudouridine synthase 10,X,X,2; 5,1,,,,,
NLRP3,ENSG00000162711,247332331,247449668,1,(+),NLR family pyrin domain containing 3,X,X,4; 18,1,,,,,
HAVCR2,ENSG00000135077,157085422,157142869,5,(-),hepatitis A virus cellular receptor 2,X,X,4; 18,1,,,,,
SQSTM1,ENSG00000161011,179806398,179838078,5,(+),sequestosome 1,X,,18,0,,,,,
ANXA6,ENSG00000197043,151100706,151157815,5,(-),annexin A6,X,,18,0,,,,,
ADCY3,ENSG00000138031,24819169,24920299,2,(-),adenylate cyclase 3,X,X,2; 4,1,,,,,
ANKRD55,ENSG00000164512,56099680,56233330,5,(-),ankyrin repeat domain 55,X,X,3; 6,1,,,,,
FLNB,ENSG00000136068,58008398,58172251,3,(+),filamin B,,X,4,0,,,,,
LRIT1,ENSG00000148602,84231520,84241546,10,(-),"leucine rich repeat, Ig-like and transmembrane domains 1",,X,4,0,,,,,
IL17D,ENSG00000172458,20702127,20723099,13,(+),interleukin 17D,X,X,12; 16,1,,,,,
OSMR,ENSG00000145623,38845852,38945596,5,(+),oncostatin M receptor,X,X,2; 4,1,,,,,
LRRK2,ENSG00000188906,40196744,40369285,12,(+),leucine rich repeat kinase 2,X,X,3; 5,1,,,,,
HCLS1,ENSG00000180353,121631399,121660927,3,(-),hematopoietic cell-specific Lyn substrate 1,X,X,4; 18,1,,,,,
PSMB8,ENSG00000204264,32840717,32844679,6,(-),proteasome 20S subunit beta 8,X,,18,0,,,,,
TAP1,ENSG00000168394,32845206,32854018,6,(-),"transporter 1, ATP binding cassette subfamily B member",X,X,1; 4; 18,1,,,,,
TAP2,ENSG00000204267,32821833,32838784,6,(-),"transporter 2, ATP binding cassette subfamily B member",X,X,1; 18,1,,,,,
EBI3,ENSG00000105246,4229314,4237528,19,(+),Epstein-Barr virus induced 3,X,X,3; 4,1,,,,,
KHSRP,ENSG00000088247,6413102,6424811,19,(-),KH-type splicing regulatory protein,X,X,2; 4,1,,,,,
CD226,ENSG00000150637,69831158,69961803,18,(-),CD226 molecule,X,X,5; 18,1,,,,,
NDFIP1,ENSG00000131507,142108762,142154440,5,(+),Nedd4 family interacting protein 1,X,X,6; 18,1,,,,,
CD6,ENSG00000013725,60971675,61020377,11,(+),CD6 molecule,X,X,4; 18,1,,,,,
PDCD4,ENSG00000150593,110871795,110900006,10,(+),programmed cell death 4,X,X,4; 18,1,,,,,
FTH1,ENSG00000167996,61959718,61967634,11,(-),ferritin heavy chain 1,X,X,4; 18,1,,,,,
MTCO2P12,ENSG00000229344,632757,633438,1,(+),MT-CO2 pseudogene 12,X,X,3; 4,1,,,,,
LINC01250,ENSG00000234423,2893569,3147934,2,(-),long intergenic non-protein coding RNA 1250,X,X,2; 6,1,,,,,
LURAP1L-AS1,ENSG00000235448,12631434,12814382,9,(-),LURAP1L antisense RNA 1,X,X,3; 5,1,,,,,
IL21-AS1,ENSG00000227145,122618983,122689164,4,(+),IL21 antisense RNA 1,X,X,2; 6,1,,,,,
INS-IGF2,ENSG00000129965,2132538,2161209,11,(-),INS-IGF2 readthrough,X,X,4; 18,1,,,,,
ZNF831,ENSG00000124203,59123381,59259113,20,(+),zinc finger protein 831,,X,4,0,,,,,
LAIR2,ENSG00000167618,54497879,54510687,19,(+),leukocyte associated immunoglobulin like receptor 2,X,X,2; 4,1,,,,,
HLA-DPB1,ENSG00000223865,33073786,33089696,6,(+),"major histocompatibility complex, class II, DP beta 1",X,X,4; 18,1,,,,,
HLA-DPA1,ENSG00000231389,33064569,33080781,6,(-),"major histocompatibility complex, class II, DP alpha 1",X,,18,0,,,,,
HLA-E,ENSG00000204592,30489503,30494205,6,(+),"major histocompatibility complex, class I, E",X,X,4; 18,1,,,,,
GBAP1,ENSG00000160766,155213821,155227422,1,(-),glucosylceramidase beta pseudogene 1,X,X,2; 4,1,,,,,
KIR2DS5,ENSG00000288206,240157,265888,19,(-),"killer cell immunoglobulin like receptor, two Ig domains and short cytoplasmic tail 5",,X,1,0,,,,,
KIR3DS1,ENSG00000283889,223519,237387,19,(-),"killer cell immunoglobulin like receptor, three Ig domains and short cytoplasmic tail 1",,X,1,0,,,,,
IGF2-AS,ENSG00000099869,2140501,2148666,11,(+),IGF2 antisense RNA,X,X,2; 5,1,,,,,
LURAP1L,ENSG00000153714,12775020,12823060,9,(+),leucine rich adaptor protein 1 like,X,X,2; 4,1,,,,,
MYRF,ENSG00000124920,61752593,61788518,11,(+),myelin regulatory factor,,X,4,0,,,,,
FASN,ENSG00000169710,82078338,82098294,17,(-),fatty acid synthase,,X,4,0,,,,,
GJD2,ENSG00000159248,34751032,34754998,15,(-),gap junction protein delta 2,,X,4,0,,,,,
PLEKHG2,ENSG00000090924,39412669,39428415,19,(+),pleckstrin homology and RhoGEF domain containing G2,,X,4,0,,,,,
LSM11,ENSG00000155858,157743712,157760709,5,(+),"LSM11, U7 small nuclear RNA associated",,X,4,0,,,,,
ZDHHC7,ENSG00000153786,84974175,85011536,16,(-),zinc finger DHHC-type palmitoyltransferase 7,,X,4,0,,,,,
PCM1,ENSG00000078674,17922746,18029996,8,(+),pericentriolar material 1,,X,4,0,,,,,
ARPC5,ENSG00000162704,183620846,183635783,1,(-),actin related protein 2/3 complex subunit 5,X,X,4; 18,1,,,,,
LINC00467,ENSG00000153363,211382727,211435570,1,(+),long intergenic non-protein coding RNA 467,,X,4,0,,,,,
OTUD7B,ENSG00000264522,149937812,150010758,1,(-),OTU deubiquitinase 7B,,X,4,0,,,,,
ITGA4,ENSG00000115232,181457202,181538940,2,(+),integrin subunit alpha 4,X,X,4; 18,1,,,,,
MAN1B1,ENSG00000177239,137086857,137109189,9,(+),mannosidase alpha class 1B member 1,,X,4,0,,,,,
PTK2B,ENSG00000120899,27311456,27459392,8,(+),protein tyrosine kinase 2 beta,,X,4,0,,,,,
RHOB,ENSG00000143878,20447074,20449440,2,(+),ras homolog family member B,X,X,4; 18,1,,,,,
TMEM107,ENSG00000179029,8172457,8176405,17,(-),transmembrane protein 107,X,X,4; 18,1,,,,,
LAMTOR5,ENSG00000134248,110401249,110407942,1,(-),"late endosomal/lysosomal adaptor, MAPK and MTOR activator 5",,X,4; 5,0,,,,,
ITM2B,ENSG00000136156,48232612,48270357,13,(+),integral membrane protein 2B,X,X,4; 18,1,,,,,
ZNF766,ENSG00000196214,52269587,52296046,19,(+),zinc finger protein 766,,X,4,0,,,,,
GALNT2,ENSG00000143641,230057990,230282128,1,(+),polypeptide N-acetylgalactosaminyltransferase 2,,X,4,0,,,,,
LPCAT1,ENSG00000153395,1456480,1524282,5,(-),lysophosphatidylcholine acyltransferase 1,X,X,2; 4,1,,,,,
CALM1,ENSG00000198668,90396502,90408268,14,(+),calmodulin 1,X,X,4; 18,1,,,,,
MATN2,ENSG00000132561,97868840,98036769,8,(+),matrilin 2,,X,4,0,,,,,
FOXP2,ENSG00000128573,114086317,114693772,7,(+),forkhead box P2,,X,4,0,,,,,
FBXL4,ENSG00000112234,98868535,98948006,6,(-),F-box and leucine rich repeat protein 4,,X,4,0,,,,,
LINC02531,ENSG00000220908,92586835,92723829,6,(-),long intergenic non-protein coding RNA 2531,,X,4,0,,,,,
HS3ST3B1,ENSG00000125430,14301081,14349404,17,(+),heparan sulfate-glucosamine 3-sulfotransferase 3B1,,X,4,0,,,,,
SYT14,ENSG00000143469,209900923,210171389,1,(+),synaptotagmin 14,,X,4,0,,,,,
LIMD2,ENSG00000136490,63695883,63701172,17,(-),LIM domain containing 2,X,X,2; 4; 18,1,,,,,
AKAP11,ENSG00000023516,42271475,42323283,13,(+),A-kinase anchoring protein 11,,X,4,0,,,,,
FUNDC2P2,ENSG00000182814,84290777,84291269,2,(+),FUN14 domain containing 2 pseudogene 2,,X,4,0,,,,,
SLC38A10,ENSG00000157637,81244811,81295567,17,(-),solute carrier family 38 member 10,,X,4,0,,,,,
TRAM2,ENSG00000065308,52497408,52577077,6,(-),translocation associated membrane protein 2,,X,4,0,,,,,
TOMM40,ENSG00000130204,44890569,44903695,19,(+),translocase of outer mitochondrial membrane 40,,X,4,0,,,,,
SNHG30,ENSG00000267321,35568050,35574900,17,(+),small nucleolar RNA host gene 30,,X,4,0,,,,,
RCOR1,ENSG00000089902,102592649,102730576,14,(+),REST corepressor 1,,X,4,0,,,,,
XPNPEP1,ENSG00000108039,109864494,109923553,10,(-),X-prolyl aminopeptidase 1,,X,4,0,,,,,
USP24,ENSG00000162402,55066359,55215753,1,(-),ubiquitin specific peptidase 24,,X,4,0,,,,,
RUNX1,ENSG00000159216,34787801,36004667,21,(-),RUNX family transcription factor 1,X,X,4; 16,1,,,,,
AGRN,ENSG00000188157,1020120,1056119,1,(+),agrin,,X,4,0,,,,,
HABP4,ENSG00000130956,96450160,96491336,9,(+),hyaluronan binding protein 4,,X,4,0,,,,,
PER1,ENSG00000179094,8140467,8156506,17,(-),period circadian regulator 1,X,X,4,1,,,,,
RAP1BL,ENSG00000254893,76173629,76174183,5,(-),RAP1B like (pseudogene),X,X,3; 4,1,,,,,
AMDHD2,ENSG00000162066,2520340,2531422,16,(+),amidohydrolase domain containing 2,,X,4,0,,,,,
ZNF891,ENSG00000214029,133104779,133130289,12,(-),zinc finger protein 891,,X,4,0,,,,,
SLC37A1,ENSG00000160190,42495994,42581440,21,(+),solute carrier family 37 member 1,,X,4,0,,,,,
KMT2D,ENSG00000167548,49018975,49060794,12,(-),lysine methyltransferase 2D,,X,4,0,,,,,
UBXN11,ENSG00000158062,26281328,26318363,1,(-),UBX domain protein 11,X,X,3; 4; 18,1,,,,,
CRKL,ENSG00000099942,20917407,20953747,22,(+),"CRK like proto-oncogene, adaptor protein",,X,4,0,,,,,
WAC-AS1,ENSG00000254635,28519917,28533066,10,(-),WAC antisense RNA 1 (head to head),,X,4,0,,,,,
URB1,ENSG00000142207,32311018,32393029,21,(-),URB1 ribosome biogenesis homolog,,X,4,0,,,,,
MCM6,ENSG00000076003,135839626,135876479,2,(-),minichromosome maintenance complex component 6,X,X,4; 18,1,,,,,
MAN1A1,ENSG00000111885,119177204,119349767,6,(-),mannosidase alpha class 1A member 1,,X,4,0,,,,,
SUFU,ENSG00000107882,102503952,102633535,10,(+),SUFU negative regulator of hedgehog signaling,X,X,2; 4,1,,,,,
CHMP1B,ENSG00000255112,11851413,11854444,18,(+),charged multivesicular body protein 1B,,X,4,0,,,,,
GUCD1,ENSG00000138867,24540423,24555935,22,(-),guanylyl cyclase domain containing 1,,X,4,0,,,,,
NAP1L1P1,ENSG00000254759,126067539,126068601,11,(+),nucleosome assembly protein 1 like 1 pseudogene 1,X,X,3; 4,1,,,,,
TNRC6A,ENSG00000090905,24610209,24827632,16,(+),trinucleotide repeat containing adaptor 6A,,X,4,0,,,,,
PCED1B,ENSG00000179715,47077945,47236664,12,(+),PC-esterase domain containing 1B,X,X,4; 18,1,,,,,
CTDSP2,ENSG00000175215,57819927,57846729,12,(-),CTD small phosphatase 2,,X,4,0,,,,,
ZC3H4,ENSG00000130749,47064187,47113776,19,(-),zinc finger CCCH-type containing 4,,X,4,0,,,,,
FPGT-TNNI3K,ENSG00000259030,74198235,74544393,1,(+),FPGT-TNNI3K readthrough,,X,4,0,,,,,
MGAT1,ENSG00000131446,180784780,180815652,5,(-),"alpha-1,3-mannosyl-glycoprotein 2-beta-N-acetylglucosaminyltransferase",X,X,4; 18,1,,,,,
RTF1,ENSG00000137815,41408408,41483563,15,(+),"RTF1 homolog, Paf1/RNA polymerase II complex component",,X,4,0,,,,,
INO80,ENSG00000128908,40978880,41116568,15,(-),INO80 complex ATPase subunit,,X,4,0,,,,,
PSPH,ENSG00000146733,56010312,56051604,7,(-),phosphoserine phosphatase,,X,4,0,,,,,
RNF213,ENSG00000173821,80260852,80398794,17,(+),ring finger protein 213,X,X,4; 18,1,,,,,
TENT4A,ENSG00000112941,6713291,6757045,5,(+),terminal nucleotidyltransferase 4A,,X,4,0,,,,,
TYW3,ENSG00000162623,74733152,74767555,1,(+),tRNA-yW synthesizing protein 3 homolog,,X,4,0,,,,,
HNRNPUL1,ENSG00000105323,41262496,41307787,19,(+),heterogeneous nuclear ribonucleoprotein U like 1,X,X,4; 18,1,,,,,
PTMA,ENSG00000187514,231706895,231713552,2,(+),prothymosin alpha,X,X,4; 18,1,,,,,
GLYR1,ENSG00000140632,4803202,4847343,16,(-),glyoxylate reductase 1 homolog,,X,4,0,,,,,
TACC1,ENSG00000147526,38728166,38853028,8,(+),transforming acidic coiled-coil containing protein 1,,X,4; 5,0,,,,,
CUBN,ENSG00000107611,16823966,17129811,10,(-),cubilin,,X,4,0,,,,,
LINC-PINT,ENSG00000231721,130791264,131110176,7,(-),"long intergenic non-protein coding RNA, p53 induced transcript",,X,4,0,,,,,
POU2F2,ENSG00000028277,42086110,42196585,19,(-),POU class 2 homeobox 2,,X,4,0,,,,,
ITGA7,ENSG00000135424,55684568,55716404,12,(-),integrin subunit alpha 7,X,X,3; 4,1,,,,,
ALS2,ENSG00000003393,201700267,201782112,2,(-),alsin Rho guanine nucleotide exchange factor ALS2,,X,4,0,,,,,
ANGPT1,ENSG00000154188,107249482,107498055,8,(-),angiopoietin 1,,X,4,0,,,,,
GCN1,ENSG00000089154,120127202,120194976,12,(-),GCN1 activator of EIF2AK4,,X,4,0,,,,,
AKT2,ENSG00000105221,40230317,40285536,19,(-),AKT serine/threonine kinase 2,X,X,2; 4,1,,,,,
FGD2,ENSG00000146192,37005645,37029299,6,(+),"FYVE, RhoGEF and PH domain containing 2",X,X,2; 4,1,,,,,
TBXAS1,ENSG00000059377,139777051,140020325,7,(+),thromboxane A synthase 1,X,X,3; 4,1,,,,,
KIFAP3,ENSG00000075945,169921326,170085208,1,(-),kinesin associated protein 3,,X,4,0,,,,,
TM9SF4,ENSG00000101337,32109714,32167258,20,(+),transmembrane 9 superfamily member 4,,X,4,0,,,,,
ATP2A3,ENSG00000074370,3923866,3964491,17,(-),ATPase sarcoplasmic/endoplasmic reticulum Ca2+ transporting 3,X,X,4; 18,1,,,,,
AHCTF1P1,ENSG00000226121,161500885,161507705,2,(-),AT-hook containing transcription factor 1 pseudogene 1,,X,4,0,,,,,
PILRA,ENSG00000085514,100367530,100400096,7,(+),paired immunoglobin like type 2 receptor alpha,,X,4,0,,,,,
ADAMTS1,ENSG00000154734,26835755,26845409,21,(-),ADAM metallopeptidase with thrombospondin type 1 motif 1,,X,4,0,,,,,
MYO9B,ENSG00000099331,17075728,17214537,19,(+),myosin IXB,,X,4,0,,,,,
RPL31P63,ENSG00000236735,68600099,68600473,X,(+),ribosomal protein L31 pseudogene 63,,X,4,0,,,,,
NFKB2,ENSG00000077150,102394110,102402529,10,(+),nuclear factor kappa B subunit 2,,X,4,0,,,,,
TBC1D9B,ENSG00000197226,179862058,179907911,5,(-),TBC1 domain family member 9B,,X,4,0,,,,,
STARD7,ENSG00000084090,96184859,96208849,2,(-),StAR related lipid transfer domain containing 7,,X,4,0,,,,,
GUCY1A1,ENSG00000164116,155666707,155737059,4,(+),guanylate cyclase 1 soluble subunit alpha 1,,X,4,0,,,,,
UBR5,ENSG00000104517,102250608,102412880,8,(-),ubiquitin protein ligase E3 component n-recognin 5,,X,4,0,,,,,
FAM205BP,ENSG00000257198,34832295,34838586,9,(-),transmembrane protein C9orf144B pseudogene,,X,4,0,,,,,
LINC02972,ENSG00000249790,8788215,8795790,12,(+),long intergenic non-protein coding RNA 2972,,X,4,0,,,,,
FAXDC2,ENSG00000170271,154818492,154859252,5,(-),fatty acid hydroxylase domain containing 2,X,X,4,1,,,,,
TTI2,ENSG00000129696,33473386,33513185,8,(-),TELO2 interacting protein 2,,X,4,0,,,,,
SCARNA7,ENSG00000238741,160514907,160515236,3,(-),small Cajal body-specific RNA 7,,X,4,0,,,,,
DNAJA1,ENSG00000086061,33025206,33039916,9,(+),DnaJ heat shock protein family (Hsp40) member A1,,X,4,0,,,,,
IL21R,ENSG00000103522,27402174,27452050,16,(+),interleukin 21 receptor,X,X,4; 16,1,,,,,
SUN2,ENSG00000100242,38733280,38794143,22,(-),Sad1 and UNC84 domain containing 2,,X,4,0,,,,,
PGM3,ENSG00000013375,83147324,83194005,6,(-),phosphoglucomutase 3,,X,4,0,,,,,
TNFAIP2,ENSG00000185215,103121407,103137441,14,(+),TNF alpha induced protein 2,,X,4,0,,,,,
TTC16,ENSG00000167094,127716079,127731590,9,(+),tetratricopeptide repeat domain 16,,X,4,0,,,,,
ABCB11,ENSG00000073734,168915498,169031324,2,(-),ATP binding cassette subfamily B member 11,X,X,4,1,,,,,
STOM,ENSG00000148175,121338987,121370304,9,(-),stomatin,X,X,4; 18,1,,,,,
ZC3H7A,ENSG00000122299,11750586,11797258,16,(-),zinc finger CCCH-type containing 7A,,X,4,0,,,,,
CD74,ENSG00000019582,150401637,150412969,5,(-),CD74 molecule,X,X,4; 18,1,,,,,
CPSF6,ENSG00000111605,69239543,69279829,12,(+),cleavage and polyadenylation specific factor 6,,X,4,0,,,,,
ZNF415,ENSG00000170954,53107879,53133077,19,(-),zinc finger protein 415,X,X,4; 18,1,,,,,
TRIM45,ENSG00000134253,117111060,117122587,1,(-),tripartite motif containing 45,X,X,3; 4,1,,,,,
EIF4B,ENSG00000063046,53006279,53042230,12,(+),eukaryotic translation initiation factor 4B,X,X,4; 18,1,,,,,
MRS2,ENSG00000124532,24402908,24426194,6,(+),magnesium transporter MRS2,,X,4,0,,,,,
JPH3,ENSG00000154118,87601835,87698156,16,(+),junctophilin 3,,X,4,0,,,,,
BEND2,ENSG00000177324,18162931,18220886,X,(-),BEN domain containing 2,X,X,4; 18,1,,,,,
PEX1,ENSG00000127980,92487020,92528640,7,(-),peroxisomal biogenesis factor 1,,X,4,0,,,,,
SPEN,ENSG00000065526,15836095,15940456,1,(+),spen family transcriptional repressor,,X,4,0,,,,,
STK40,ENSG00000196182,36339620,36385927,1,(-),serine/threonine kinase 40,,X,4,0,,,,,
CABP5,ENSG00000105507,48029383,48044079,19,(-),calcium binding protein 5,,X,4,0,,,,,
HOXB7,ENSG00000260027,48607232,48633572,17,(-),homeobox B7,,X,4,0,,,,,
IDH1-AS1,ENSG00000231908,208254173,208256233,2,(+),IDH1 antisense RNA 1,,X,4,0,,,,,
NPIPB4,ENSG00000185864,21834563,21880827,16,(-),nuclear pore complex interacting protein family member B4,,X,4,0,,,,,
PRDX3,ENSG00000165672,119167699,119178865,10,(-),peroxiredoxin 3,X,X,4; 18,1,,,,,
MTMR12,ENSG00000150712,32226994,32313013,5,(-),myotubularin related protein 12,,X,4,0,,,,,
NFYA,ENSG00000001167,41072946,41102403,6,(+),nuclear transcription factor Y subunit alpha,,X,4,0,,,,,
EDEM3,ENSG00000116406,184690237,184754907,1,(-),ER degradation enhancing alpha-mannosidase like protein 3,X,X,2; 4,1,,,,,
ZNF565,ENSG00000196357,36181542,36246257,19,(-),zinc finger protein 565,,X,4,0,,,,,
MACF1,ENSG00000127603,39081316,39487177,1,(+),microtubule actin crosslinking factor 1,X,X,4; 5; 18,1,,,,,
MED12,ENSG00000184634,71118543,71144103,X,(+),mediator complex subunit 12,,X,4,0,,,,,
CD46,ENSG00000117335,207752037,207795513,1,(+),CD46 molecule,,X,4,0,,,,,
PLXNB2,ENSG00000196576,50274978,50307695,22,(-),plexin B2,,X,4,0,,,,,
TPM1,ENSG00000140416,63042481,63071915,15,(+),tropomyosin 1,,X,4,0,,,,,
CRACD,ENSG00000109265,56049098,56330609,4,(+),capping protein inhibiting regulator of actin dynamics,,X,4,0,,,,,
RGS18,ENSG00000150681,192158462,192185815,1,(+),regulator of G protein signaling 18,X,X,3; 4,1,,,,,
YWHAG,ENSG00000170027,76326799,76358991,7,(-),tyrosine 3-monooxygenase/tryptophan 5-monooxygenase activation protein gamma,,X,4,0,,,,,
RTF2,ENSG00000022277,56468585,56519449,20,(+),replication termination factor 2,,X,4,0,,,,,
TET2,ENSG00000168769,105145875,105279816,4,(+),tet methylcytosine dioxygenase 2,,X,4,0,,,,,
TAF4,ENSG00000130699,61953469,62065881,20,(-),TATA-box binding protein associated factor 4,,X,4,0,,,,,
KIAA0232,ENSG00000170871,6781375,6884170,4,(+),KIAA0232,,X,4,0,,,,,
HMGN1P14,ENSG00000249439,111846050,111846566,5,(-),high mobility group nucleosome binding domain 1 pseudogene 14,,X,4,0,,,,,
STX18-AS1,ENSG00000247708,4542090,4821468,4,(+),STX18 antisense RNA 1 (head to head),,X,4,0,,,,,
CALCOCO2,ENSG00000136436,48831018,48866522,17,(+),calcium binding and coiled-coil domain 2,,X,4,0,,,,,
RN7SL440P,ENSG00000264963,94150738,94151080,1,(+),"RNA, 7SL, cytoplasmic 440, pseudogene",,X,4,0,,,,,
PRPF40A,ENSG00000196504,152651593,152718048,2,(-),pre-mRNA processing factor 40 homolog A,,X,4,0,,,,,
CMIP,ENSG00000153815,81444808,81711762,16,(+),c-Maf inducing protein,,X,4,0,,,,,
SIRPB2,ENSG00000196209,1470741,1491587,20,(-),signal regulatory protein beta 2,,X,4,0,,,,,
MCTP1,ENSG00000175471,94703690,95285094,5,(-),multiple C2 and transmembrane domain containing 1,,X,4,0,,,,,
HAUS6,ENSG00000147874,19053141,19102927,9,(-),HAUS augmin like complex subunit 6,,X,4,0,,,,,
FKBP9P1,ENSG00000176826,55682652,55713252,7,(-),FKBP prolyl isomerase 9 pseudogene 1,X,X,3; 4,1,,,,,
THEMIS2,ENSG00000130775,27872543,27886685,1,(+),thymocyte selection associated family member 2,,X,4,0,,,,,
IPO11,ENSG00000086200,62403518,62629949,5,(+),importin 11,,X,4,0,,,,,
KCNMB4,ENSG00000135643,70366290,70434292,12,(+),potassium calcium-activated channel subfamily M regulatory beta subunit 4,,X,4,0,,,,,
PCBP2,ENSG00000197111,53451900,53481162,12,(+),poly(rC) binding protein 2,X,X,4; 18,1,,,,,
GRK2,ENSG00000173020,67266391,67286557,11,(+),G protein-coupled receptor kinase 2,,X,4,0,,,,,
CAB39,ENSG00000135932,230712822,230821076,2,(+),calcium binding protein 39,,X,4,0,,,,,
HHIP,ENSG00000164161,144646156,144745271,4,(+),hedgehog interacting protein,,X,4,0,,,,,
ATXN1L,ENSG00000224470,71808439,71885268,16,(+),ataxin 1 like,,X,4,0,,,,,
LINC02415,ENSG00000248703,131296094,131312835,12,(-),long intergenic non-protein coding RNA 2415,,X,4,0,,,,,
MCM4,ENSG00000104738,47960185,47978165,8,(+),minichromosome maintenance complex component 4,X,X,4; 18,1,,,,,
MYLK,ENSG00000065534,123610049,123884375,3,(-),myosin light chain kinase,,X,4,0,,,,,
LINC02429,ENSG00000251266,58984215,59046959,4,(+),long intergenic non-protein coding RNA 2429,,X,4,0,,,,,
SCYL2,ENSG00000136021,100266830,100341728,12,(+),SCY1 like pseudokinase 2,X,X,2; 4,1,,,,,
NCKAP1L,ENSG00000123338,54497721,54548243,12,(+),NCK associated protein 1 like,X,X,4; 18,1,,,,,
CASP9,ENSG00000132906,15490832,15526534,1,(-),caspase 9,,X,4,0,,,,,
TPM3,ENSG00000143549,154155308,154194648,1,(-),tropomyosin 3,X,X,4; 18,1,,,,,
ABCD4,ENSG00000119688,74285269,74303055,14,(-),ATP binding cassette subfamily D member 4,,X,4,0,,,,,
ZSCAN29,ENSG00000140265,43357920,43371048,15,(-),zinc finger and SCAN domain containing 29,,X,4,0,,,,,
COL4A1,ENSG00000187498,110148963,110307202,13,(-),collagen type IV alpha 1 chain,,X,4,0,,,,,
YY1AP1,ENSG00000163374,155659446,155689334,1,(-),YY1 associated protein 1,,X,4,0,,,,,
PAQR7,ENSG00000182749,25861484,25875874,1,(-),progestin and adipoQ receptor family member 7,X,X,2; 4,1,,,,,
FOXP4,ENSG00000137166,41546363,41602384,6,(+),forkhead box P4,,X,4,0,,,,,
PCNP,ENSG00000081154,101574180,101594465,3,(+),PEST proteolytic signal containing nuclear protein,,X,4,0,,,,,
ZNF320,ENSG00000182986,52860851,52897704,19,(-),zinc finger protein 320,,X,4,0,,,,,
PRDX5,ENSG00000126432,64318041,64321822,11,(+),peroxiredoxin 5,,X,4,0,,,,,
SELP,ENSG00000174175,169588421,169630193,1,(-),selectin P,,X,4,0,,,,,
DNAJC7,ENSG00000168259,41976421,42021376,17,(-),DnaJ heat shock protein family (Hsp40) member C7,X,X,2; 4,1,,,,,
SLC38A9,ENSG00000177058,55623437,55773194,5,(-),solute carrier family 38 member 9,,X,4,0,,,,,
NSD1,ENSG00000165671,177131787,177300213,5,(+),nuclear receptor binding SET domain protein 1,,X,4,0,,,,,
KY,ENSG00000174611,134599923,134651636,3,(-),kyphoscoliosis peptidase,,X,4,0,,,,,
BORCS8-MEF2B,ENSG00000064489,19145569,19192158,19,(-),BORCS8-MEF2B readthrough,,X,4,0,,,,,
WIPF1,ENSG00000115935,174559563,174682916,2,(-),WAS/WASL interacting protein family member 1,X,X,4,1,,,,,
CBWD2,ENSG00000136682,113437691,113496204,2,(+),COBW domain containing 2,,X,4; 18,0,,,,,
PELI3,ENSG00000174516,66466303,66478998,11,(+),pellino E3 ubiquitin protein ligase family member 3,,X,4,0,,,,,
COMMD7,ENSG00000149600,32702648,32743928,20,(-),COMM domain containing 7,,X,4,0,,,,,
NDRG3,ENSG00000101079,36651766,36746128,20,(-),NDRG family member 3,,X,4,0,,,,,
PFDN5,ENSG00000123349,53295291,53299452,12,(+),prefoldin subunit 5,X,X,4; 18,1,,,,,
DNAH14,ENSG00000185842,224896262,225399292,1,(+),dynein axonemal heavy chain 14,,X,4; 5,0,,,,,
XBP1,ENSG00000100219,28794555,28800597,22,(-),X-box binding protein 1,X,X,4; 18,1,,,,,
LST1,ENSG00000204482,31586124,31588910,6,(+),leukocyte specific transcript 1,X,X,4; 18,1,,,,,
LEPR,ENSG00000116678,65420652,65641559,1,(+),leptin receptor,,X,4,0,,,,,
SLC16A14,ENSG00000163053,230034974,230068999,2,(-),solute carrier family 16 member 14,X,X,2; 4,1,,,,,
APRT,ENSG00000198931,88809339,88811963,16,(-),adenine phosphoribosyltransferase,X,X,4; 5; 18,1,,,,,
PPP1R16B,ENSG00000101445,38804915,38923025,20,(+),protein phosphatase 1 regulatory subunit 16B,X,X,4; 18,1,,,,,
ZNF826P,ENSG00000231205,20397334,20409959,19,(-),"zinc finger protein 826, pseudogene",,X,4,0,,,,,
CTR9,ENSG00000198730,10751018,10801625,11,(+),"CTR9 homolog, Paf1/RNA polymerase II complex component",,X,4,0,,,,,
B9D2,ENSG00000123810,41354417,41364165,19,(-),B9 domain containing 2,,X,4,0,,,,,
CSK,ENSG00000103653,74782055,74803198,15,(+),C-terminal Src kinase,X,X,2; 4; 18,1,,,,,
GAA,ENSG00000171298,80101533,80119881,17,(+),alpha glucosidase,,X,4,0,,,,,
RYR2,ENSG00000198626,237042184,237833988,1,(+),ryanodine receptor 2,,X,4,0,,,,,
TPTEP1,ENSG00000100181,16637040,16638740,22,(+),TPTE pseudogene 1,,X,4,0,,,,,
CIB1,ENSG00000185043,90229975,90234047,15,(-),calcium and integrin binding 1,,X,4; 5,0,,,,,
SREBF2,ENSG00000198911,41833099,41907308,22,(+),sterol regulatory element binding transcription factor 2,X,X,2; 4,1,,,,,
TRIP12,ENSG00000153827,229763835,229923239,2,(-),thyroid hormone receptor interactor 12,,X,4,0,,,,,
EFHC2,ENSG00000183690,44146255,44343850,X,(-),EF-hand domain containing 2,,X,4,0,,,,,
RGPD6,ENSG00000183054,110513802,110610840,2,(-),RANBP2 like and GRIP domain containing 6,X,X,4; 18,1,,,,,
GPBP1L1,ENSG00000159592,45627284,45688408,1,(-),GC-rich promoter binding protein 1 like 1,,X,4,0,,,,,
FAM110A,ENSG00000125898,833715,857463,20,(+),family with sequence similarity 110 member A,,X,4,0,,,,,
CNPY3,ENSG00000137161,42929115,42939903,6,(+),canopy FGF signaling regulator 3,,X,4,0,,,,,
H2AC15,ENSG00000275221,27835508,27838375,6,(-),H2A clustered histone 15,,X,4; 5,0,,,,,
RAB33B,ENSG00000172007,139453232,139476609,4,(+),"RAB33B, member RAS oncogene family",,X,4,0,,,,,
MIR142HG,ENSG00000265206,58330879,58332524,17,(-),MIR142 host genes,,X,4,0,,,,,
LINC01936,ENSG00000235997,30346623,30361014,2,(+),long intergenic non-protein coding RNA 1936,,X,4,0,,,,,
SP1,ENSG00000185591,53380176,53416446,12,(+),Sp1 transcription factor,,X,4,0,,,,,
AGPS,ENSG00000018510,177392576,177567024,2,(+),alkylglycerone phosphate synthase,,X,4,0,,,,,
CRYAA,ENSG00000160202,43169008,43172810,21,(+),crystallin alpha A,,X,4,0,,,,,
ABCD2,ENSG00000173208,39550033,39619803,12,(-),ATP binding cassette subfamily D member 2,X,X,4; 18,1,,,,,
GABRD,ENSG00000187730,2019329,2030758,1,(+),gamma-aminobutyric acid type A receptor subunit delta,,X,4,0,,,,,
IGHV3-23,ENSG00000211949,106268606,106269140,14,(-),immunoglobulin heavy variable 3-23,,X,4,0,,,,,
CSNK1G2,ENSG00000133275,1941146,1981339,19,(+),casein kinase 1 gamma 2,X,X,2; 4,1,,,,,
BCAM,ENSG00000187244,44809070,44821421,19,(+),basal cell adhesion molecule (Lutheran blood group),,X,4,0,,,,,
PRR13,ENSG00000205352,53441308,53446660,12,(+),proline rich 13,,X,4,0,,,,,
DUX4,ENSG00000260596,190173774,190185942,4,(+),double homeobox 4,,X,4,0,,,,,
NINJ1,ENSG00000131669,93121496,93134310,9,(-),ninjurin 1,,X,4,0,,,,,
ZNF829,ENSG00000185869,36888124,36916291,19,(-),zinc finger protein 829,,X,4,0,,,,,
CCDC25,ENSG00000147419,27733316,27772653,8,(-),coiled-coil domain containing 25,,X,4,0,,,,,
SLC35E2B,ENSG00000189339,1659529,1693017,1,(-),solute carrier family 35 member E2B,,X,4,0,,,,,
HNRNPD,ENSG00000138668,82351523,82374543,4,(-),heterogeneous nuclear ribonucleoprotein D,X,X,4; 18,1,,,,,
ATXN1,ENSG00000124788,16299112,16761491,6,(-),ataxin 1,X,X,4; 18,1,,,,,
CYTH4,ENSG00000100055,37282027,37315346,22,(+),cytohesin 4,,X,4,0,,,,,
LINC02606,ENSG00000284693,9425094,9455910,1,(-),long intergenic non-protein coding RNA 2606,,X,4,0,,,,,
PDGFRB,ENSG00000113721,150113839,150158260,5,(-),platelet derived growth factor receptor beta,,X,4,0,,,,,
CNOT8,ENSG00000155508,154857529,154876793,5,(+),CCR4-NOT transcription complex subunit 8,,X,4,0,,,,,
EPHB2,ENSG00000133216,22710839,22921500,1,(+),EPH receptor B2,X,X,2; 4,1,,,,,
MBNL3,ENSG00000076770,132369320,132489978,X,(-),muscleblind like splicing regulator 3,,X,4; 6,0,,,,,
ZFP36L1,ENSG00000185650,68787655,68796253,14,(-),ZFP36 ring finger protein like 1,X,X,4; 18,1,,,,,
PANK3,ENSG00000120137,168548495,168579600,5,(-),pantothenate kinase 3,,X,4,0,,,,,
DOK3,ENSG00000146094,177501904,177511274,5,(-),docking protein 3,X,X,2; 4,1,,,,,
THBS4,ENSG00000113296,79991311,80083831,5,(+),thrombospondin 4,,X,4,0,,,,,
SLC35D1,ENSG00000116704,66999350,67054159,1,(-),solute carrier family 35 member D1,,X,4,0,,,,,
TBC1D15,ENSG00000121749,71839707,71927248,12,(+),TBC1 domain family member 15,,X,4,0,,,,,
ERVH48-1,ENSG00000233056,42916803,42925630,21,(-),"endogenous retrovirus group 48 member 1, envelope",,X,4; 5,0,,,,,
GTF2H3,ENSG00000111358,123633739,123662604,12,(+),general transcription factor IIH subunit 3,,X,4,0,,,,,
CTDSP1,ENSG00000144579,218397136,218405942,2,(+),CTD small phosphatase 1,,X,4,0,,,,,
MAP3K5,ENSG00000197442,136557034,136793097,6,(-),mitogen-activated protein kinase kinase kinase 5,X,X,4; 18,1,,,,,
DAZAP2,ENSG00000183283,51238724,51271362,12,(+),DAZ associated protein 2,,X,4,0,,,,,
DENND5A,ENSG00000184014,9138825,9265959,11,(-),DENN domain containing 5A,,X,4,0,,,,,
SYNE1,ENSG00000131018,152121687,152637801,6,(-),spectrin repeat containing nuclear envelope protein 1,X,X,4; 18,1,,,,,
HEMGN,ENSG00000136929,97926791,97944856,9,(-),hemogen,,X,4,0,,,,,
ZMAT2,ENSG00000146007,140698680,140706686,5,(+),zinc finger matrin-type 2,,X,4,0,,,,,
UBAC2,ENSG00000134882,99200758,99386504,13,(+),UBA domain containing 2,,X,4,0,,,,,
CHST5,ENSG00000135702,75528530,75536108,16,(-),carbohydrate sulfotransferase 5,X,X,3; 4,1,,,,,
MYH9,ENSG00000100345,36281279,36388010,22,(-),myosin heavy chain 9,X,X,4; 18,1,,,,,
ABT1,ENSG00000146109,26596953,26600739,6,(+),activator of basal transcription 1,,X,4,0,,,,,
PPAT,ENSG00000128059,56393362,56435616,4,(-),phosphoribosyl pyrophosphate amidotransferase,,X,4,0,,,,,
GPT2,ENSG00000166123,46882857,46931298,16,(+),glutamic--pyruvic transaminase 2,,X,4,0,,,,,
ARHGAP5,ENSG00000100852,32075794,32159728,14,(+),Rho GTPase activating protein 5,,X,4,0,,,,,
OVCA2,ENSG00000262664,2042022,2043425,17,(+),OVCA2 serine hydrolase domain containing,X,X,2; 4; 5,1,,,,,
LINC01962,ENSG00000248473,181178821,181191956,5,(-),long intergenic non-protein coding RNA 1962,,X,4,0,,,,,
ARHGAP35,ENSG00000160007,46860997,47005077,19,(+),Rho GTPase activating protein 35,X,X,4; 18,1,,,,,
SLC35C2,ENSG00000080189,46345980,46364458,20,(-),solute carrier family 35 member C2,,X,4,0,,,,,
MT-ND4L,ENSG00000212907,10470,10766,MT,(+),mitochondrially encoded NADH:ubiquinone oxidoreductase core subunit 4L,,X,4,0,,,,,
FLOT1,ENSG00000137312,30727709,30743075,6,(-),flotillin 1,X,X,4; 18,1,,,,,
ATP11B,ENSG00000058063,182793472,182923011,3,(+),ATPase phospholipid transporting 11B (putative),,X,4,0,,,,,
MIR223HG,ENSG00000274536,66012419,66020430,X,(+),MIR223 host gene,,X,4,0,,,,,
SHB,ENSG00000107338,37915898,38069227,9,(-),SH2 domain containing adaptor protein B,X,X,2; 4,1,,,,,
RBBP7,ENSG00000102054,16839283,16870372,X,(-),"RB binding protein 7, chromatin remodeling factor",X,X,4; 18,1,,,,,
NOMO1,ENSG00000103512,14833721,14896157,16,(+),NODAL modulator 1,,X,4,0,,,,,
HNRNPC,ENSG00000092199,21207375,21269792,14,(-),heterogeneous nuclear ribonucleoprotein C,X,X,4; 18,1,,,,,
OR6C66P,ENSG00000233606,55388445,55389374,12,(+),olfactory receptor family 6 subfamily C member 66 pseudogene,,X,4; 6,0,,,,,
CMAHP,ENSG00000168405,25081862,25138081,6,(-),"cytidine monophospho-N-acetylneuraminic acid hydroxylase, pseudogene",X,X,4; 18,1,,,,,
CD27-AS1,ENSG00000215039,6439001,6452092,12,(-),CD27 antisense RNA 1,,X,4,0,,,,,
IPO13,ENSG00000117408,43946830,43968024,1,(+),importin 13,X,X,2; 4,1,,,,,
SLC7A7,ENSG00000155465,22773222,22829820,14,(-),solute carrier family 7 member 7,,X,4,0,,,,,
HK3,ENSG00000160883,176880820,176899437,5,(-),hexokinase 3,,X,4,0,,,,,
XYLT1,ENSG00000103489,17101769,17470960,16,(-),xylosyltransferase 1,,X,4,0,,,,,
SCARNA9,ENSG00000254911,93721513,93721865,11,(+),small Cajal body-specific RNA 9,,X,4,0,,,,,
TSC1,ENSG00000165699,132891348,132946874,9,(-),TSC complex subunit 1,,X,4,0,,,,,
CAPN5,ENSG00000149260,77066961,77126155,11,(+),calpain 5,,X,4,0,,,,,
ALG10,ENSG00000139133,34022468,34029694,12,(+),"ALG10 alpha-1,2-glucosyltransferase",,X,4,0,,,,,
GPCPD1,ENSG00000125772,5544404,5611045,20,(-),glycerophosphocholine phosphodiesterase 1,,X,4,0,,,,,
SBK1,ENSG00000188322,28259246,28323849,16,(+),SH3 domain binding kinase 1,,X,4,0,,,,,
EMP1,ENSG00000134531,13196723,13219941,12,(+),epithelial membrane protein 1,,X,4,0,,,,,
TXNDC11,ENSG00000153066,11679079,11742907,16,(-),thioredoxin domain containing 11,,X,4,0,,,,,
PPP1R3A,ENSG00000154415,113876777,114075920,7,(-),protein phosphatase 1 regulatory subunit 3A,,X,4,0,,,,,
RPS9,ENSG00000170889,54200484,54249003,19,(+),ribosomal protein S9,X,X,4; 5; 18,1,,,,,
SERF2,ENSG00000140264,43777087,43804427,15,(+),small EDRK-rich factor 2,X,X,4; 18,1,,,,,
RIPOR2,ENSG00000111913,24803362,25042170,6,(-),RHO family interacting cell polarization regulator 2,X,X,4; 18,1,,,,,
UBE2V2P1,ENSG00000226255,19051455,19052170,10,(+),ubiquitin conjugating enzyme E2 V2 pseudogene 1,,X,4,0,,,,,
MNDA,ENSG00000163563,158831332,158849506,1,(+),myeloid cell nuclear differentiation antigen,,X,4,0,,,,,
RGMB,ENSG00000174136,98768004,98798643,5,(+),repulsive guidance molecule BMP co-receptor b,,X,4,0,,,,,
TMA7,ENSG00000232112,48440213,48444218,3,(+),translation machinery associated 7 homolog,X,X,4; 5; 18,1,,,,,
OCIAD1,ENSG00000109180,48805141,48862342,4,(+),OCIA domain containing 1,,X,4,0,,,,,
CCND2,ENSG00000118971,4269771,4306933,12,(+),cyclin D2,,X,4,0,,,,,
LILRA5,ENSG00000187116,54307041,54313166,19,(-),leukocyte immunoglobulin like receptor A5,X,X,4; 18,1,,,,,
BMS1,ENSG00000165733,42782783,42834937,10,(+),BMS1 ribosome biogenesis factor,,X,4,0,,,,,
RCC2,ENSG00000179051,17406755,17439772,1,(-),regulator of chromosome condensation 2,X,X,2; 4; 18,1,,,,,
BICRAL,ENSG00000112624,42781931,42868560,6,(+),BICRA like chromatin remodeling complex associated protein,,X,4,0,,,,,
ADAM19,ENSG00000135074,157395534,157575858,5,(-),ADAM metallopeptidase domain 19,X,X,4; 18,1,,,,,
KLF6,ENSG00000067082,3775996,3785281,10,(-),KLF transcription factor 6,X,X,4; 18,1,,,,,
ITK,ENSG00000113263,157142933,157255185,5,(+),IL2 inducible T cell kinase,X,X,4; 18,1,,,,,
DDX54,ENSG00000123064,113157173,113185508,12,(-),DEAD-box helicase 54,,X,4,0,,,,,
IK,ENSG00000113141,140647058,140662480,5,(+),IK cytokine,X,X,4; 18,1,,,,,
BTN3A1,ENSG00000026950,26402237,26415216,6,(+),butyrophilin subfamily 3 member A1,,X,4,0,,,,,
CLTA,ENSG00000122705,36190856,36304781,9,(+),clathrin light chain A,X,X,4; 18,1,,,,,
WWOX,ENSG00000186153,78099400,79212667,16,(+),WW domain containing oxidoreductase,X,X,4; 18,1,,,,,
KCNV1,ENSG00000164794,109963636,109975771,8,(-),potassium voltage-gated channel modifier subfamily V member 1,,X,4,0,,,,,
PDAP1,ENSG00000106244,99392048,99408665,7,(-),PDGFA associated protein 1,,X,4; 5,0,,,,,
MECOM,ENSG00000085276,169083499,169663775,3,(-),MDS1 and EVI1 complex locus,X,X,2; 4,1,,,,,
UTRN,ENSG00000152818,144285335,144853034,6,(+),utrophin,X,X,4; 18,1,,,,,
CPSF1,ENSG00000071894,144393229,144409861,8,(-),cleavage and polyadenylation specific factor 1,,X,4,0,,,,,
LINC02802,ENSG00000232527,144135212,144250375,1,(-),long intergenic non-protein coding RNA 2802,,X,4; 6,0,,,,,
XPO6,ENSG00000169180,28097976,28211976,16,(-),exportin 6,,X,4,0,,,,,
FTH1P11,ENSG00000237264,81521682,81522232,8,(-),ferritin heavy chain 1 pseudogene 11,,X,4,0,,,,,
PKD1,ENSG00000008710,2088708,2135898,16,(-),"polycystin 1, transient receptor potential channel interacting",,X,4,0,,,,,
PSMD8,ENSG00000099341,38374563,38383850,19,(+),"proteasome 26S subunit, non-ATPase 8",X,X,4; 18,1,,,,,
NSRP1,ENSG00000126653,30115521,30186475,17,(+),nuclear speckle splicing regulatory protein 1,,X,4,0,,,,,
CEP295NL,ENSG00000178404,78890579,78903217,17,(-),CEP295 N-terminal like,,X,4,0,,,,,
ARF5,ENSG00000004059,127588370,127591700,7,(+),ARF GTPase 5,X,X,4; 18,1,,,,,
SLC12A5,ENSG00000124140,46021690,46060150,20,(+),solute carrier family 12 member 5,,X,4,0,,,,,
PPP1R15A,ENSG00000087074,48872212,48876291,19,(+),protein phosphatase 1 regulatory subunit 15A,,X,4,0,,,,,
NDUFA6,ENSG00000184983,42085526,42090884,22,(-),NADH:ubiquinone oxidoreductase subunit A6,X,X,4; 5; 18,1,,,,,
DGKZ,ENSG00000149091,46332905,46380554,11,(+),diacylglycerol kinase zeta,X,X,4; 18,1,,,,,
WDR59,ENSG00000103091,74871362,75000173,16,(-),WD repeat domain 59,X,X,3; 4,1,,,,,
MEIS1,ENSG00000143995,66433452,66573898,2,(+),Meis homeobox 1,,X,4,0,,,,,
GRK6,ENSG00000198055,177403204,177442901,5,(+),G protein-coupled receptor kinase 6,X,X,4; 18,1,,,,,
CYTH2,ENSG00000105443,48469208,48482314,19,(+),cytohesin 2,,X,4,0,,,,,
PDGFRA,ENSG00000134853,54229130,54298246,4,(+),platelet derived growth factor receptor alpha,,X,4,0,,,,,
CORO1C,ENSG00000110880,108645109,108732563,12,(-),coronin 1C,,X,4,0,,,,,
STIM2,ENSG00000109689,26857601,27025381,4,(+),stromal interaction molecule 2,,X,4,0,,,,,
NOTCH2,ENSG00000134250,119911553,120100779,1,(-),notch receptor 2,,X,4,0,,,,,
LAMP1,ENSG00000185896,113297088,113323674,13,(+),lysosomal associated membrane protein 1,X,X,4; 18,1,,,,,
CCDC24,ENSG00000159214,43991359,43996529,1,(+),coiled-coil domain containing 24,,X,4,0,,,,,
CCNDBP1,ENSG00000166946,43185118,43197177,15,(+),cyclin D1 binding protein 1,X,X,4; 18,1,,,,,
CCDC69,ENSG00000198624,151181052,151224124,5,(-),coiled-coil domain containing 69,X,X,4; 18,1,,,,,
EIF2S3,ENSG00000130741,24054911,24078810,X,(+),eukaryotic translation initiation factor 2 subunit gamma,X,X,4; 18,1,,,,,
ALG6,ENSG00000088035,63367575,63438553,1,(+),"ALG6 alpha-1,3-glucosyltransferase",,X,4,0,,,,,
ATP6V0B,ENSG00000117410,43974487,43978295,1,(+),ATPase H+ transporting V0 subunit b,,X,4,0,,,,,
PELATON,ENSG00000224397,50233416,50312038,20,(+),plaque enriched lncRNA in atherosclerotic and inflammatory bowel macrophage regulation,,X,4,0,,,,,
PYCR2,ENSG00000143811,225919397,225924340,1,(-),pyrroline-5-carboxylate reductase 2,,X,4,0,,,,,
CYBB,ENSG00000165168,37780018,37816994,X,(+),cytochrome b-245 beta chain,,X,4,0,,,,,
COQ6,ENSG00000119723,73949926,73963670,14,(+),"coenzyme Q6, monooxygenase",,X,4,0,,,,,
IER5,ENSG00000162783,181088700,181092900,1,(+),immediate early response 5,X,X,4; 18,1,,,,,
OR1A1,ENSG00000172146,3207539,3218896,17,(+),olfactory receptor family 1 subfamily A member 1,X,X,3; 4,1,,,,,
NR1D2,ENSG00000174738,23945286,23980637,3,(+),nuclear receptor subfamily 1 group D member 2,X,X,4; 18,1,,,,,
TFPI,ENSG00000003436,187463823,187565846,2,(-),tissue factor pathway inhibitor,X,X,3; 4,1,,,,,
MACROH2A2,ENSG00000099284,70052544,70112282,10,(+),macroH2A.2 histone,,X,4,0,,,,,
FBXW4,ENSG00000107829,101610663,101695295,10,(-),F-box and WD repeat domain containing 4,,X,4,0,,,,,
LINC02246,ENSG00000281903,14819699,14918552,21,(-),NA,,X,4,0,,,,,
ATP6V0D1,ENSG00000159720,67438005,67481188,16,(-),ATPase H+ transporting V0 subunit d1,X,X,2; 4,1,,,,,
STK38,ENSG00000112079,36493880,36547516,6,(-),serine/threonine kinase 38,,X,4,0,,,,,
NEK9,ENSG00000119638,75079353,75127344,14,(-),NIMA related kinase 9,,X,4,0,,,,,
ZNF664,ENSG00000179195,123971745,124015445,12,(+),zinc finger protein 664,X,X,3; 4,1,,,,,
C16orf54,ENSG00000185905,29742463,29745990,16,(-),chromosome 16 open reading frame 54,,X,4,0,,,,,
ATP11A,ENSG00000068650,112689911,112887168,13,(+),ATPase phospholipid transporting 11A,,X,4,0,,,,,
NID1,ENSG00000116962,235975830,236065202,1,(-),nidogen 1,,X,4,0,,,,,
ZNF460-AS1,ENSG00000267871,57254567,57280418,19,(-),ZNF460 antisense RNA 1,,X,4,0,,,,,
HEG1,ENSG00000173706,124965710,125055997,3,(-),heart development protein with EGF like domains 1,,X,4,0,,,,,
HERC4,ENSG00000148634,67921899,68075342,10,(-),HECT and RLD domain containing E3 ubiquitin protein ligase 4,,X,4,0,,,,,
PIM1,ENSG00000137193,37170152,37175428,6,(+),"Pim-1 proto-oncogene, serine/threonine kinase",X,X,4; 18,1,,,,,
VPS26B,ENSG00000151502,134224613,134247794,11,(+),VPS26 retromer complex component B,,X,4,0,,,,,
DCBLD2,ENSG00000057019,98795941,98901729,3,(-),"discoidin, CUB and LCCL domain containing 2",,X,4,0,,,,,
TOR1AIP1,ENSG00000143337,179882042,179920077,1,(+),torsin 1A interacting protein 1,,X,4,0,,,,,
SSB,ENSG00000138385,169791933,169812091,2,(+),small RNA binding exonuclease protection factor La,,X,4; 5,0,,,,,
HBA2,ENSG00000188536,172876,173710,16,(+),hemoglobin subunit alpha 2,,X,4,0,,,,,
LUC7L2,ENSG00000146963,139340359,139425496,7,(+),"LUC7 like 2, pre-mRNA splicing factor",,X,4,0,,,,,
TEX261,ENSG00000144043,70968325,70994873,2,(-),testis expressed 261,,X,4,0,,,,,
SLC35E3,ENSG00000175782,68746125,68793964,12,(+),solute carrier family 35 member E3,,X,4,0,,,,,
ARMC8,ENSG00000114098,138187248,138298384,3,(+),armadillo repeat containing 8,,X,4,0,,,,,
DCP2,ENSG00000172795,112976702,113022195,5,(+),decapping mRNA 2,,X,4,0,,,,,
DYSF,ENSG00000135636,71453561,71686763,2,(+),dysferlin,X,X,4; 18,1,,,,,
CTRL,ENSG00000141086,67927640,67932365,16,(-),chymotrypsin like,,X,4,0,,,,,
UFD1,ENSG00000070010,19449911,19479215,22,(-),ubiquitin recognition factor in ER associated degradation 1,X,X,4; 18,1,,,,,
ANP32E,ENSG00000143401,150218417,150236202,1,(-),acidic nuclear phosphoprotein 32 family member E,X,X,4; 18,1,,,,,
FHIP2A,ENSG00000151553,114821744,114899832,10,(+),FHF complex subunit HOOK interacting protein 2A,X,X,4; 18,1,,,,,
LIN7C,ENSG00000148943,27494418,27506769,11,(-),"lin-7 homolog C, crumbs cell polarity complex component",,X,4,0,,,,,
FTH1P8,ENSG00000219507,148052233,148052746,X,(+),ferritin heavy chain 1 pseudogene 8,,X,4,0,,,,,
RBM25,ENSG00000119707,73058532,73123899,14,(+),RNA binding motif protein 25,,X,4,0,,,,,
PCDHB3,ENSG00000113205,141100473,141103827,5,(+),protocadherin beta 3,,X,4,0,,,,,
CDC42EP4,ENSG00000179604,73283624,73312005,17,(-),CDC42 effector protein 4,,X,4,0,,,,,
EIF3B,ENSG00000106263,2354086,2380747,7,(+),eukaryotic translation initiation factor 3 subunit B,,X,4,0,,,,,
SNHG8,ENSG00000269893,118278462,118285316,4,(+),small nucleolar RNA host gene 8,,X,4; 5,0,,,,,
NUDCD3,ENSG00000015676,44379119,44490690,7,(-),NudC domain containing 3,,X,4,0,,,,,
RARA,ENSG00000131759,40309180,40357643,17,(+),retinoic acid receptor alpha,,X,4,0,,,,,
CORO1A,ENSG00000102879,30182817,30189085,16,(+),coronin 1A,X,X,4; 5; 18,1,,,,,
MICAL1,ENSG00000135596,109444062,109465968,6,(-),"microtubule associated monooxygenase, calponin and LIM domain containing 1",,X,4,0,,,,,
NBPF3,ENSG00000142794,21440099,21485005,1,(+),NBPF member 3,,X,4,0,,,,,
ATP6V1B2,ENSG00000147416,20197381,20230399,8,(+),ATPase H+ transporting V1 subunit B2,X,X,2; 4,1,,,,,
RABGAP1L-IT1,ENSG00000223525,174896958,174897996,1,(+),RABGAP1L intronic transcript 1,,X,4,0,,,,,
CMTM2,ENSG00000140932,66579448,66588275,16,(+),CKLF like MARVEL transmembrane domain containing 2,X,X,4; 18,1,,,,,
PBRM1,ENSG00000163939,52544735,52685966,3,(-),polybromo 1,,X,4,0,,,,,
CD164,ENSG00000135535,109366514,109382469,6,(-),CD164 molecule,,X,4,0,,,,,
SLC22A23,ENSG00000137266,3268962,3457050,6,(-),solute carrier family 22 member 23,,X,4,0,,,,,
ZER1,ENSG00000160445,128729785,128772414,9,(-),zyg-11 related cell cycle regulator,,X,4,0,,,,,
SLAIN2,ENSG00000109171,48341472,48426201,4,(+),SLAIN motif family member 2,,X,4,0,,,,,
PIGN,ENSG00000197563,61905255,62187118,18,(-),phosphatidylinositol glycan anchor biosynthesis class N,,X,4,0,,,,,
H1-10,ENSG00000184897,129314771,129316286,3,(-),H1.10 linker histone,X,X,4; 18,1,,,,,
SELENOT,ENSG00000198843,150602875,150630436,3,(+),selenoprotein T,X,X,3; 4; 18,1,,,,,
ARHGEF1,ENSG00000076928,41883079,41930150,19,(+),Rho guanine nucleotide exchange factor 1,X,X,4; 18,1,,,,,
RN7SL827P,ENSG00000271986,73487590,73487877,6,(-),"RNA, 7SL, cytoplasmic 827, pseudogene",,X,4,0,,,,,
PPP1R15B,ENSG00000158615,204396492,204411887,1,(-),protein phosphatase 1 regulatory subunit 15B,,X,4,0,,,,,
MCUR1,ENSG00000050393,13786557,13814696,6,(-),mitochondrial calcium uniporter regulator 1,,X,4,0,,,,,
ALDOA,ENSG00000149925,30064164,30070457,16,(+),"aldolase, fructose-bisphosphate A",X,X,4; 18,1,,,,,
LINC00475,ENSG00000225511,92141438,92141650,9,(+),long intergenic non-protein coding RNA 475,X,X,3; 4,1,,,,,
PBXIP1,ENSG00000163346,154944059,154956451,1,(-),PBX homeobox interacting protein 1,X,X,4; 18,1,,,,,
CRCP,ENSG00000241258,66114604,66154568,7,(+),CGRP receptor component,,X,4,0,,,,,
MRPL9,ENSG00000143436,151759647,151763496,1,(-),mitochondrial ribosomal protein L9,,X,4,0,,,,,
UTP6,ENSG00000108651,31860904,31901746,17,(-),UTP6 small subunit processome component,,X,4,0,,,,,
LNPEP,ENSG00000113441,96935394,97037513,5,(+),leucyl and cystinyl aminopeptidase,,X,4,0,,,,,
CDK17,ENSG00000059758,96278242,96400562,12,(-),cyclin dependent kinase 17,X,X,4; 18,1,,,,,
RBM33,ENSG00000184863,155644451,155781485,7,(+),RNA binding motif protein 33,,X,4,0,,,,,
SAFB,ENSG00000160633,5623035,5668478,19,(+),scaffold attachment factor B,,X,4,0,,,,,
ELN,ENSG00000049540,74027789,74069909,7,(+),elastin,,X,4,0,,,,,
MN1,ENSG00000169184,27748277,27801756,22,(-),"MN1 proto-oncogene, transcriptional regulator",X,X,2; 4,1,,,,,
GIGYF1,ENSG00000146830,100679505,100694480,7,(-),GRB10 interacting GYF protein 1,,X,4,0,,,,,
ARGLU1,ENSG00000134884,106541673,106568161,13,(-),arginine and glutamate rich 1,,X,4,0,,,,,
PCMTD1,ENSG00000168300,51817575,51900042,8,(-),protein-L-isoaspartate (D-aspartate) O-methyltransferase domain containing 1,,X,4,0,,,,,
IGKV4-1,ENSG00000211598,88885397,88886153,2,(+),immunoglobulin kappa variable 4-1,,X,4,0,,,,,
H1-0,ENSG00000189060,37805229,37807432,22,(+),H1.0 linker histone,,X,4,0,,,,,
CAPZA1,ENSG00000116489,112619173,112671616,1,(+),capping actin protein of muscle Z-line subunit alpha 1,X,X,2; 4; 18,1,,,,,
SETD1B,ENSG00000139718,121804009,121832656,12,(+),"SET domain containing 1B, histone lysine methyltransferase",,X,4,0,,,,,
CLCN7,ENSG00000103249,1444934,1475104,16,(-),chloride voltage-gated channel 7,X,X,2; 4,1,,,,,
DCAF11,ENSG00000100897,24114010,24125614,14,(+),DDB1 and CUL4 associated factor 11,,X,4,0,,,,,
SFPQ,ENSG00000116560,35176378,35193446,1,(-),splicing factor proline and glutamine rich,X,X,4; 18,1,,,,,
CMTM4,ENSG00000183723,66614750,66696743,16,(-),CKLF like MARVEL transmembrane domain containing 4,,X,4,0,,,,,
ACCSL,ENSG00000205126,44047981,44059977,11,(+),1-aminocyclopropane-1-carboxylate synthase homolog (inactive) like,,X,4,0,,,,,
CNTRL,ENSG00000119397,121074660,121177729,9,(+),centriolin,X,X,4; 18,1,,,,,
RFXAP,ENSG00000133111,36819222,36829104,13,(+),regulatory factor X associated protein,,X,4,0,,,,,
IGSF9B,ENSG00000080854,133896438,133956968,11,(-),immunoglobulin superfamily member 9B,,X,4,0,,,,,
XRCC6,ENSG00000196419,41620786,41664087,22,(+),X-ray repair cross complementing 6,X,X,4; 5; 18,1,,,,,
UGCG,ENSG00000148154,111896814,111935374,9,(+),UDP-glucose ceramide glucosyltransferase,X,X,2; 4,1,,,,,
DCAF7,ENSG00000136485,63550222,63594286,17,(+),DDB1 and CUL4 associated factor 7,,X,4,0,,,,,
CAPZB,ENSG00000077549,19338775,19485600,1,(-),capping actin protein of muscle Z-line subunit beta,X,X,4; 18,1,,,,,
TRUB2,ENSG00000167112,128305159,128322741,9,(-),TruB pseudouridine synthase family member 2,,X,4,0,,,,,
RND1,ENSG00000172602,48857145,48865870,12,(-),Rho family GTPase 1,X,X,2; 4,1,,,,,
RPS12,ENSG00000112306,132814557,132817577,6,(+),ribosomal protein S12,X,X,4; 18,1,,,,,
ARSK,ENSG00000164291,95555101,95605102,5,(+),arylsulfatase family member K,,X,4,0,,,,,
USP6NL,ENSG00000148429,11460328,11611803,10,(-),USP6 N-terminal like,,X,4,0,,,,,
UBR4,ENSG00000127481,19074510,19210266,1,(-),ubiquitin protein ligase E3 component n-recognin 4,,X,4; 5,0,,,,,
BDP1,ENSG00000145734,71455651,71567820,5,(+),BDP1 general transcription factor IIIB subunit,,X,4,0,,,,,
SLK,ENSG00000065613,103966916,104029242,10,(+),STE20 like kinase,,X,4,0,,,,,
LINC00662,ENSG00000261824,27681072,27794005,19,(-),long intergenic non-protein coding RNA 662,,X,4,0,,,,,
ARHGAP25,ENSG00000163219,68679601,68826833,2,(+),Rho GTPase activating protein 25,X,X,4; 18,1,,,,,
BID,ENSG00000015475,17734138,17774770,22,(-),BH3 interacting domain death agonist,,X,4,0,,,,,
CLCN2,ENSG00000114859,184346185,184363274,3,(-),chloride voltage-gated channel 2,X,X,2; 4,1,,,,,
SHISAL1,ENSG00000138944,44243665,44312951,22,(-),shisa like 1,,X,4,0,,,,,
C16orf74,ENSG00000154102,85690084,85751129,16,(-),chromosome 16 open reading frame 74,,X,4,0,,,,,
TMSB10,ENSG00000034510,84904923,84906680,2,(+),thymosin beta 10,X,X,4; 18,1,,,,,
LFNG,ENSG00000106003,2512529,2529177,7,(+),LFNG O-fucosylpeptide 3-beta-N-acetylglucosaminyltransferase,X,X,4; 18,1,,,,,
MAST2,ENSG00000086015,45786987,46036228,1,(+),microtubule associated serine/threonine kinase 2,,X,4,0,,,,,
CTDP1,ENSG00000060069,79679803,79754503,18,(+),CTD phosphatase subunit 1,,X,4,0,,,,,
RC3H2,ENSG00000056586,122844556,122905513,9,(-),ring finger and CCCH-type domains 2,,X,4,0,,,,,
CNBP,ENSG00000169714,129167818,129184008,3,(-),CCHC-type zinc finger nucleic acid binding protein,,X,4,0,,,,,
SLU7,ENSG00000164609,160401641,160421711,5,(-),"SLU7 homolog, splicing factor",,X,4,0,,,,,
ARHGAP23,ENSG00000275832,38419280,38512385,17,(+),Rho GTPase activating protein 23,,X,4,0,,,,,
THRAP3,ENSG00000054118,36224392,36305376,1,(+),thyroid hormone receptor associated protein 3,X,X,4; 18,1,,,,,
UBE2J1,ENSG00000198833,89326608,89352902,6,(-),ubiquitin conjugating enzyme E2 J1,,X,4,0,,,,,
YWHAQP5,ENSG00000236564,98694109,98695490,2,(+),YWHAQ pseudogene 5,,X,4,0,,,,,
ANXA2,ENSG00000182718,60347134,60402883,15,(-),annexin A2,X,X,3; 4; 18,1,,,,,
KNSTRN,ENSG00000128944,40382721,40394288,15,(+),kinetochore localized astrin (SPAG5) binding protein,,X,4,0,,,,,
RPL24,ENSG00000114391,101681091,101686757,3,(-),ribosomal protein L24,X,X,4; 5; 18,1,,,,,
DERL2,ENSG00000072849,5471254,5486811,17,(-),derlin 2,,X,4,0,,,,,
BTBD11,ENSG00000151136,107318421,107659642,12,(+),BTB domain containing 11,,X,4,0,,,,,
MAP3K1,ENSG00000095015,56815538,56896152,5,(+),mitogen-activated protein kinase kinase kinase 1,X,X,4; 18,1,,,,,
ACACB,ENSG00000076555,109116587,109268226,12,(+),acetyl-CoA carboxylase beta,,X,4,0,,,,,
EEF1A1P6,ENSG00000233476,22510616,22511999,7,(-),eukaryotic translation elongation factor 1 alpha 1 pseudogene 6,X,X,3; 4,1,,,,,
ADSL,ENSG00000239900,40346461,40390463,22,(+),adenylosuccinate lyase,X,X,4; 18,1,,,,,
LINC02930,ENSG00000274461,120608573,120825317,10,(+),long intergenic non-protein coding RNA 2930,,X,4,0,,,,,
MLIP,ENSG00000146147,53929982,54266946,6,(+),muscular LMNA interacting protein,,X,4,0,,,,,
CLIC1,ENSG00000213719,31730581,31740558,6,(-),chloride intracellular channel 1,X,X,4; 18,1,,,,,
SPATA33,ENSG00000167523,89657740,89671272,16,(+),spermatogenesis associated 33,X,X,4; 18,1,,,,,
SEL1L,ENSG00000071537,81471547,81533863,14,(-),SEL1L adaptor subunit of SYVN1 ubiquitin ligase,,X,4,0,,,,,
FAM120AOS,ENSG00000188938,93431441,93453581,9,(-),family with sequence similarity 120 member A opposite strand,,X,4,0,,,,,
SARS1,ENSG00000031698,109213844,109238773,1,(+),seryl-tRNA synthetase 1,,X,4,0,,,,,
COX7A2L,ENSG00000115944,42333546,42425088,2,(-),cytochrome c oxidase subunit 7A2 like,,X,4,0,,,,,
BLM,ENSG00000197299,90717340,90816166,15,(+),BLM RecQ like helicase,X,X,2; 3; 4,1,,,,,
NKAPL,ENSG00000189134,28259297,28260958,6,(+),NFKB activating protein like,,X,4,0,,,,,
ARHGAP12,ENSG00000165322,31805398,31928876,10,(-),Rho GTPase activating protein 12,,X,4,0,,,,,
RN7SL559P,ENSG00000240750,28031884,28032180,1,(-),"RNA, 7SL, cytoplasmic 559, pseudogene",,X,4,0,,,,,
RAD52,ENSG00000002016,910870,990053,12,(-),"RAD52 homolog, DNA repair protein",,X,4,0,,,,,
ZNF143,ENSG00000166478,9460319,9529002,11,(+),zinc finger protein 143,,X,4,0,,,,,
MTND2P28,ENSG00000225630,629640,630683,1,(+),MT-ND2 pseudogene 28,,X,4,0,,,,,
NFATC2,ENSG00000101096,51386957,51562831,20,(-),nuclear factor of activated T cells 2,X,X,4; 18,1,,,,,
ZNFX1,ENSG00000124201,49237946,49278426,20,(-),zinc finger NFX1-type containing 1,,X,4,0,,,,,
SMG1P5,ENSG00000183604,30267553,30335054,16,(-),SMG1 pseudogene 5,,X,4,0,,,,,
BTG2,ENSG00000159388,203305491,203309602,1,(+),BTG anti-proliferation factor 2,,X,4,0,,,,,
RALY,ENSG00000125970,33993632,34108308,20,(+),RALY heterogeneous nuclear ribonucleoprotein,X,X,4; 18,1,,,,,
KDM1B,ENSG00000165097,18155329,18223854,6,(+),lysine demethylase 1B,,X,4,0,,,,,
ITPK1,ENSG00000100605,92936914,93116458,14,(-),inositol-tetrakisphosphate 1-kinase,,X,4,0,,,,,
RPL19,ENSG00000108298,39200283,39204840,17,(+),ribosomal protein L19,X,X,4; 5; 18,1,,,,,
TMBIM4,ENSG00000155957,66135846,66170027,12,(-),transmembrane BAX inhibitor motif containing 4,X,X,4; 18,1,,,,,
MGMT,ENSG00000170430,129466679,129770983,10,(+),O-6-methylguanine-DNA methyltransferase,,X,4,0,,,,,
OR7E89P,ENSG00000243792,158853755,158854576,2,(+),olfactory receptor family 7 subfamily E member 89 pseudogene,,X,4,0,,,,,
RPS13,ENSG00000110700,17074385,17077727,11,(-),ribosomal protein S13,X,X,4; 5; 18,1,,,,,
HSP90AA1,ENSG00000080824,102080738,102139699,14,(-),heat shock protein 90 alpha family class A member 1,X,X,4; 18,1,,,,,
ILDR2,ENSG00000143195,166895711,166975540,1,(-),immunoglobulin like domain containing receptor 2,,X,4,0,,,,,
ARL4C,ENSG00000188042,234493041,234497081,2,(-),ARF like GTPase 4C,X,X,4; 18,1,,,,,
REST,ENSG00000084093,56907876,56966808,4,(+),RE1 silencing transcription factor,,X,4,0,,,,,
PHB1,ENSG00000167085,49404009,49414905,17,(-),prohibitin 1,,X,4,0,,,,,
PLPBP,ENSG00000147471,37762585,37779770,8,(+),pyridoxal phosphate binding protein,,X,4,0,,,,,
SNX29,ENSG00000048471,11976734,12574287,16,(+),sorting nexin 29,,X,4,0,,,,,
SH2D3A,ENSG00000125731,6752160,6768109,19,(-),SH2 domain containing 3A,,X,4,0,,,,,
SNRNP200,ENSG00000144028,96274338,96321271,2,(-),small nuclear ribonucleoprotein U5 subunit 200,,X,4,0,,,,,
STK17A,ENSG00000164543,43582758,43650713,7,(+),serine/threonine kinase 17a,X,X,4; 18,1,,,,,
MARF1,ENSG00000166783,15594302,15643209,16,(-),meiosis regulator and mRNA stability factor 1,,X,4,0,,,,,
GFI1B,ENSG00000165702,132944000,132991687,9,(+),growth factor independent 1B transcriptional repressor,,X,4,0,,,,,
PI4KB,ENSG00000143393,151291792,151328394,1,(-),phosphatidylinositol 4-kinase beta,X,X,2; 4,1,,,,,
POLR2J2,ENSG00000228049,102665368,102671663,7,(-),RNA polymerase II subunit J2,,X,4,0,,,,,
DYRK1A,ENSG00000157540,37365573,37526358,21,(+),dual specificity tyrosine phosphorylation regulated kinase 1A,,X,4,0,,,,,
RUBCN,ENSG00000145016,197668867,197749727,3,(-),rubicon autophagy regulator,,X,4,0,,,,,
SPCS1,ENSG00000114902,52704955,52711148,3,(+),signal peptidase complex subunit 1,,X,4; 5,0,,,,,
RPL27A,ENSG00000166441,8682732,8714759,11,(+),ribosomal protein L27a,X,X,4; 5; 18,1,,,,,
MMRN1,ENSG00000138722,89879532,89954629,4,(+),multimerin 1,,X,4,0,,,,,
VSIR,ENSG00000107738,71747556,71773608,10,(-),V-set immunoregulatory receptor,X,X,4; 18,1,,,,,
CDR2,ENSG00000140743,22345936,22437165,16,(-),cerebellar degeneration related protein 2,,X,4,0,,,,,
NFAT5,ENSG00000102908,69565094,69704666,16,(+),nuclear factor of activated T cells 5,,X,4,0,,,,,
ATP5F1C,ENSG00000165629,7788092,7807815,10,(+),ATP synthase F1 subunit gamma,X,X,4; 5; 18,1,,,,,
PPM1N,ENSG00000213889,45488777,45503129,19,(+),"protein phosphatase, Mg2+/Mn2+ dependent 1N (putative)",,X,4,0,,,,,
LMO2,ENSG00000135363,33858574,33892076,11,(-),LIM domain only 2,,X,4,0,,,,,
S100A6,ENSG00000197956,153534591,153536549,1,(-),S100 calcium binding protein A6,X,X,3; 4; 18,1,,,,,
POLR2J3,ENSG00000168255,102537918,102572653,7,(-),RNA polymerase II subunit J3,,X,4,0,,,,,
ADPRS,ENSG00000116863,36088878,36093932,1,(+),ADP-ribosylserine hydrolase,,X,4; 5,0,,,,,
HOXC6,ENSG00000197757,53990624,54030823,12,(+),homeobox C6,,X,4,0,,,,,
IGHA2,ENSG00000211890,105583731,105588395,14,(-),immunoglobulin heavy constant alpha 2 (A2m marker),,X,4,0,,,,,
PRKCSH,ENSG00000130175,11422369,11450969,19,(+),PRKCSH beta subunit of glucosidase II,,X,4,0,,,,,
STK17B,ENSG00000081320,196133583,196176503,2,(-),serine/threonine kinase 17b,X,X,4; 18,1,,,,,
GBF1,ENSG00000107862,102245371,102382899,10,(+),golgi brefeldin A resistant guanine nucleotide exchange factor 1,,X,4,0,,,,,
WDR45,ENSG00000196998,49074433,49101203,X,(-),WD repeat domain 45,,X,4,0,,,,,
PIGM,ENSG00000143315,160024953,160031990,1,(-),phosphatidylinositol glycan anchor biosynthesis class M,,X,4,0,,,,,
UBA6,ENSG00000033178,67612652,67701199,4,(-),ubiquitin like modifier activating enzyme 6,X,X,2; 5,1,,,,,
IGHA1,ENSG00000211895,105703995,105708665,14,(-),immunoglobulin heavy constant alpha 1,,X,4,0,,,,,
SRRT,ENSG00000087087,100875065,100888664,7,(+),"serrate, RNA effector molecule",X,X,4; 18,1,,,,,
STXBP3,ENSG00000116266,108746634,108809525,1,(+),syntaxin binding protein 3,,X,4,0,,,,,
MYBPH,ENSG00000133055,203167811,203175880,1,(-),myosin binding protein H,,X,4,0,,,,,
TRBC1,ENSG00000211751,142791694,142793368,7,(+),T cell receptor beta constant 1,,X,4,0,,,,,
MBD6,ENSG00000166987,57520710,57530148,12,(+),methyl-CpG binding domain protein 6,,X,4,0,,,,,
CYBC1,ENSG00000178927,82440912,82450829,17,(-),cytochrome b-245 chaperone 1,,X,4,0,,,,,
CLNS1A,ENSG00000074201,77514936,77637809,11,(-),chloride nucleotide-sensitive channel 1A,,X,4,0,,,,,
DPYD,ENSG00000188641,97077743,97995000,1,(-),dihydropyrimidine dehydrogenase,,X,4,0,,,,,
KLF2-DT,ENSG00000267275,16283352,16325022,19,(-),KLF2 divergent transcript,,X,4,0,,,,,
ZNF646,ENSG00000167395,31074403,31084196,16,(+),zinc finger protein 646,X,X,2; 4,1,,,,,
FARP2,ENSG00000006607,241356264,241494847,2,(+),"FERM, ARH/RhoGEF and pleckstrin domain protein 2",,X,4,0,,,,,
PTMAP5,ENSG00000214182,81690068,81690400,13,(+),prothymosin alpha pseudogene 5,X,X,3; 4,1,,,,,
ROCK2,ENSG00000134318,11179759,11348330,2,(-),Rho associated coiled-coil containing protein kinase 2,,X,4; 5,0,,,,,
B4GALNT4,ENSG00000182272,369457,382117,11,(+),"beta-1,4-N-acetyl-galactosaminyltransferase 4",,X,4,0,,,,,
GPRIN2,ENSG00000204175,46541736,46557569,10,(-),G protein regulated inducer of neurite outgrowth 2,,X,4,0,,,,,
FAM234A,ENSG00000167930,234521,272183,16,(+),family with sequence similarity 234 member A,,X,4,0,,,,,
FMNL1,ENSG00000184922,45220736,45247319,17,(+),formin like 1,X,X,4; 18,1,,,,,
RPS15A,ENSG00000134419,18781295,18790383,16,(-),ribosomal protein S15a,X,X,4; 5; 18,1,,,,,
YBX1,ENSG00000065978,42682408,42703805,1,(+),Y-box binding protein 1,X,X,4; 18,1,,,,,
KLHL5,ENSG00000109790,39044721,39126857,4,(+),kelch like family member 5,,X,4,0,,,,,
TOP2B,ENSG00000077097,25597978,25664973,3,(-),DNA topoisomerase II beta,,X,4,0,,,,,
VAT1L,ENSG00000171724,77788564,77980107,16,(+),vesicle amine transport 1 like,,X,4,0,,,,,
MAP3K2,ENSG00000169967,127298668,127388465,2,(-),mitogen-activated protein kinase kinase kinase 2,,X,4,0,,,,,
DDX39A,ENSG00000123136,14408798,14419383,19,(-),DExD-box helicase 39A,X,X,2; 4; 18,1,,,,,
TTC37,ENSG00000198677,95461755,95554977,5,(-),tetratricopeptide repeat domain 37,,X,4,0,,,,,
RRP1,ENSG00000160214,43789513,43805757,21,(+),ribosomal RNA processing 1,,X,4,0,,,,,
FAM13B,ENSG00000031003,137937960,138051961,5,(-),family with sequence similarity 13 member B,,X,4,0,,,,,
H3C1,ENSG00000275714,26020451,26021487,6,(+),H3 clustered histone 1,,X,4,0,,,,,
MED13L,ENSG00000123066,115957905,116277693,12,(-),mediator complex subunit 13L,,X,4,0,,,,,
ASAH1,ENSG00000104763,18055992,18084998,8,(-),N-acylsphingosine amidohydrolase 1,,X,4,0,,,,,
GAS7,ENSG00000007237,9910606,10198853,17,(-),growth arrest specific 7,,X,4,0,,,,,
FBXW7,ENSG00000109670,152320544,152536107,4,(-),F-box and WD repeat domain containing 7,,X,4,0,,,,,
MYO18A,ENSG00000196535,29071119,29180456,17,(-),myosin XVIIIA,,X,4,0,,,,,
TNK2,ENSG00000061938,195863364,195911945,3,(-),tyrosine kinase non receptor 2,,X,4,0,,,,,
WARS2-AS1,ENSG00000231365,119140391,119362600,1,(+),WARS2 antisense RNA 1,,X,4,0,,,,,
LMNB2,ENSG00000176619,2427638,2456992,19,(-),lamin B2,X,X,2; 4; 18,1,,,,,
MDGA1,ENSG00000112139,37630679,37699306,6,(-),MAM domain containing glycosylphosphatidylinositol anchor 1,,X,4,0,,,,,
JCHAIN,ENSG00000132465,70655541,70681817,4,(-),joining chain of multimeric IgA and IgM,,X,4,0,,,,,
IGLC1,ENSG00000211675,22895375,22895834,22,(+),immunoglobulin lambda constant 1,,X,4,0,,,,,
POLR1A,ENSG00000068654,86020216,86106155,2,(-),RNA polymerase I subunit A,,X,4,0,,,,,
NDUFB11,ENSG00000147123,47142071,47145466,X,(-),NADH:ubiquinone oxidoreductase subunit B11,X,X,4; 18,1,,,,,
LOXL2,ENSG00000134013,23296897,23425328,8,(-),lysyl oxidase like 2,,X,4,0,,,,,
ELAVL1,ENSG00000066044,7958573,8006062,19,(-),ELAV like RNA binding protein 1,,X,4,0,,,,,
ANKRD18A,ENSG00000180071,38540567,38620596,9,(-),ankyrin repeat domain 18A,,X,4,0,,,,,
RAPGEF6,ENSG00000158987,131423921,131635234,5,(-),Rap guanine nucleotide exchange factor 6,X,X,4; 18,1,,,,,
MS4A6A,ENSG00000110077,60170074,60184666,11,(-),membrane spanning 4-domains A6A,,X,4,0,,,,,
NTPCR,ENSG00000135778,232950564,232983882,1,(+),"nucleoside-triphosphatase, cancer-related",,X,4,0,,,,,
NTNG1,ENSG00000162631,107140007,107484923,1,(+),netrin G1,,X,4,0,,,,,
FBXO38-DT,ENSG00000247199,148088125,148383911,5,(-),FBXO38 divergent transcript,X,X,3; 4,1,,,,,
CPEB4,ENSG00000113742,173888349,173961980,5,(+),cytoplasmic polyadenylation element binding protein 4,,X,4,0,,,,,
DIO3,ENSG00000197406,101560139,101563452,14,(+),iodothyronine deiodinase 3,,X,4,0,,,,,
PPP1R9B,ENSG00000108819,50133737,50150703,17,(-),protein phosphatase 1 regulatory subunit 9B,,X,4,0,,,,,
CCDC175,ENSG00000151838,59504539,59576812,14,(-),coiled-coil domain containing 175,,X,4,0,,,,,
RDH13,ENSG00000160439,55039108,55071291,19,(-),retinol dehydrogenase 13,,X,4,0,,,,,
YEATS2,ENSG00000163872,183697748,183812805,3,(+),YEATS domain containing 2,,X,4,0,,,,,
RNF19B,ENSG00000116514,32929036,32964915,1,(-),ring finger protein 19B,,X,4,0,,,,,
MIR3142HG,ENSG00000253522,160438594,160600965,5,(+),MIR3142 host gene,X,X,2; 4,1,,,,,
SCARB1,ENSG00000073060,124776856,124882668,12,(-),scavenger receptor class B member 1,,X,4,0,,,,,
SALL4P1,ENSG00000250308,57422464,57424391,5,(+),spalt like transcription factor 4 pseudogene 1,,X,4,0,,,,,
CYFIP2,ENSG00000055163,157266079,157395595,5,(+),cytoplasmic FMR1 interacting protein 2,,X,4,0,,,,,
MX2,ENSG00000183486,41361957,41409417,21,(+),MX dynamin like GTPase 2,,X,4,0,,,,,
NUMB,ENSG00000133961,73274146,73466167,14,(-),NUMB endocytic adaptor protein,,X,4,0,,,,,
GLIDR,ENSG00000278175,39705825,39810128,9,(-),glioblastoma down-regulated RNA,,X,4,0,,,,,
RPL21P8,ENSG00000180662,65467807,65468341,14,(-),ribosomal protein L21 pseudogene 8,,X,4,0,,,,,
MED17,ENSG00000042429,93784227,93814963,11,(+),mediator complex subunit 17,,X,4,0,,,,,
CUL4B,ENSG00000158290,120505920,120604074,X,(-),cullin 4B,,X,4,0,,,,,
MIDEAS,ENSG00000156030,73715122,73790285,14,(-),mitotic deacetylase associated SANT domain protein,,X,4,0,,,,,
RELCH,ENSG00000134444,62187255,62310249,18,(+),"RAB11 binding and LisH domain, coiled-coil and HEAT repeat containing",,X,4,0,,,,,
RNF141,ENSG00000110315,10511673,10541334,11,(-),ring finger protein 141,,X,4,0,,,,,
TRPM7,ENSG00000092439,50552473,50686797,15,(-),transient receptor potential cation channel subfamily M member 7,,X,4,0,,,,,
PPP6R1,ENSG00000105063,55229776,55259070,19,(-),protein phosphatase 6 regulatory subunit 1,X,X,2; 4,1,,,,,
ITPRID1,ENSG00000180347,31514090,31656504,7,(+),ITPR interacting domain containing 1,,X,4,0,,,,,
LPXN,ENSG00000110031,58526871,58578220,11,(-),leupaxin,X,X,4; 18,1,,,,,
RNF167,ENSG00000108523,4939997,4945222,17,(+),ring finger protein 167,X,X,4; 18,1,,,,,
PCGF5,ENSG00000180628,91162339,91284337,10,(+),polycomb group ring finger 5,,X,4,0,,,,,
KLF9,ENSG00000119138,70384604,70414657,9,(-),KLF transcription factor 9,,X,4,0,,,,,
KCNJ6,ENSG00000157542,37607373,38121345,21,(-),potassium inwardly rectifying channel subfamily J member 6,,X,4,0,,,,,
IGSF8,ENSG00000162729,160091340,160101109,1,(-),immunoglobulin superfamily member 8,,X,4,0,,,,,
ZFP36L2,ENSG00000152518,43222402,43226606,2,(-),ZFP36 ring finger protein like 2,X,X,4; 18,1,,,,,
GMPS,ENSG00000163655,155870591,155944020,3,(+),guanine monophosphate synthase,X,X,4; 18,1,,,,,
AP1B1,ENSG00000100280,29327680,29388612,22,(-),adaptor related protein complex 1 subunit beta 1,,X,4,0,,,,,
GOSR1,ENSG00000108587,30477362,30527592,17,(+),golgi SNAP receptor complex member 1,,X,4,0,,,,,
NFXL1,ENSG00000170448,47847233,47914667,4,(-),"nuclear transcription factor, X-box binding like 1",,X,4,0,,,,,
TALAM1,ENSG00000289740,65499045,65507432,11,(-),"TALAM1 transcript, MALAT1 antisense RNA",,X,4,0,,,,,
ARHGAP30,ENSG00000186517,161046946,161069970,1,(-),Rho GTPase activating protein 30,X,X,4; 18,1,,,,,
MEF2D,ENSG00000116604,156463727,156501266,1,(-),myocyte enhancer factor 2D,,X,4,0,,,,,
APPAT,ENSG00000230606,97416165,97433527,2,(-),NA,,X,4,0,,,,,
GNAI2,ENSG00000114353,50226292,50259362,3,(+),G protein subunit alpha i2,X,X,4; 18,1,,,,,
MXRA7,ENSG00000182534,76672551,76711004,17,(-),matrix remodeling associated 7,X,X,4; 18,1,,,,,
LEPROT,ENSG00000213625,65420587,65436007,1,(+),leptin receptor overlapping transcript,,X,4,0,,,,,
TMX1,ENSG00000139921,51240162,51257655,14,(+),thioredoxin related transmembrane protein 1,X,X,4; 18,1,,,,,
CDV3,ENSG00000091527,133573686,133590261,3,(+),CDV3 homolog,,X,4,0,,,,,
EIF4G3,ENSG00000075151,20806292,21177285,1,(-),eukaryotic translation initiation factor 4 gamma 3,,X,4,0,,,,,
CCNL1,ENSG00000163660,157146508,157160760,3,(-),cyclin L1,,X,4,0,,,,,
ARFGEF2,ENSG00000124198,48921711,49036693,20,(+),ARF guanine nucleotide exchange factor 2,,X,4,0,,,,,
RPS6P21,ENSG00000243499,131667492,131668246,12,(+),ribosomal protein S6 pseudogene 21,,X,4,0,,,,,
AKR7A2,ENSG00000053371,19301991,19312144,1,(-),aldo-keto reductase family 7 member A2,,X,4,0,,,,,
ZNF818P,ENSG00000269001,53204016,53214522,19,(+),"zinc finger protein 818, pseudogene",,X,4,0,,,,,
TXNIP,ENSG00000265972,145992435,145996580,1,(-),thioredoxin interacting protein,X,X,4; 18,1,,,,,
LINC00324,ENSG00000178977,8220616,8224079,17,(-),long intergenic non-protein coding RNA 324,,X,4,0,,,,,
IFT80,ENSG00000068885,160256986,160400357,3,(-),intraflagellar transport 80,,X,4,0,,,,,
HYOU1,ENSG00000149428,119044185,119057252,11,(-),hypoxia up-regulated 1,,X,4,0,,,,,
BTBD1,ENSG00000064726,83016423,83067281,15,(-),BTB domain containing 1,,X,4,0,,,,,
RDX,ENSG00000137710,109864295,110296712,11,(-),radixin,X,X,3; 4,1,,,,,
GLB1,ENSG00000170266,32996609,33097202,3,(-),galactosidase beta 1,X,X,3; 4,1,,,,,
MFSD14A,ENSG00000156875,100038076,100083945,1,(+),major facilitator superfamily domain containing 14A,,X,4,0,,,,,
GIGYF2,ENSG00000204120,232697259,232860605,2,(+),GRB10 interacting GYF protein 2,,X,4,0,,,,,
VPS13C,ENSG00000129003,61852389,62060473,15,(-),vacuolar protein sorting 13 homolog C,,X,4,0,,,,,
RPS25,ENSG00000118181,119015508,119018724,11,(-),ribosomal protein S25,X,X,4; 5; 18,1,,,,,
WAC,ENSG00000095787,28532493,28623112,10,(+),WW domain containing adaptor with coiled-coil,,X,4,0,,,,,
RFTN1,ENSG00000131378,16313574,16514026,3,(-),"raftlin, lipid raft linker 1",X,X,4; 18,1,,,,,
ERGIC3,ENSG00000125991,35542024,35557634,20,(+),ERGIC and golgi 3,,X,4,0,,,,,
RN7SL685P,ENSG00000242315,100957883,100958180,8,(+),"RNA, 7SL, cytoplasmic 685, pseudogene",,X,4,0,,,,,
PPP1R8,ENSG00000117751,27830782,27851676,1,(+),protein phosphatase 1 regulatory subunit 8,,X,4,0,,,,,
SRM,ENSG00000116649,11054584,11060053,1,(-),spermidine synthase,,X,4,0,,,,,
SIRT3,ENSG00000142082,215028,236931,11,(-),sirtuin 3,,X,4,0,,,,,
TBCE,ENSG00000284770,235367360,235452443,1,(+),tubulin folding cofactor E,,X,4,0,,,,,
PDE7A,ENSG00000205268,65714334,65842529,8,(-),phosphodiesterase 7A,X,X,4; 18,1,,,,,
CRELD2,ENSG00000184164,49917989,49927544,22,(+),cysteine rich with EGF like domains 2,,X,4,0,,,,,
MS4A2,ENSG00000149534,60088261,60098467,11,(+),membrane spanning 4-domains A2,,X,4,0,,,,,
DTL,ENSG00000143476,212035553,212107400,1,(+),denticleless E3 ubiquitin protein ligase homolog,X,X,4; 18,1,,,,,
ANAPC2,ENSG00000176248,137174784,137189028,9,(-),anaphase promoting complex subunit 2,,X,4,0,,,,,
MED13,ENSG00000108510,61942605,62065278,17,(-),mediator complex subunit 13,,X,4; 5,0,,,,,
TOMM7,ENSG00000196683,22812628,22822849,7,(-),translocase of outer mitochondrial membrane 7,X,X,4; 5; 18,1,,,,,
LCOR,ENSG00000196233,96831803,96995956,10,(+),ligand dependent nuclear receptor corepressor,,X,4; 5,0,,,,,
RXRA,ENSG00000186350,134317098,134440585,9,(+),retinoid X receptor alpha,,X,4,0,,,,,
KCNA7,ENSG00000104848,49067397,49072699,19,(-),potassium voltage-gated channel subfamily A member 7,,X,4,0,,,,,
KDM4B,ENSG00000127663,4969107,5153611,19,(+),lysine demethylase 4B,,X,4,0,,,,,
TGFBI,ENSG00000120708,136028988,136063818,5,(+),transforming growth factor beta induced,X,X,3; 4,1,,,,,
BEND3,ENSG00000178409,107065138,107116234,6,(-),BEN domain containing 3,,X,4,0,,,,,
ATP8B2,ENSG00000143515,154325520,154351307,1,(+),ATPase phospholipid transporting 8B2,,X,4,0,,,,,
RAB1B,ENSG00000174903,66268590,66277492,11,(+),"RAB1B, member RAS oncogene family",X,X,4; 18,1,,,,,
ACADVL,ENSG00000072778,7217125,7225269,17,(+),acyl-CoA dehydrogenase very long chain,,X,4,0,,,,,
GPSM2,ENSG00000121957,108875350,108934545,1,(+),G protein signaling modulator 2,X,X,4; 18,1,,,,,
ERP27,ENSG00000139055,14914039,14938537,12,(-),endoplasmic reticulum protein 27,,X,4,0,,,,,
ZC3H13,ENSG00000123200,45954364,46052781,13,(-),zinc finger CCCH-type containing 13,,X,4,0,,,,,
SNX16,ENSG00000104497,81799581,81842866,8,(-),sorting nexin 16,,X,4,0,,,,,
CYTIP,ENSG00000115165,157409360,157491093,2,(-),cytohesin 1 interacting protein,,X,4,0,,,,,
FLII,ENSG00000177731,18244782,18258772,17,(-),FLII actin remodeling protein,,X,4,0,,,,,
ANXA1,ENSG00000135046,73148874,73170629,9,(+),annexin A1,X,X,4; 18,1,,,,,
RBP7,ENSG00000162444,9997054,10016021,1,(+),retinol binding protein 7,,X,4,0,,,,,
IKZF1,ENSG00000185811,50303412,50405101,7,(+),IKAROS family zinc finger 1,,X,4,0,,,,,
RN7SL711P,ENSG00000276047,123070782,123071080,5,(+),"RNA, 7SL, cytoplasmic 711, pseudogene",,X,4,0,,,,,
IGLV1-50,ENSG00000211645,22327300,22327814,22,(+),immunoglobulin lambda variable 1-50 (non-functional),,X,4,0,,,,,
SLTM,ENSG00000137776,58879049,58933991,15,(-),SAFB like transcription modulator,,X,4,0,,,,,
PPT1,ENSG00000131238,40072710,40097267,1,(-),palmitoyl-protein thioesterase 1,,X,4,0,,,,,
SGTA,ENSG00000104969,2754711,2783390,19,(-),small glutamine rich tetratricopeptide repeat co-chaperone alpha,,X,4,0,,,,,
TMSB4XP4,ENSG00000223551,128342153,128342770,9,(+),TMSB4X pseudogene 4,,X,4,0,,,,,
ATAD2,ENSG00000156802,123319850,123416350,8,(-),ATPase family AAA domain containing 2,X,X,4; 18,1,,,,,
PINK1,ENSG00000158828,20633458,20651511,1,(+),PTEN induced kinase 1,X,X,4,1,,,,,
USP49,ENSG00000164663,41789896,41895375,6,(-),ubiquitin specific peptidase 49,,X,4,0,,,,,
CTPS2,ENSG00000047230,16587950,16712976,X,(-),CTP synthase 2,,X,4,0,,,,,
FEZF2,ENSG00000153266,62369681,62374473,3,(-),FEZ family zinc finger 2,,X,4,0,,,,,
COPB1,ENSG00000129083,14443357,14500027,11,(-),COPI coat complex subunit beta 1,,X,4,0,,,,,
AGPAT5,ENSG00000155189,6708341,6761503,8,(+),1-acylglycerol-3-phosphate O-acyltransferase 5,,X,4,0,,,,,
VPS53,ENSG00000141252,508503,721717,17,(-),VPS53 subunit of GARP complex,,X,4,0,,,,,
ELFN2,ENSG00000243902,37339565,37427445,22,(-),extracellular leucine rich repeat and fibronectin type III domain containing 2,,X,4,0,,,,,
APOBEC3D,ENSG00000243811,39021113,39033277,22,(+),apolipoprotein B mRNA editing enzyme catalytic subunit 3D,,X,4,0,,,,,
RNF125,ENSG00000101695,32018174,32088144,18,(+),ring finger protein 125,,X,4,0,,,,,
CD300A,ENSG00000167851,74466399,74484798,17,(+),CD300a molecule,,X,4,0,,,,,
KIAA1109,ENSG00000138688,122152333,122362758,4,(+),KIAA1109,,X,4; 5,0,,,,,
ACTL8,ENSG00000117148,17755333,17827063,1,(+),actin like 8,,X,4,0,,,,,
MCPH1,ENSG00000147316,6406592,6648508,8,(+),microcephalin 1,,X,4,0,,,,,
TMEM140,ENSG00000146859,135148072,135166519,7,(+),transmembrane protein 140,,X,4,0,,,,,
REEP2,ENSG00000132563,138438988,138446969,5,(+),receptor accessory protein 2,,X,4,0,,,,,
NDST2,ENSG00000166507,73801910,73811963,10,(-),N-deacetylase and N-sulfotransferase 2,,X,4,0,,,,,
GPRIN3,ENSG00000185477,89236383,89307937,4,(-),GPRIN family member 3,X,X,4; 18,1,,,,,
RPL41,ENSG00000229117,56116590,56117967,12,(+),ribosomal protein L41,X,X,4; 5; 18,1,,,,,
GMIP,ENSG00000089639,19629473,19643657,19,(-),GEM interacting protein,,X,4,0,,,,,
ANKRD13A,ENSG00000076513,109999186,110039763,12,(+),ankyrin repeat domain 13A,,X,4,0,,,,,
RPS6,ENSG00000137154,19375715,19380282,9,(-),ribosomal protein S6,X,X,4; 18,1,,,,,
NCF1,ENSG00000158517,74773975,74789376,7,(+),neutrophil cytosolic factor 1,X,X,4; 18,1,,,,,
PPIP5K1,ENSG00000168781,43533462,43590228,15,(-),diphosphoinositol pentakisphosphate kinase 1,,X,4,0,,,,,
GPR157,ENSG00000180758,9100305,9129122,1,(-),G protein-coupled receptor 157,,X,4,0,,,,,
ZFAND1,ENSG00000104231,81701313,81732903,8,(-),zinc finger AN1-type containing 1,X,X,4; 13,1,,,,,
FAR2P1,ENSG00000180178,130028309,130040560,2,(-),fatty acyl-CoA reductase 2 pseudogene 1,,X,4,0,,,,,
LYN,ENSG00000254087,55879825,56014169,8,(+),"LYN proto-oncogene, Src family tyrosine kinase",X,X,2; 4,1,,,,,
LINC03006,ENSG00000290926,65647010,65773803,7,(-),long intergenic non-protein coding RNA 3006,,X,4,0,,,,,
LINC01476,ENSG00000265313,59400318,59526946,17,(-),long intergenic non-protein coding RNA 1476,,X,4,0,,,,,
ZC3H14,ENSG00000100722,88562948,88627596,14,(+),zinc finger CCCH-type containing 14,,X,4,0,,,,,
ADI1,ENSG00000182551,3497366,3519559,2,(-),acireductone dioxygenase 1,,X,4,0,,,,,
NPM1P9,ENSG00000231066,14834476,14835319,X,(-),nucleophosmin 1 pseudogene 9,,X,4,0,,,,,
SEPTIN9,ENSG00000184640,77280569,77500596,17,(+),septin 9,X,X,4; 18,1,,,,,
PSMD13,ENSG00000185627,236966,252986,11,(+),"proteasome 26S subunit, non-ATPase 13",,X,4; 5,0,,,,,
FOXL2NB,ENSG00000206262,138947217,138953990,3,(+),FOXL2 neighbor,,X,4,0,,,,,
ST7,ENSG00000004866,116952980,117230812,7,(+),suppression of tumorigenicity 7,,X,4,0,,,,,
PI4KA,ENSG00000241973,20707691,20859417,22,(-),phosphatidylinositol 4-kinase alpha,,X,4,0,,,,,
SCARNA10,ENSG00000239002,6510222,6510551,12,(+),small Cajal body-specific RNA 10,,X,4,0,,,,,
KIF13B,ENSG00000197892,29067278,29263124,8,(-),kinesin family member 13B,,X,4,0,,,,,
LSP1,ENSG00000130592,1850904,1892267,11,(+),lymphocyte specific protein 1,X,X,4; 18,1,,,,,
NBPF10,ENSG00000271425,146064711,146229000,1,(-),NBPF member 10,,X,4; 5,0,,,,,
STK11,ENSG00000118046,1177558,1228431,19,(+),serine/threonine kinase 11,X,X,2; 4,1,,,,,
RPL35,ENSG00000136942,124857873,124862017,9,(-),ribosomal protein L35,X,X,4; 5; 18,1,,,,,
DICER1-AS1,ENSG00000235706,95157645,95181475,14,(+),DICER1 antisense RNA 1,,X,4,0,,,,,
"CCNI",ENSG00000118816,77047155,77076319,4,(-),cyclin I,,X,4,0,,,,,
BRD3OS,ENSG00000235106,134025429,134034666,9,(+),BRD3 opposite strand,,X,4,0,,,,,
"ERVV-2",ENSG00000268964,53044740,53051680,19,(+),"endogenous retrovirus group V member 2, envelope",,X,4,0,,,,,
NRDC,ENSG00000078618,51787517,51878805,1,(-),nardilysin convertase,,X,4,0,,,,,
UBE2Q1,ENSG00000160714,154548550,154559028,1,(-),ubiquitin conjugating enzyme E2 Q1,,X,4,0,,,,,
FOXN2,ENSG00000170802,48314331,48379295,2,(+),forkhead box N2,,X,4,0,,,,,
"ARRDC1",ENSG00000197070,137605619,137616227,9,(+),arrestin domain containing 1,,X,4,0,,,,,
IGHG2,ENSG00000211893,105639559,105644790,14,(-),immunoglobulin heavy constant gamma 2 (G2m marker),,X,4,0,,,,,
ABLIM1,ENSG00000099204,114431110,114768061,10,(-),actin binding LIM protein 1,X,X,4; 18,1,,,,,
CEP290,ENSG00000198707,88049016,88142099,12,(-),centrosomal protein 290,,X,4,0,,,,,
PPM1F-AS1,ENSG00000224086,21938269,21977632,22,(+),PPM1F antisense RNA 1,,X,4; 6,0,,,,,
MPHOSPH8,ENSG00000196199,19633659,19673441,13,(+),M-phase phosphoprotein 8,,X,4,0,,,,,
IFI35,ENSG00000068079,43006740,43014456,17,(+),interferon induced protein 35,X,X,4; 18,1,,,,,
AKR1C1,ENSG00000187134,4963253,4983283,10,(+),aldo-keto reductase family 1 member C1,,X,4,0,,,,,
PPP4R3B,ENSG00000275052,55547292,55618880,2,(-),protein phosphatase 4 regulatory subunit 3B,,X,4,0,,,,,
"AKAP1-DT",ENSG00000263004,57071407,57085127,17,(-),AKAP1 divergent transcript,X,X,3; 4,1,,,,,
NR2C2AP,ENSG00000184162,19201409,19203729,19,(-),nuclear receptor 2C2 associated protein,X,X,4; 18,1,,,,,
CAMKK2,ENSG00000110931,121237675,121298308,12,(-),calcium/calmodulin dependent protein kinase kinase 2,,X,4,0,,,,,
RDH11,ENSG00000072042,67676800,67695793,14,(-),retinol dehydrogenase 11,,X,4,0,,,,,
TLE5,ENSG00000104964,3052909,3063107,19,(-),"TLE family member 5, transcriptional modulator",X,X,4; 18,1,,,,,
STXBP2,ENSG00000076944,7636772,7647873,19,(+),syntaxin binding protein 2,,X,4,0,,,,,
TENM2,ENSG00000145934,166979029,168264157,5,(+),teneurin transmembrane protein 2,,X,4,0,,,,,
SNHG20,ENSG00000234912,77086716,77099902,17,(+),small nucleolar RNA host gene 20,,X,4,0,,,,,
MIB1,ENSG00000101752,21704957,21870953,18,(+),MIB E3 ubiquitin protein ligase 1,,X,4,0,,,,,
STARD3NL,ENSG00000010270,38178245,38230671,7,(+),STARD3 N-terminal like,,X,4,0,,,,,
TMEM176B,ENSG00000106565,150790382,150803404,7,(-),transmembrane protein 176B,,X,4,0,,,,,
ALOX5,ENSG00000012779,45374150,45446121,10,(+),arachidonate 5-lipoxygenase,X,X,3; 4,1,,,,,
BIN2,ENSG00000110934,51281038,51324668,12,(-),bridging integrator 2,,X,4,0,,,,,
CROCCP2,ENSG00000215908,16618969,16657232,1,(-),CROCC pseudogene 2,,X,4,0,,,,,
TBL2,ENSG00000106638,73567537,73578791,7,(-),transducin beta like 2,,X,4,0,,,,,
NPIPA9,ENSG00000233024,18358086,18379331,16,(-),"nuclear pore complex interacting protein family, member A9",,X,4,0,,,,,
TMPRSS11B,ENSG00000185873,68226653,68245694,4,(-),transmembrane serine protease 11B,X,X,4,1,,,,,
RALBP1,ENSG00000017797,9474991,9538114,18,(+),ralA binding protein 1,,X,4,0,,,,,
EEF1A1P4,ENSG00000245205,19456244,19457648,12,(-),eukaryotic translation elongation factor 1 alpha 1 pseudogene 4,,X,4,0,,,,,
MPV17L,ENSG00000156968,15395754,15413271,16,(+),MPV17 mitochondrial inner membrane protein like,,X,4,0,,,,,
ROCK1,ENSG00000067900,20944612,21111813,18,(-),Rho associated coiled-coil containing protein kinase 1,X,X,4; 18,1,,,,,
MAST3,ENSG00000099308,18097749,18151692,19,(+),microtubule associated serine/threonine kinase 3,,X,4,0,,,,,
RPL18A,ENSG00000105640,17859868,17864153,19,(+),ribosomal protein L18a,X,X,4; 5; 18,1,,,,,
CAPS2,ENSG00000180881,75275979,75390950,12,(-),calcyphosine 2,X,X,4,1,,,,,
ATP2B4,ENSG00000058668,203626778,203744081,1,(+),ATPase plasma membrane Ca2+ transporting 4,X,X,4; 18,1,,,,,
GAS2L1,ENSG00000185340,29306394,29312787,22,(+),growth arrest specific 2 like 1,,X,4,0,,,,,
TSPAN33,ENSG00000158457,129144690,129169699,7,(+),tetraspanin 33,,X,4,0,,,,,
OPTN,ENSG00000123240,13099449,13140320,10,(+),optineurin,X,X,4; 18,1,,,,,
RPS29,ENSG00000213741,49570984,49599164,14,(-),ribosomal protein S29,X,X,4; 18,1,,,,,
CCAR2,ENSG00000158941,22604629,22620964,8,(+),cell cycle and apoptosis regulator 2,,X,4,0,,,,,
CCDC102A,ENSG00000135736,57511999,57537163,16,(-),coiled-coil domain containing 102A,,X,4,0,,,,,
SYNE3,ENSG00000176438,95407266,95516678,14,(-),spectrin repeat containing nuclear envelope family member 3,,X,4,0,,,,,
LINC02200,ENSG00000250358,112628279,112682077,5,(+),long intergenic non-protein coding RNA 2200,,X,4,0,,,,,
RPL8,ENSG00000161016,144789765,144792587,8,(-),ribosomal protein L8,X,X,4; 5; 18,1,,,,,
SLFN12L,ENSG00000205045,35464249,35537683,17,(-),schlafen family member 12 like,X,X,2; 4,1,,,,,
DGCR6L,ENSG00000128185,20314238,20320080,22,(-),DiGeorge syndrome critical region gene 6 like,,X,4,0,,,,,
CGGBP1,ENSG00000163320,88051944,88149885,3,(-),CGG triplet repeat binding protein 1,,X,4,0,,,,,
CPSF2,ENSG00000165934,92121512,92172145,14,(+),cleavage and polyadenylation specific factor 2,,X,4,0,,,,,
CHTF8,ENSG00000168802,69118010,69132588,16,(-),chromosome transmission fidelity factor 8,,X,4,0,,,,,
SMC1A,ENSG00000072501,53374149,53422728,X,(-),structural maintenance of chromosomes 1A,X,X,4; 18,1,,,,,
NBPF15,ENSG00000266338,144421390,144461676,1,(-),NBPF member 15,,X,4,0,,,,,
MTERF4,ENSG00000122085,241072169,241102332,2,(-),mitochondrial transcription termination factor 4,,X,4,0,,,,,
RTN4,ENSG00000115310,54972187,55112621,2,(-),reticulon 4,X,X,4; 18,1,,,,,
LINC02848,ENSG00000226581,63899881,63951510,7,(+),long intergenic non-protein coding RNA 2848,X,X,3; 4,1,,,,,
SAMD14,ENSG00000167100,50110040,50130160,17,(-),sterile alpha motif domain containing 14,,X,4,0,,,,,
RPS28,ENSG00000233927,8320900,8323567,19,(+),ribosomal protein S28,X,X,4; 5; 18,1,,,,,
HCFC1,ENSG00000172534,153946434,153972427,X,(-),host cell factor C1,,X,4,0,,,,,X
SCN10A,ENSG00000185313,38696802,38816286,3,(-),sodium voltage-gated channel alpha subunit 10,,X,4,0,,,,,
PHKA2,ENSG00000044446,18892298,18984988,X,(-),phosphorylase kinase regulatory subunit alpha 2,,X,4,0,,,,,
ARHGEF11,ENSG00000132694,156934840,157046903,1,(-),Rho guanine nucleotide exchange factor 11,,X,4,0,,,,,
GSR,ENSG00000104687,30678064,30727975,8,(-),glutathione-disulfide reductase,,X,4,0,,,,,
USP31,ENSG00000103404,23061406,23149452,16,(-),ubiquitin specific peptidase 31,,X,4,0,,,,,
MIR23AHG,ENSG00000267519,13823880,13842928,19,(-),miR-23a/27a/24-2 cluster host gene,,X,4,0,,,,,
SMIM14,ENSG00000163683,39546336,39639088,4,(-),small integral membrane protein 14,,X,4,0,,,,,
ZNF709,ENSG00000242852,12461184,12513854,19,(-),zinc finger protein 709,,X,4,0,,,,,
EEF1A1P24,ENSG00000223668,39358545,39359922,3,(+),eukaryotic translation elongation factor 1 alpha 1 pseudogene 24,X,X,3; 4,1,,,,,
USP47,ENSG00000170242,11841423,11961887,11,(+),ubiquitin specific peptidase 47,,X,4,0,,,,,
SEC24B,ENSG00000138802,109433602,109540896,4,(+),"SEC24 homolog B, COPII coat complex component",X,X,4,1,,,,,
LAMP2,ENSG00000005893,120426148,120469365,X,(-),lysosomal associated membrane protein 2,X,X,,1,,,,,
MIPOL1,ENSG00000151338,37197891,37579125,14,(+),mirror-image polydactyly 1,X,,3,0,,,,,
CREBBP,ENSG00000005339,3725054,3880713,16,(-),CREB binding protein,X,X,5,1,,,,,
SLITRK5,ENSG00000165300,87671371,87696272,13,(+),SLIT and NTRK like family member 5,X,X,4,1,,,,,
TNN,ENSG00000120332,175067509,175148075,1,(+),tenascin N,X,X,6,1,,,,,
CLIC3,ENSG00000169583,136994608,136996568,9,(-),chloride intracellular channel 3,X,,18,0,,,,,
HDC,ENSG00000140287,50241947,50265965,15,(-),histidine decarboxylase,X,X,6,1,,,,,
TTPA,ENSG00000137561,63048553,63086153,8,(-),alpha tocopherol transfer protein,X,,3,0,,,,,
SPON2,ENSG00000159674,1166932,1208962,4,(-),spondin 2,X,X,,1,,,,,
SULT1E1,ENSG00000109193,69838259,69861075,4,(-),sulfotransferase family 1E member 1,X,X,5,1,,,,,
TNK2-AS1,ENSG00000224614,195908076,195913986,3,(+),TNK2 antisense RNA 1,X,X,6,1,,,,,
ZNF350-AS1,ENSG00000269235,51949112,51981374,19,(+),ZNF350 antisense RNA 1,X,X,5,1,,,,,
TRIM51,ENSG00000124900,55883297,55891810,11,(+),tripartite motif-containing 51,X,X,6,1,,,,,
EFCAB13,ENSG00000178852,47323290,47441312,17,(+),EF-hand calcium binding domain 13,X,X,6,1,,,,,
NOXRED1,ENSG00000165555,77394021,77423523,14,(-),NADP dependent oxidoreductase domain containing 1,X,X,,1,,,,,
HSPA6,ENSG00000173110,161524540,161526894,1,(+),heat shock protein family A (Hsp70) member 6,X,X,,1,,,,,
C2ORF88,ENSG00000187699,189879609,190203484,2,(+),chromosome 2 open reading frame 88,X,X,4,1,,,,,
KAT6B,ENSG00000156650,74824912,75032631,10,(+),lysine acetyltransferase 6B,X,X,4,1,,,,,
MAP2,ENSG00000078018,209423988,209734235,2,(+),microtubule associated protein 2,X,X,6,1,,,,,
FAM153B,ENSG00000182230,176060689,176116015,5,(+),family with sequence similarity 153 member B,X,X,4,1,,,,,
SLC51B,ENSG00000186198,65045387,65053397,15,(+),SLC51 subunit beta,X,X,,1,,,,,
PGM5,ENSG00000154330,68328308,68535009,9,(+),phosphoglucomutase 5,X,X,5,1,,,,,
ZFAND3,ENSG00000156639,37819429,38154624,6,(+),zinc finger AN1-type containing 3,X,X,4,1,,,,,
KCNJ15,ENSG00000157551,38155549,38307357,21,(+),potassium inwardly rectifying channel subfamily J member 15,X,,2,0,,,,,
BTG3,ENSG00000154640,17593650,17613014,21,(-),BTG anti-proliferation factor 3,X,,18,0,,,,,
ZNF483,ENSG00000173258,111525054,111577844,9,(+),zinc finger protein 483,X,X,,1,,,,,
MTSS1,ENSG00000170873,124550776,124728775,8,(-),MTSS I-BAR domain containing 1,X,,18,0,,,,,
CLU,ENSG00000120885,27596917,27615056,8,(-),clusterin,X,,18,0,,,,,
PLK2,ENSG00000145632,58453982,58460139,5,(-),polo like kinase 2,X,,2,0,,,,,
H2AC4,ENSG00000278463,26033092,26033618,6,(-),histone cluster 1 H2A family member b,X,,18,0,,,,,
GMPR,ENSG00000137198,16238555,16295923,6,(+),guanosine monophosphate reductase,X,X,4,1,,,,,
FAM90A1,ENSG00000171847,8221260,8227621,12,(-),family with sequence similarity 90 member A1,X,,3,0,,,,,
FAM111B,ENSG00000189057,59107185,59127415,11,(+),FAM111 trypsin like peptidase B,X,X,2; 4; 18,1,,,,,
TSPAN16,ENSG00000130167,11296139,11326996,19,(+),tetraspanin 16,X,X,6,1,,,,,
EPB41L4A,ENSG00000129595,112142441,112419313,5,(-),erythrocyte membrane protein band 4.1 like 4A,X,X,4,1,,,,,
SRRM2,ENSG00000167978,2752626,2772538,16,(+),serine/arginine repetitive matrix 2,X,X,5; 18,1,,,,,
ZFC3H1,ENSG00000133858,71609599,71667725,12,(-),zinc finger C3H1-type containing,X,X,5,1,,,,,
BTG1,ENSG00000133639,92140278,92145846,12,(-),BTG anti-proliferation factor 1,X,X,18,1,,,,,
REEP3,ENSG00000165476,63521397,63625128,10,(+),receptor accessory protein 3,X,,18,0,,,,,
PLOD2,ENSG00000152952,146035139,146163725,3,(-),"procollagen-lysine,2-oxoglutarate 5-dioxygenase 2",X,,3,0,,,,,
MAML2,ENSG00000184384,95976598,96343195,11,(-),mastermind like transcriptional coactivator 2,X,,18,0,,,,,
NRG1,ENSG00000157168,31639222,32855666,8,(+),neuregulin 1,X,X,,1,,,,,
TFDP1,ENSG00000198176,113584525,113641509,13,(+),transcription factor Dp-1,X,,2; 18,0,,,,,
EGR3,ENSG00000179388,22687659,22693480,8,(-),early growth response 3,X,X,4,1,,,,,
RGS9,ENSG00000108370,65100812,65227703,17,(+),regulator of G protein signaling 9,X,,18,0,,,,,
RAET1E,ENSG00000164520,149883179,149898113,6,(-),retinoic acid early transcript 1E,X,,2,0,,,,,
CTTN,ENSG00000085733,70398404,70436584,11,(+),cortactin,X,X,4,1,,,,,
KRAS,ENSG00000133703,25205246,25250936,12,(-),"KRAS proto-oncogene, GTPase",X,,18,0,,,,,
OLR1,ENSG00000173391,10158301,10172138,12,(-),oxidized low density lipoprotein receptor 1,X,X,,1,,,,,
CALD1,ENSG00000122786,134744252,134970729,7,(+),caldesmon 1,X,X,5,1,,,,,
FOXP1,ENSG00000114861,70954693,71584009,3,(-),forkhead box P1,X,,18,0,,,,,
SLC2A3,ENSG00000059804,7919230,8019007,12,(-),solute carrier family 2 member 3,X,X,18,1,,,,,
UBE3C,ENSG00000009335,157138922,157269372,7,(+),ubiquitin protein ligase E3C,X,,2,0,,,,,
RBM47,ENSG00000163694,40423267,40630892,4,(-),RNA binding motif protein 47,X,X,4,1,,,,,
MAD1L1,ENSG00000002822,1815787,2233243,7,(-),mitotic arrest deficient 1 like 1,X,X,4; 18,1,,,,,
LTF,ENSG00000012223,46435645,46485234,3,(-),lactotransferrin,X,X,4,1,,,,,
TNIK,ENSG00000154310,171058414,171460408,3,(-),TRAF2 and NCK interacting kinase,X,X,6,1,,,,,
THBS1,ENSG00000137801,39580130,39599466,15,(+),thrombospondin 1,X,X,4,1,,,,,
SLC11A1,ENSG00000018280,218382029,218396894,2,(+),solute carrier family 11 member 1,X,,3,0,,,,,
CAMSAP1,ENSG00000130559,135808487,135907546,9,(-),calmodulin regulated spectrin associated protein 1,X,,2,0,,,,,
UBE2E1,ENSG00000170142,23805955,23891640,3,(+),ubiquitin conjugating enzyme E2 E1,X,X,4,1,,,,,
SIPA1L1,ENSG00000197555,71320277,71741230,14,(+),signal induced proliferation associated 1 like 1,X,X,4; 18,1,,,,,
SERPINB9,ENSG00000170542,2887169,2903309,6,(-),serpin family B member 9,,X,4,0,,,,,
IL15RA,ENSG00000134470,5943639,5978187,10,(-),interleukin 15 receptor subunit alpha,X,X,16,1,,,,,
ARHGEF12,ENSG00000196914,120336238,120489937,11,(+),Rho guanine nucleotide exchange factor 12,X,,18,0,,,,,
MYNN,ENSG00000085274,169773377,169789716,3,(+),myoneurin,X,X,,1,,,,,
PTPRCAP,ENSG00000213402,67435510,67437682,11,(-),protein tyrosine phosphatase receptor type C associated protein,X,X,18,1,,,,,
TIGIT,ENSG00000181847,114276913,114310288,3,(+),T cell immunoreceptor with Ig and ITIM domains,X,X,2; 16; 18,1,,,,,
FMN2,ENSG00000155816,240014348,240475187,1,(+),formin 2,,X,4,0,,,,,
NCF1C,ENSG00000165178,75156639,75172044,7,(-),neutrophil cytosolic factor 1C (pseudogene),,X,4,0,,,,,
SP110,ENSG00000135899,230165186,230225729,2,(-),SP110 nuclear body protein,X,X,2; 18,1,,,,,
LBR,ENSG00000143815,225400900,225428925,1,(-),lamin B receptor,X,X,2; 4; 18,1,,,,,
SLC39A10,ENSG00000196950,195575977,195737706,2,(+),solute carrier family 39 member 10,,X,1,0,,,,,
TRAF3IP3,ENSG00000009790,209756032,209782320,1,(+),TRAF3 interacting protein 3,X,,18,0,,,,,
XCL1,ENSG00000143184,168576605,168582069,1,(+),X-C motif chemokine ligand 1,X,,18,0,,,,,
SLC1A2,ENSG00000110436,35251205,35420063,11,(-),solute carrier family 1 member 2,X,X,,1,,,,,
ITGAV,ENSG00000138448,186590010,186680901,2,(+),integrin subunit alpha V,,X,4,0,,,,,
PFDN4,ENSG00000101132,54207817,54228052,20,(+),prefoldin subunit 4,X,X,5,1,,,,,
BCL2L11,ENSG00000153094,111119378,111168444,2,(+),BCL2 like 11,X,,18,0,,,,,
FGB,ENSG00000171564,154562971,154572807,4,(+),fibrinogen beta chain,X,X,,1,,,,,
MYOZ2,ENSG00000172399,119128431,119187789,4,(+),myozenin 2,,X,6,0,,,,,
GPR171,ENSG00000174946,151197832,151203216,3,(-),G protein-coupled receptor 171,X,,18,0,,,,,
CD2,ENSG00000116824,116754370,116769229,1,(+),CD2 molecule,X,X,2; 3; 18,1,,,,,
CROCC,ENSG00000058453,16740273,16972964,1,(+),"ciliary rootlet coiled-coil, rootletin",,X,4,0,,,,,
KANK4,ENSG00000132854,62236165,62319434,1,(-),KN motif and ankyrin repeat domains 4,X,X,,1,,,,,
EFCAB7,ENSG00000203965,63523372,63572693,1,(+),EF-hand calcium binding domain 7,X,X,,1,,,,,
GBP4,ENSG00000162654,89181144,89198942,1,(-),guanylate binding protein 4,X,,18,0,,,,,
BAZ1B,ENSG00000009954,73440406,73522293,7,(-),bromodomain adjacent to zinc finger domain 1B,X,,18,0,,,,,
SAMD9L,ENSG00000177409,93130056,93148385,7,(-),sterile alpha motif domain containing 9 like,X,,18,0,,,,,
GIMAP4,ENSG00000133574,150567242,150573962,7,(+),"GTPase, IMAP family member 4",X,,18,0,,,,,
GIMAP7,ENSG00000179144,150514872,150521073,7,(+),"GTPase, IMAP family member 7",X,,18,0,,,,,
SOX6,ENSG00000110693,15966449,16739591,11,(-),SRY-box transcription factor 6,,X,5,0,,,,,
CD27,ENSG00000139193,6444941,6451718,12,(+),CD27 molecule,X,X,9; 18,1,,,,,
NAP1L4,ENSG00000205531,2944429,2992386,11,(-),nucleosome assembly protein 1 like 4,X,,18,0,,,,,
KLRC1,ENSG00000134545,10442264,10454685,12,(-),killer cell lectin like receptor C1,X,,18,0,,,,,
IFITM3,ENSG00000142089,319675,329475,11,(-),interferon induced transmembrane protein 3,X,X,4; 18,1,,,,,
IFITM2,ENSG00000185201,303655,309397,11,(+),interferon induced transmembrane protein 2,X,X,5; 18,1,,,,,
IFITM1,ENSG00000185885,310041,315273,11,(+),interferon induced transmembrane protein 1,X,X,2; 18,1,,,,,
MYLK3,ENSG00000140795,46702282,46790407,16,(-),myosin light chain kinase 3,,X,4,0,,,,,
LRRC36,ENSG00000159708,67326798,67385204,16,(+),leucine rich repeat containing 36,,X,4,0,,,,,
CLEC3A,ENSG00000166509,78022515,78066761,16,(+),C-type lectin domain family 3 member A,X,X,11,1,,,,,
NLRC5,ENSG00000140853,56989485,57084238,16,(+),NLR family CARD domain containing 5,X,,18,0,,,,,
BIRC3,ENSG00000023445,102317484,102339403,11,(+),baculoviral IAP repeat containing 3,X,X,18,1,,,,,
OSBPL10,ENSG00000144645,31657888,32077580,3,(-),oxysterol binding protein like 10,,X,4,0,,,,,
PIF1,ENSG00000140451,64815629,64825677,15,(-),PIF1 5'-to-3' DNA helicase,X,X,2,1,,,,,
MMP7,ENSG00000137673,102520508,102530853,11,(-),matrix metallopeptidase 7,X,X,,1,,,,,
LYSMD2,ENSG00000140280,51723011,51751585,15,(-),LysM domain containing 2,X,X,2; 5,1,,,,,
CTSH,ENSG00000103811,78921058,78949574,15,(-),cathepsin H,X,X,3; 18,1,,,,,
AKAP12,ENSG00000131016,151239936,151358563,6,(+),A-kinase anchoring protein 12,,X,4,0,,,,,
CHST2,ENSG00000175040,143119771,143124014,3,(+),carbohydrate sulfotransferase 2,X,,18,0,,,,,
ADAMTS14,ENSG00000138316,70672367,70762441,10,(+),ADAM metallopeptidase with thrombospondin type 1 motif 14,,X,4,0,,,,,
XIST,ENSG00000229807,73820649,73852714,X,(-),X inactive specific transcript,,X,5,0,,,,,
ARID5B,ENSG00000150347,61901684,62096944,10,(+),AT-rich interaction domain 5B,X,X,18,1,,,,,
ACSS3,ENSG00000111058,80936414,81261210,12,(+),acyl-CoA synthetase short chain family member 3,,X,6,0,,,,,
RSPO3,ENSG00000146374,127118663,127199481,6,(+),R-spondin 3,,X,6,0,,,,,
HACE1,ENSG00000085382,104728094,104859919,6,(-),HECT domain and ankyrin repeat containing E3 ubiquitin protein ligase 1,X,X,3,1,,,,,
GLI1,ENSG00000111087,57459785,57472268,12,(+),GLI family zinc finger 1,,X,6,0,,,,,
PTGES3,ENSG00000110958,56663338,56688408,12,(-),prostaglandin E synthase 3,X,X,5; 18,1,,,,,
SARNP,ENSG00000205323,55752463,55817748,12,(-),SAP domain containing ribonucleoprotein,X,,18,0,,,,,
DDIT4,ENSG00000168209,72273919,72276039,10,(+),DNA damage inducible transcript 4,X,,18,0,,,,,
HLF,ENSG00000108924,55264960,55325187,17,(+),"HLF transcription factor, PAR bZIP family member",X,X,3,1,,,,,
MYO1G,ENSG00000136286,44962662,44979813,7,(-),myosin IG,X,,18,0,,,,,
SSTR2,ENSG00000180616,73165010,73176633,17,(+),somatostatin receptor 2,,X,4,0,,,,,
EFR3B,ENSG00000084710,25042048,25159135,2,(+),EFR3 homolog B,,X,4,0,,,,,
PDE4D,ENSG00000113448,58969038,60522120,5,(-),phosphodiesterase 4D,X,X,18,1,,,,,
H1-4,ENSG00000168298,26156329,26157115,6,(+),histone cluster 1 H1 family member e,X,X,4; 18,1,,,,,
F12,ENSG00000131187,177402133,177416583,5,(-),coagulation factor XII,X,X,2,1,,,,,
ICAM2,ENSG00000108622,64002594,64020635,17,(-),intercellular adhesion molecule 2,X,X,5; 18,1,,,,,
ZDHHC11,ENSG00000188818,795605,858973,5,(-),zinc finger DHHC-type containing 11,,X,6,0,,,,,
KCNJ2,ENSG00000123700,70168302,70180044,17,(+),potassium inwardly rectifying channel subfamily J member 2,,X,4,0,,,,,
LGALS3BP,ENSG00000108679,78971238,78979962,17,(-),galectin 3 binding protein,X,X,2,1,,,,,
EGLN3,ENSG00000129521,33924227,34462774,14,(-),egl-9 family hypoxia inducible factor 3,X,X,3,1,,,,,
RNASEH2B,ENSG00000136104,50909747,51024120,13,(+),ribonuclease H2 subunit B,X,,18,0,,,,,
AOAH,ENSG00000136250,36509308,36724549,7,(-),acyloxyacyl hydrolase,X,X,18,1,,,,,
STC1,ENSG00000159167,23841929,23854806,8,(-),stanniocalcin 1,X,X,10,1,,,,,
HOMER1,ENSG00000152413,79372636,79514565,5,(-),homer scaffold protein 1,,X,1,0,,,,,
NPR3,ENSG00000113389,32689070,32791724,5,(+),natriuretic peptide receptor 3,X,X,3,1,,,,,
ARRDC3,ENSG00000113369,91368631,91383317,5,(-),arrestin domain containing 3,X,X,2; 4,1,,,,,
ENC1,ENSG00000171617,74627406,74641424,5,(-),ectodermal-neural cortex 1,X,,18,0,,,,,
CENPK,ENSG00000123219,65517766,65563183,5,(-),centromere protein K,X,,18,0,,,,,
COLQ,ENSG00000206561,15450132,15521928,3,(-),collagen like tail subunit of asymmetric acetylcholinesterase,X,X,4; 18,1,,,,,
IRF9,ENSG00000213928,24161101,24168043,14,(+),interferon regulatory factor 9,X,,2; 18,0,,,,,
ADAMDEC1,ENSG00000134028,24384285,24406013,8,(+),ADAM like decysin 1,X,X,2,1,,,,,
LRP12,ENSG00000147650,104489231,104589258,8,(-),LDL receptor related protein 12,X,X,3,1,,,,,
NELL2,ENSG00000184613,44508274,44921889,12,(-),neural EGFL like 2,X,X,4; 18,1,,,,,
KLF10,ENSG00000155090,102648783,102655728,8,(-),KLF transcription factor 10,,X,4,0,,,,,
RAB27B,ENSG00000041353,54717857,54895516,18,(+),"RAB27B, member RAS oncogene family",,X,4,0,,,,,
LAMP3,ENSG00000078081,183122200,183163839,3,(-),lysosomal associated membrane protein 3,X,X,2,1,,,,,
TRAT1,ENSG00000163519,108822770,108855005,3,(+),T cell receptor associated transmembrane adaptor 1,X,,18,0,,,,,
NFKBIZ,ENSG00000144802,101827991,101861022,3,(+),NFKB inhibitor zeta,X,X,2; 10; 18,1,,,,,
DOK6,ENSG00000206052,69400888,69849087,18,(+),docking protein 6,,X,5,0,,,,,
RTP4,ENSG00000136514,187368385,187372076,3,(+),receptor transporter protein 4,X,X,2,1,,,,,
BTLA,ENSG00000186265,112461067,112499668,3,(-),B and T lymphocyte associated,X,X,3,1,,,,,
CD200,ENSG00000091972,112332235,112363181,3,(+),CD200 molecule,X,X,3,1,,,,,
CD96,ENSG00000153283,111292719,111665996,3,(+),CD96 molecule,X,,18,0,,,,,
SLC5A3,ENSG00000198743,34073578,34106260,21,(+),solute carrier family 5 member 3,,X,5,0,,,,,
JRKL,ENSG00000183340,96389989,96507574,11,(+),JRK like,X,X,,1,,,,,
ZNF462,ENSG00000148143,106862286,107013634,9,(+),zinc finger protein 462,,X,6,0,,,,,
ADD3,ENSG00000148700,109996356,110135565,10,(+),adducin 3,X,X,18,1,,,,,
LPAL2,ENSG00000213071,160453428,160511007,6,(-),lipoprotein(a) like 2 (pseudogene),X,X,,1,,,,,
XCL2,ENSG00000143185,168540768,168543997,1,(-),X-C motif chemokine ligand 2,X,X,18,1,,,,,
TRIM48,ENSG00000150244,55262155,55271114,11,(+),tripartite motif containing 48,,X,4,0,,,,,
VMP1,ENSG00000062716,59707192,59842255,17,(+),vacuole membrane protein 1,X,X,2; 4,1,,,,,
CELP,ENSG00000170827,133082561,133087253,9,(+),carboxyl ester lipase pseudogene,,X,6,0,,,,,
CCDC144A,ENSG00000170160,16689537,16777974,17,(+),coiled-coil domain containing 144A,,X,4,0,,,,,
FCGR3B,ENSG00000162747,161623196,161631963,1,(-),Fc gamma receptor IIIb,,X,4; 5,0,,,,,
SNORA71B,ENSG00000235408,38425083,38425354,20,(-),"small nucleolar RNA, H/ACA box 71B",,X,4,0,,,,,
PAX8-AS1,ENSG00000189223,113211421,113276581,2,(+),PAX8 antisense RNA 1,,X,6,0,,,,,
CCDC185,ENSG00000178395,223393415,223395465,1,(+),coiled-coil domain containing 185,,X,4,0,,,,,
TRAC,ENSG00000277734,22547506,22552156,14,(+),T cell receptor alpha constant,x,X,3,1,,,,,
ZSCAN31,ENSG00000235109,28324693,28356271,6,(-),zinc finger and SCAN domain containing 31,,X,6,0,,,,,
FOXE1,ENSG00000178919,97853226,97856717,9,(+),forkhead box E1,X,,2,0,,,,,
AHNAK,ENSG00000124942,62433542,62556235,11,(-),AHNAK nucleoprotein,X,X,4; 5; 18,1,,,,,
NR1D1,ENSG00000126368,40092793,40100589,17,(-),nuclear receptor subfamily 1 group D member 1,X,,18,0,,,,,
PTPN21,ENSG00000070778,88465778,88555013,14,(-),protein tyrosine phosphatase non-receptor type 21,X,,2,0,,,,,
RPS17,ENSG00000182774,82536748,82540535,15,(-),ribosomal protein S17,X,,18,0,,,,,
ZDBF2,ENSG00000204186,206274657,206314437,2,(+),zinc finger DBF-type containing 2,X,,2,0,,,,,
RGS1,ENSG00000090104,192575763,192580024,1,(+),regulator of G protein signaling 1,X,X,2; 6; 18,1,,,,,
HNMT,ENSG00000150540,137964020,138016364,2,(+),histamine N-methyltransferase,X,,13,0,,,,,
WDR76,ENSG00000092470,43824498,43868414,15,(+),WD repeat domain 76,X,,18,0,,,,,
PRKACB,ENSG00000142875,84078062,84238498,1,(+),protein kinase cAMP-activated catalytic subunit beta,X,X,4; 18,1,,,,,
DNAJC5B,ENSG00000147570,66021553,66101252,8,(+),DnaJ heat shock protein family (Hsp40) member C5 beta,X,X,6,1,,,,,
MAB21L1,ENSG00000180660,35473419,35478764,13,(-),mab-21 like 1,X,,3,0,,,,,
RPS3A,ENSG00000145425,151099565,151104652,4,(+),ribosomal protein S3A,X,,18,0,,,,,
CENPA,ENSG00000115163,26764289,26801067,2,(+),centromere protein A,X,,18,0,,,,,
RPL9,ENSG00000163682,39451747,39458948,4,(-),ribosomal protein L9,X,,13; 18,0,,,,,
COMMD8,ENSG00000169019,47450787,47463730,4,(-),COMM domain containing 8,X,,18,0,,,,,
TMPRSS11A,ENSG00000187054,67909395,67964140,4,(-),transmembrane serine protease 11A,X,,2,0,,,,,
MRPS18C,ENSG00000163319,83455932,83470428,4,(+),mitochondrial ribosomal protein S18C,X,,13,0,,,,,
TMEM119,ENSG00000183160,108589851,108598320,12,(-),transmembrane protein 119,X,,3,0,,,,,
CAPZA2,ENSG00000198898,116811070,116922049,7,(+),capping actin protein of muscle Z-line subunit alpha 2,X,X,4,1,,,,,
TMEM126B,ENSG00000171204,85628573,85636539,11,(+),transmembrane protein 126B,X,,13,0,,,,,
HMGB2,ENSG00000164104,173331376,173334456,4,(-),high mobility group box 2,X,,18,0,,,,,
RPS27L,ENSG00000185088,63125872,63158021,15,(-),ribosomal protein S27 like,X,,18,0,,,,,
RSL24D1,ENSG00000137876,55180797,55197076,15,(-),ribosomal L24 domain containing 1,X,,13,0,,,,,
RPL39,ENSG00000198918,119786497,119791662,X,(-),ribosomal protein L39,X,X,5; 18,1,,,,,
NR0B1,ENSG00000169297,30304206,30309390,X,(-),nuclear receptor subfamily 0 group B member 1,X,,3,0,,,,,
SPIN4,ENSG00000186767,63347228,63351332,X,(-),spindlin family member 4,X,,2,0,,,,,
PAK3,ENSG00000077264,110944285,111227361,X,(+),p21 (RAC1) activated kinase 3,X,,3,0,,,,,
EIF1AY,ENSG00000198692,20575694,20593154,Y,(+),eukaryotic translation initiation factor 1A Y-linked,X,X,4; 5,1,,,,,
KDM5D,ENSG00000012817,19703865,19744989,Y,(-),lysine demethylase 5D,X,X,4,1,,,,,
TRMT11,ENSG00000066651,125986428,126203817,6,(+),tRNA methyltransferase 11 homolog,X,,13,0,,,,,
ACTR6,ENSG00000075089,100199122,100241865,12,(+),actin related protein 6,X,,13,0,,,,,
PHF12,ENSG00000109118,28905250,28951771,17,(-),PHD finger protein 12,X,X,6,1,,,,,
RPL26,ENSG00000161970,8377503,8384062,17,(-),ribosomal protein L26,X,X,5; 18,1,,,,,
EVI2A,ENSG00000126860,31316410,31321749,17,(-),ecotropic viral integration site 2A,X,X,4,1,,,,,
TPO,ENSG00000115705,1373933,1543711,2,(+),thyroid peroxidase,X,X,6,1,,,,,
COX16,ENSG00000133983,70325081,70416984,14,(-),cytochrome c oxidase assembly factor COX16,X,X,5; 13,1,,,,,
RPS24,ENSG00000138326,78033746,78056813,10,(+),ribosomal protein S24,X,X,4; 5; 18,1,,,,,
MRPL13,ENSG00000172172,120380761,120445402,8,(-),mitochondrial ribosomal protein L13,X,X,5; 13; 18,1,,,,,
PSMA8,ENSG00000154611,26133852,26193355,18,(+),proteasome 20S subunit alpha 8,X,,2,0,,,,,
TLX1,ENSG00000107807,101131300,101137789,10,(+),T cell leukemia homeobox 1,X,X,4,1,,,,,
CARD16,ENSG00000204397,105039092,105101431,11,(-),caspase recruitment domain family member 16,X,,18,0,,,,,
RPL26L1,ENSG00000037241,172954004,172974768,5,(+),ribosomal protein L26 like 1,X,X,5; 18,1,,,,,
RPS4Y1,ENSG00000129824,2841602,2932000,Y,(+),ribosomal protein S4 Y-linked 1,X,X,5; 18,1,,,,,
EXOC3L4,ENSG00000205436,103094538,103110570,14,(+),exocyst complex component 3 like 4,X,,2,0,,,,,
LINC00461,ENSG00000245526,88507546,88691057,5,(-),long intergenic non-protein coding RNA 461,X,X,5,1,,,,,
RBMY2FP,ENSG00000290336,22308829,22316205,Y,(+),"RNA binding motif protein Y-linked family 2 member F, pseudogene",X,X,6,1,,,,,
LINC00892,ENSG00000233093,136639531,136642546,X,(+),long intergenic non-protein coding RNA 892,X,,3,0,,,,,
DRC1,ENSG00000157856,26401920,26456717,2,(+),dynein regulatory complex subunit 1,X,X,6,1,,,,,
TXLNGY,ENSG00000131002,19567382,19604120,Y,(+),taxilin gamma Y-linked (pseudogene),X,X,5,1,,,,,
TRIM52-AS1,ENSG00000248275,181246463,181295573,5,(+),TRIM52 antisense RNA 1 (head to head),X,X,4,1,,,,,
FCRL5,ENSG00000143297,157513377,157552515,1,(-),Fc receptor like 5,,X,1; 5,0,,,,,
HOMER3,ENSG00000051128,18929201,18941261,19,(-),homer scaffold protein 3,,X,1,0,,,,,
TOX4,ENSG00000092203,21476597,21499175,14,(+),TOX high mobility group box family member 4,,X,1,0,,,,,
TNFRSF11A,ENSG00000141655,62325269,62391288,18,(+),TNF receptor superfamily member 11a,X,,1,0,,,,,
KIR3DP1,ENSG00000264257,54786355,54790318,19,(+),NA,X,,1,0,,,,,
MIF,ENSG00000240972,23894383,23895227,22,(+),macrophage migration inhibitory factor,X,,1; 18,0,,,,,
NGFR,ENSG00000064300,49495293,49515008,17,(+),nerve growth factor receptor,X,,1,0,,,,,
SLC9A3R1,ENSG00000109062,74748628,74769353,17,(+),SLC9A3 regulator 1,X,,1,0,,,,,
P2RY8,ENSG00000292333,1462572,1537187,Y,(-),P2Y receptor family member 8,X,,2; 18,0,,,,,
FBXO9,ENSG00000112146,53051991,53100873,6,(+),F-box protein 9,X,X,2; 4,1,,,,,
SEC24C,ENSG00000176986,73744366,73772173,10,(+),"SEC24 homolog C, COPII coat complex component",X,X,2; 4,1,,,,,
SMAGP,ENSG00000170545,51244558,51270415,12,(-),small cell adhesion glycoprotein,X,,2,0,,,,,
MBOAT7,ENSG00000125505,54173412,54189882,19,(-),membrane bound acylglycerophosphatidylinositol O-acyltransferase MBOAT7,X,,2,0,,,,,
CWH43,ENSG00000109182,48986162,49062093,4,(+),cell wall biogenesis 43 C-terminal homolog,X,,2,0,,,,,
KIF18B,ENSG00000186185,44924707,44947776,17,(-),kinesin family member 18B,X,X,2; 4,1,,,,,
MTHFD1L,ENSG00000120254,150865679,151101887,6,(+),methylenetetrahydrofolate dehydrogenase (NADP+ dependent) 1 like,X,,2,0,,,,,
DAZAP1,ENSG00000071626,1407536,1435687,19,(+),DAZ associated protein 1,X,,2; 18,0,,,,,
STRIP2,ENSG00000128578,129434392,129488399,7,(+),striatin interacting protein 2,X,,2,0,,,,,
ST14,ENSG00000149418,130159746,130210367,11,(+),ST14 transmembrane serine protease matriptase,X,,2,0,,,,,
SLC35B4,ENSG00000205060,134289332,134317117,7,(-),solute carrier family 35 member B4,X,,2,0,,,,,
SLC30A4,ENSG00000104154,45479606,45522829,15,(-),solute carrier family 30 member 4,X,,2,0,,,,,
FBRS,ENSG00000156860,30658431,30670810,16,(+),fibrosin,X,,2,0,,,,,
FAM157A,ENSG00000236438,198180755,198190365,3,(+),family with sequence similarity 157 member A,X,,2,0,,,,,
ADAMTS4,ENSG00000158859,161184302,161200509,1,(-),ADAM metallopeptidase with thrombospondin type 1 motif 4,X,,2,0,,,,,
GALNT5,ENSG00000136542,157257578,157318491,2,(+),polypeptide N-acetylgalactosaminyltransferase 5,X,,2,0,,,,,
HSD17B1,ENSG00000108786,42552922,42555214,17,(+),hydroxysteroid 17-beta dehydrogenase 1,X,X,2; 4,1,,,,,
MFSD2B,ENSG00000205639,24010081,24063321,2,(+),"MFSD2 lysolipid transporter B, sphingolipid",X,,2,0,,,,,
HNRNPA2B1,ENSG00000122566,26171151,26201529,7,(-),heterogeneous nuclear ribonucleoprotein A2/B1,X,X,2; 4; 18,1,,,,,
DENND2B,ENSG00000166444,8693343,8910951,11,(-),DENN domain containing 2B,X,,2,0,,,,,
COTL1,ENSG00000103187,84565596,84618078,16,(-),coactosin like F-actin binding protein 1,X,X,2; 5; 18,1,,,,,
PRICKLE2,ENSG00000163637,64092236,64445476,3,(-),prickle planar cell polarity protein 2,X,,2,0,,,,,
PALB2,ENSG00000083093,23603160,23641321,16,(-),partner and localizer of BRCA2,X,,2,0,,,,,
USP35,ENSG00000118369,78188812,78215232,11,(+),ubiquitin specific peptidase 35,X,,2,0,,,,,
CACNB4,ENSG00000182389,151832771,152099167,2,(-),calcium voltage-gated channel auxiliary subunit beta 4,X,,2,0,,,,,
HPDL,ENSG00000186603,45326895,45328710,1,(+),4-hydroxyphenylpyruvate dioxygenase like,X,,2,0,,,,,
PITPNM1,ENSG00000110697,67491760,67506263,11,(-),phosphatidylinositol transfer protein membrane associated 1,X,,2,0,,,,,
KCNA3,ENSG00000177272,110653560,110674940,1,(-),potassium voltage-gated channel subfamily A member 3,X,X,2; 5,1,,,,,
EPHA2,ENSG00000142627,16124337,16156069,1,(-),EPH receptor A2,X,,2,0,,,,,
CEP55,ENSG00000138180,93496579,93529094,10,(+),centrosomal protein 55,X,,2; 18,0,,,,,
TACC3,ENSG00000013810,1712858,1745178,4,(+),transforming acidic coiled-coil containing protein 3,X,,2; 18,0,,,,,
LINC02560,ENSG00000268307,58400221,58400679,19,(+),long intergenic non-protein coding RNA 2560,X,,2,0,,,,,
DDI2,ENSG00000197312,15617458,15669044,1,(+),DNA damage inducible 1 homolog 2,X,,2,0,,,,,
ZNF518B,ENSG00000178163,10439873,10461381,4,(-),zinc finger protein 518B,X,,2,0,,,,,
ADAR,ENSG00000160710,154581695,154628013,1,(-),adenosine deaminase RNA specific,X,,2; 18,0,,,,,
KRT16P1,ENSG00000214856,18439985,18442734,17,(+),keratin 16 pseudogene 1,X,,2,0,,,,,
ATXN7L3,ENSG00000087152,44191805,44200961,17,(-),ataxin 7 like 3,X,,2,0,,,,,
TNFRSF21,ENSG00000146072,47231532,47309947,6,(-),TNF receptor superfamily member 21,X,,2,0,,,,,
PLCD1,ENSG00000187091,38007496,38029675,3,(-),phospholipase C delta 1,X,,2,0,,,,,
ARNTL2,ENSG00000029153,27332854,27425289,12,(+),aryl hydrocarbon receptor nuclear translocator like 2,X,,2; 3,0,,,,,
TK1,ENSG00000167900,78172780,78187233,17,(-),thymidine kinase 1,X,,2; 18,0,,,,,
KIF11,ENSG00000138160,92574105,92655395,10,(+),kinesin family member 11,X,,2; 18,0,,,,,
TRIM10,ENSG00000204613,30151943,30161211,6,(-),tripartite motif containing 10,X,X,2; 4,1,,,,,
ARL5B,ENSG00000165997,18659304,18681639,10,(+),ARF like GTPase 5B,X,,2,0,,,,,
EML3,ENSG00000149499,62602217,62612973,11,(-),EMAP like 3,X,,2,0,,,,,
AIG1,ENSG00000146416,143060496,143341058,6,(+),androgen induced 1,X,,2,0,,,,,
FUT7,ENSG00000180549,137030174,137032825,9,(-),fucosyltransferase 7,X,,2,0,,,,,
CLCN1,ENSG00000188037,143316111,143352083,7,(+),chloride voltage-gated channel 1,X,,2,0,,,,,
CARMIL3,ENSG00000186648,24052009,24069734,14,(+),capping protein regulator and myosin 1 linker 3,X,,2,0,,,,,
SS18,ENSG00000141380,26016253,26091217,18,(-),SS18 subunit of BAF chromatin remodeling complex,X,,2,0,,,,,
UBE2F,ENSG00000184182,237966827,238045486,2,(+),ubiquitin conjugating enzyme E2 F (putative),X,X,2; 4,1,,,,,
EIF4EBP1,ENSG00000187840,38030512,38060365,8,(+),eukaryotic translation initiation factor 4E binding protein 1,X,X,2; 5,1,,,,,
FASTKD1,ENSG00000138399,169528508,169573912,2,(-),FAST kinase domains 1,X,,2,0,,,,,
CSF2RA,ENSG00000292357,1268779,1325373,Y,(+),colony stimulating factor 2 receptor subunit alpha,X,,2,0,,,,,
ASPG,ENSG00000166183,104085537,104115582,14,(+),asparaginase,X,,2,0,,,,,
PLSCR3,ENSG00000187838,7389727,7397054,17,(-),phospholipid scramblase 3,X,,2; 18,0,,,,,
GSDMC,ENSG00000147697,129748196,129786624,8,(-),gasdermin C,X,,2,0,,,,,
CSTF2,ENSG00000101811,100820369,100841523,X,(+),cleavage stimulation factor subunit 2,X,,2,0,,,,,
PGBD5,ENSG00000177614,230314490,230426332,1,(-),piggyBac transposable element derived 5,X,,2,0,,,,,
VAC14,ENSG00000103043,70687439,70801173,16,(-),VAC14 component of PIKFYVE complex,X,,2,0,,,,,
ISG20L2,ENSG00000143319,156720796,156728766,1,(-),interferon stimulated exonuclease gene 20 like 2,X,X,2; 4,1,,,,,
CDH3,ENSG00000062038,68636189,68727468,16,(+),cadherin 3,X,,2,0,,,,,
LINC02285,ENSG00000259004,101120835,101123570,14,(+),long intergenic non-protein coding RNA 2285,X,,2,0,,,,,
PLEKHG7,ENSG00000187510,92702843,92772455,12,(+),pleckstrin homology and RhoGEF domain containing G7,X,,2,0,,,,,
TGM6,ENSG00000166948,2380901,2432753,20,(+),transglutaminase 6,X,,2,0,,,,,
MTA2,ENSG00000149480,62593214,62601865,11,(-),metastasis associated 1 family member 2,X,X,2; 4,1,,,,,
LGALS9C,ENSG00000171916,18476737,18494945,17,(+),galectin 9C,X,,2,0,,,,,
CHST1,ENSG00000175264,45647689,45666096,11,(-),carbohydrate sulfotransferase 1,X,,2,0,,,,,
ABR,ENSG00000159842,1003519,1229738,17,(-),ABR activator of RhoGEF and GTPase,X,,2,0,,,,,
LIG4,ENSG00000174405,108207439,108218368,13,(-),DNA ligase 4,X,,2,0,,,,,
DBNL,ENSG00000136279,44044628,44069456,7,(+),drebrin like,X,,2,0,,,,,
YTHDF2,ENSG00000198492,28736621,28769784,1,(+),YTH N6-methyladenosine RNA binding protein F2,X,,2,0,,,,,
FOXRED2,ENSG00000100350,36487190,36507221,22,(-),FAD dependent oxidoreductase domain containing 2,X,,2,0,,,,,
LRATD1,ENSG00000162981,14632700,14650814,2,(+),LRAT domain containing 1,X,,2,0,,,,,
REEP1,ENSG00000068615,86213993,86338083,2,(-),receptor accessory protein 1,X,,2,0,,,,,
ANAPC7,ENSG00000196510,110372900,110403730,12,(-),anaphase promoting complex subunit 7,X,,2,0,,,,,
SHKBP1,ENSG00000160410,40576844,40591399,19,(+),SH3KBP1 binding protein 1,X,,2; 18,0,,,,,
TRIM5,ENSG00000132256,5663195,5938619,11,(-),tripartite motif containing 5,X,,2,0,,,,,
HEATR3,ENSG00000155393,50065964,50107272,16,(+),HEAT repeat containing 3,X,,2,0,,,,,
HSD17B1-AS1,ENSG00000266962,42552431,42554841,17,(-),HSD17B1 antisense RNA 1,X,,2,0,,,,,
CENPN,ENSG00000166451,81006506,81033114,16,(+),centromere protein N,X,,2; 18,0,,,,,
MUC4,ENSG00000145113,195746765,195811973,3,(-),"mucin 4, cell surface associated",X,,2,0,,,,,
KLRK1-AS1,ENSG00000245648,10363608,10398506,12,(+),KLRK1 antisense RNA 1,X,,2,0,,,,,
CD47,ENSG00000196776,108043091,108091862,3,(-),CD47 molecule,X,,2; 3,0,,,,,
SLC30A7,ENSG00000162695,100896061,100996260,1,(+),solute carrier family 30 member 7,X,,2,0,,,,,
PTGR1,ENSG00000106853,111549722,111599893,9,(-),prostaglandin reductase 1,X,,2,0,,,,,
FRRS1,ENSG00000156869,99703970,99766635,1,(-),ferric chelate reductase 1,X,,2,0,,,,,
ZNF503-AS2,ENSG00000237149,75400962,75408982,10,(+),ZNF503 antisense RNA 2,X,,2,0,,,,,
BRCA2,ENSG00000139618,32315086,32400268,13,(+),BRCA2 DNA repair associated,X,,2; 18,0,,,,,
LAD1,ENSG00000159166,201380833,201399915,1,(-),ladinin 1,X,,2,0,,,,,
CERNA2,ENSG00000285972,84167228,84172094,10,(-),competing endogenous lncRNA 2 for microRNA let-7b,X,,2,0,,,,,
NWD2,ENSG00000174145,37244743,37449463,4,(+),NACHT and WD repeat domain containing 2,X,,2,0,,,,,
P2RY2,ENSG00000175591,73216664,73242427,11,(+),purinergic receptor P2Y2,X,,2,0,,,,,
INPP1,ENSG00000151689,190340590,190371665,2,(+),inositol polyphosphate-1-phosphatase,X,,2,0,,,,,
SKA3,ENSG00000165480,21153594,21176602,13,(-),spindle and kinetochore associated complex subunit 3,X,,2; 18,0,,,,,
HMGXB3,ENSG00000113716,150000046,150053142,5,(+),HMG-box containing 3,X,,2,0,,,,,
ANKRD31,ENSG00000145700,75068275,75236911,5,(-),ankyrin repeat domain 31,X,,2,0,,,,,
METTL9,ENSG00000197006,21597218,21657471,16,(+),"methyltransferase 9, His-X-His N1(pi)-histidine",X,X,2; 4; 18,1,,,,,
LIMA1,ENSG00000050405,50175788,50283524,12,(-),LIM domain and actin binding 1,X,,2,0,,,,,
UHRF1,ENSG00000276043,4903080,4962154,19,(+),ubiquitin like with PHD and ring finger domains 1,X,,2; 18,0,,,,,
ABCB6,ENSG00000115657,219209766,219219012,2,(-),ATP binding cassette subfamily B member 6 (LAN blood group),X,,2,0,,,,,
LRP8,ENSG00000157193,53242364,53328469,1,(-),LDL receptor related protein 8,X,,2,0,,,,,
PPM1F,ENSG00000100034,21919425,21952848,22,(-),"protein phosphatase, Mg2+/Mn2+ dependent 1F",X,,2,0,,,,,
TIFAB,ENSG00000255833,135444226,135452351,5,(-),TIFA inhibitor,X,,2,0,,,,,
SPATA24,ENSG00000170469,139396563,139404089,5,(-),spermatogenesis associated 24,X,,2,0,,,,,
SHMT2,ENSG00000182199,57226554,57234935,12,(+),serine hydroxymethyltransferase 2,X,,2; 18,0,,,,,
MTG1,ENSG00000148824,133394094,133422520,10,(+),mitochondrial ribosome associated GTPase 1,X,X,2; 5,1,,,,,
MORC2,ENSG00000133422,30925130,30969082,22,(-),MORC family CW-type zinc finger 2,X,,2,0,,,,,
CNN2,ENSG00000064666,1026547,1039077,19,(+),calponin 2,X,,2; 18,0,,,,,
ATP1B3,ENSG00000069849,141876124,141926549,3,(+),ATPase Na+/K+ transporting subunit beta 3,X,,2; 18,0,,,,,
DHRS13,ENSG00000167536,28897781,28903079,17,(-),dehydrogenase/reductase 13,X,,2,0,,,,,
RPL26P34,ENSG00000225404,24704338,24704788,13,(-),ribosomal protein L26 pseudogene 34,X,,2,0,,,,,
RFX5,ENSG00000143390,151340640,151347339,1,(-),regulatory factor X5,X,,2,0,,,,,
MON1B,ENSG00000103111,77190835,77202398,16,(+),"MON1 homolog B, secretory trafficking associated",X,,2,0,,,,,
ASPM,ENSG00000066279,197084121,197146694,1,(-),assembly factor for spindle microtubules,X,,2; 18,0,,,,,
LRRC55,ENSG00000183908,57181747,57191717,11,(+),leucine rich repeat containing 55,X,,2,0,,,,,
RHOH,ENSG00000168421,40191011,40246967,4,(+),ras homolog family member H,X,,2; 18,0,,,,,
MFSD10,ENSG00000109736,2930559,2935462,4,(-),major facilitator superfamily domain containing 10,X,,2; 18,0,,,,,
HGS,ENSG00000185359,81683326,81703138,17,(+),hepatocyte growth factor-regulated tyrosine kinase substrate,X,,2,0,,,,,
OSBP2,ENSG00000184792,30693782,30907824,22,(+),oxysterol binding protein 2,X,,2,0,,,,,
TFCP2,ENSG00000135457,51093656,51173137,12,(-),transcription factor CP2,X,,2,0,,,,,
CDCA2,ENSG00000184661,25459199,25507911,8,(+),cell division cycle associated 2,X,,2; 18,0,,,,,
KIF2C,ENSG00000142945,44739817,44767767,1,(+),kinesin family member 2C,X,,2; 18,0,,,,,
PPP4R1,ENSG00000154845,9546791,9615240,18,(-),protein phosphatase 4 regulatory subunit 1,X,,2,0,,,,,
MKI67,ENSG00000148773,128096659,128126448,10,(-),marker of proliferation Ki-67,X,,2; 18,0,,,,,
CACHD1,ENSG00000158966,64469765,64693058,1,(+),cache domain containing 1,X,,2,0,,,,,
PARP8,ENSG00000151883,50665899,50846519,5,(+),poly(ADP-ribose) polymerase family member 8,X,,2; 18,0,,,,,
TRIM14,ENSG00000106785,98068968,98119399,9,(-),tripartite motif containing 14,X,,2,0,,,,,
FAM53C,ENSG00000120709,138331935,138349729,5,(+),family with sequence similarity 53 member C,X,,2,0,,,,,
VNN1,ENSG00000112299,132680849,132719962,6,(-),vanin 1,X,,2,0,,,,,
CCDC60,ENSG00000183273,119334703,119541047,12,(+),coiled-coil domain containing 60,X,,2,0,,,,,
CDC42EP1,ENSG00000128283,37555112,37569764,22,(+),CDC42 effector protein 1,X,,2; 3,0,,,,,
TRAF7,ENSG00000131653,2155692,2178129,16,(+),TNF receptor associated factor 7,X,,2,0,,,,,
TMEM117,ENSG00000139173,43835967,44389762,12,(+),transmembrane protein 117,X,X,2; 6,1,,,,,
CAPN1,ENSG00000014216,65180566,65212006,11,(+),calpain 1,X,X,2; 4,1,,,,,
ODF3B,ENSG00000177989,50529710,50532580,22,(-),outer dense fiber of sperm tails 3B,X,,2,0,,,,,
JOSD2,ENSG00000161677,50505995,50514675,19,(-),Josephin domain containing 2,X,X,2; 4,1,,,,,
GIPC1,ENSG00000123159,14477759,14496157,19,(-),GIPC PDZ domain containing family member 1,X,,2,0,,,,,
MIR548AC,ENSG00000264419,116560024,116560111,1,(-),microRNA 548ac,X,,2; 3,0,,,,,
CENPO,ENSG00000138092,24793111,24822376,2,(+),centromere protein O,X,,2,0,,,,,
PCNX3,ENSG00000197136,65615754,65637441,11,(+),pecanex 3,X,,2,0,,,,,
BCL3,ENSG00000069399,44747705,44760044,19,(+),BCL3 transcription coactivator,X,,2; 18,0,,,,,
ZNF207,ENSG00000010244,32350122,32381885,17,(+),zinc finger protein 207,X,,2,0,,,,,
MICALL1,ENSG00000100139,37905657,37942822,22,(+),MICAL like 1,X,,2,0,,,,,
MEAK7,ENSG00000140950,84476345,84565284,16,(-),"MTOR associated protein, eak-7 homolog",X,,2,0,,,,,
TMEM171,ENSG00000157111,73120569,73131812,5,(+),transmembrane protein 171,X,,2,0,,,,,
TPBG,ENSG00000146242,82363206,82367420,6,(+),trophoblast glycoprotein,X,,2,0,,,,,
TFE3,ENSG00000068323,49028726,49043476,X,(-),transcription factor binding to IGHM enhancer 3,X,,2,0,,,,,
ABCG4,ENSG00000172350,119149052,119162653,11,(+),ATP binding cassette subfamily G member 4,X,,2,0,,,,,
TRANK1,ENSG00000168016,36826817,36945057,3,(-),tetratricopeptide repeat and ankyrin repeat containing 1,X,,2,0,,,,,
HSPD1P3,ENSG00000255128,7418991,7420546,8,(+),heat shock protein family D (Hsp60) member 1 pseudogene 3,X,,2,0,,,,,
SFXN1,ENSG00000164466,175477062,175529742,5,(+),sideroflexin 1,X,,2; 18,0,,,,,
STX3,ENSG00000166900,59713456,59805882,11,(+),syntaxin 3,X,X,2; 4,1,,,,,
ACTR8,ENSG00000113812,53863038,53882198,3,(-),actin related protein 8,X,,2,0,,,,,
LTB4R2,ENSG00000213906,24305734,24312053,14,(+),leukotriene B4 receptor 2,X,,2,0,,,,,
PAF1,ENSG00000006712,39385629,39391154,19,(-),"PAF1 homolog, Paf1/RNA polymerase II complex component",X,,2,0,,,,,
SSH3,ENSG00000172830,67303478,67312607,11,(+),slingshot protein phosphatase 3,X,,2,0,,,,,
PACS1,ENSG00000175115,66070272,66244744,11,(+),phosphofurin acidic cluster sorting protein 1,X,X,2; 4,1,,,,,
HMMR,ENSG00000072571,163460203,163491945,5,(+),hyaluronan mediated motility receptor,X,,2; 18,0,,,,,
USP28,ENSG00000048028,113797870,113875590,11,(-),ubiquitin specific peptidase 28,X,,2,0,,,,,
ASF1B,ENSG00000105011,14119512,14136622,19,(-),anti-silencing function 1B histone chaperone,X,,2; 18,0,,,,,
LAT2,ENSG00000086730,74199652,74234454,7,(+),linker for activation of T cells family member 2,X,,2; 18,0,,,,,
PLBD1-AS1,ENSG00000256751,14567393,14624191,12,(+),PLBD1 antisense RNA 1,X,,2,0,,,,,
MREG,ENSG00000118242,215942584,216034096,2,(-),melanoregulin,X,,2,0,,,,,
HR,ENSG00000168453,22114419,22133384,8,(-),HR lysine demethylase and nuclear receptor corepressor,X,,2,0,,,,,
PKP3,ENSG00000184363,392614,404908,11,(+),plakophilin 3,X,,2,0,,,,,
VPS18,ENSG00000104142,40894415,40903975,15,(+),VPS18 core subunit of CORVET and HOPS complexes,X,,2,0,,,,,
TONSL,ENSG00000160949,144428767,144444473,8,(-),"tonsoku like, DNA repair protein",X,,2,0,,,,,
LRRC8B,ENSG00000197147,89524829,89597861,1,(+),leucine rich repeat containing 8 VRAC subunit B,X,,2,0,,,,,
FAM169A,ENSG00000198780,74777574,74867022,5,(-),family with sequence similarity 169 member A,X,X,2; 4,1,,,,,
NDST1,ENSG00000070614,150485648,150558211,5,(+),N-deacetylase and N-sulfotransferase 1,X,,2,0,,,,,
BIRC5,ENSG00000089685,78214186,78225636,17,(+),baculoviral IAP repeat containing 5,X,,2; 18,0,,,,,
HJURP,ENSG00000123485,233833416,233854566,2,(-),Holliday junction recognition protein,X,,2; 18,0,,,,,
CLINT1,ENSG00000113282,157785743,157859169,5,(-),clathrin interactor 1,X,,2,0,,,,,
LPAR5,ENSG00000184574,6618835,6636444,12,(-),lysophosphatidic acid receptor 5,X,,2,0,,,,,
KLHDC7B-DT,ENSG00000272666,50542299,50548994,22,(-),KLHDC7B divergent transcript,X,,2,0,,,,,
LIPA,ENSG00000107798,89212830,89415367,10,(-),"lipase A, lysosomal acid type",X,,2,0,,,,,
SLC15A4,ENSG00000139370,128793193,128824035,12,(-),solute carrier family 15 member 4,X,,2,0,,,,,
IFIT5,ENSG00000152778,89414568,89421605,10,(+),interferon induced protein with tetratricopeptide repeats 5,X,,2,0,,,,,
XPO5,ENSG00000124571,43522334,43576061,6,(-),exportin 5,X,,2,0,,,,,
AEBP2,ENSG00000139154,19404045,19720801,12,(+),AE binding protein 2,X,,2,0,,,,,
SKA2,ENSG00000182628,59109857,59155260,17,(-),spindle and kinetochore associated complex subunit 2,X,,2; 18,0,,,,,
RIC8A,ENSG00000177963,207499,215113,11,(+),RIC8 guanine nucleotide exchange factor A,X,,2,0,,,,,
KCNK10,ENSG00000100433,88180103,88326907,14,(-),potassium two pore domain channel subfamily K member 10,X,,2,0,,,,,
STIL,ENSG00000123473,47250139,47314892,1,(-),STIL centriolar assembly protein,X,,2; 18,0,,,,,
CNOT1,ENSG00000125107,58519951,58629885,16,(-),CCR4-NOT transcription complex subunit 1,X,,2,0,,,,,
TPX2,ENSG00000088325,31739248,31801805,20,(+),TPX2 microtubule nucleation factor,X,,2; 18,0,,,,,
KIF20A,ENSG00000112984,138178719,138188171,5,(+),kinesin family member 20A,X,X,2; 5; 18,1,,,,,
PHF19,ENSG00000119403,120855651,120894896,9,(-),PHD finger protein 19,X,,2; 18,0,,,,,
IL26,ENSG00000111536,68201349,68225810,12,(-),interleukin 26,X,,2; 3; 16,0,,,,,
LMTK3,ENSG00000142235,48485271,48513935,19,(-),lemur tyrosine kinase 3,X,,2; 3,0,,,,,
TMEM37,ENSG00000171227,119429901,119438504,2,(+),transmembrane protein 37,X,,2,0,,,,,
MTCL1,ENSG00000168502,8705271,8832780,18,(+),microtubule crosslinking factor 1,X,,2,0,,,,,
TTK,ENSG00000112742,80003887,80043580,6,(+),TTK protein kinase,X,X,2; 6; 18,1,,,,,
SEMA4B,ENSG00000185033,90160604,90229679,15,(+),semaphorin 4B,X,,2,0,,,,,
SP100,ENSG00000067066,230415942,230545606,2,(+),SP100 nuclear antigen,X,,2; 18,0,,,,,
AUNIP,ENSG00000127423,25831913,25859458,1,(-),aurora kinase A and ninein interacting protein,X,,2,0,,,,,
LZTS1,ENSG00000061337,20246165,20303963,8,(-),leucine zipper tumor suppressor 1,X,X,2; 6,1,,,,,
HNRNPAB,ENSG00000197451,178204479,178211183,5,(+),heterogeneous nuclear ribonucleoprotein A/B,X,,2; 18,0,,,,,
GID8,ENSG00000101193,62937060,62948589,20,(+),GID complex subunit 8 homolog,X,,2,0,,,,,
HMGN2P23,ENSG00000236124,112981166,112981434,2,(-),high mobility group nucleosomal binding domain 2 pseudogene 23,X,,2,0,,,,,
CLCA3P,ENSG00000153923,86634276,86654745,1,(+),"chloride channel accessory 3, pseudogene",X,,2,0,,,,,
EPHX3,ENSG00000105131,15226899,15233591,19,(-),epoxide hydrolase 3,X,,2,0,,,,,
WNT10A,ENSG00000135925,218880852,218899581,2,(+),Wnt family member 10A,X,,2,0,,,,,
KBTBD8,ENSG00000163376,66998307,67011210,3,(+),kelch repeat and BTB domain containing 8,X,,2,0,,,,,
DAZL,ENSG00000092345,16586792,16670306,3,(-),deleted in azoospermia like,X,,2,0,,,,,
FAM210A,ENSG00000177150,13663347,13726663,18,(-),family with sequence similarity 210 member A,X,X,2; 4,1,,,,,
CHRNA6,ENSG00000147434,42752620,42796392,8,(-),cholinergic receptor nicotinic alpha 6 subunit,X,,2,0,,,,,
AMN,ENSG00000166126,102922663,102933596,14,(+),amnion associated transmembrane protein,X,,2,0,,,,,
SIRPG,ENSG00000089012,1629152,1657779,20,(-),signal regulatory protein gamma,X,,2; 18,0,,,,,
TRIM21,ENSG00000132109,4384897,4393747,11,(-),tripartite motif containing 21,X,,2,0,,,,,
RPS6KB2,ENSG00000175634,67428460,67435408,11,(+),ribosomal protein S6 kinase B2,X,,2,0,,,,,
DICER1,ENSG00000100697,95086228,95158010,14,(-),"dicer 1, ribonuclease III",X,X,2; 4,1,,,,,
GART,ENSG00000159131,33503371,33543524,21,(-),"phosphoribosylglycinamide formyltransferase, phosphoribosylglycinamide synthetase, phosphoribosylaminoimidazole synthetase",X,,2,0,,,,,
IL4I1,ENSG00000104951,49889654,49929539,19,(-),interleukin 4 induced 1,X,,2; 3,0,,,,,
MFHAS1,ENSG00000147324,8783354,8893630,8,(-),multifunctional ROCO family signaling regulator 1,X,,2; 3,0,,,,,
EIF4A3,ENSG00000141543,80134369,80147151,17,(-),eukaryotic translation initiation factor 4A3,X,,2; 18,0,,,,,
SLC25A44,ENSG00000160785,156193932,156212796,1,(+),solute carrier family 25 member 44,X,,2,0,,,,,
ADGRF1,ENSG00000153292,46997708,47042350,6,(-),adhesion G protein-coupled receptor F1,X,X,2; 4; 11,1,,,,,
ITSN2,ENSG00000198399,24202864,24360807,2,(-),intersectin 2,X,X,2; 5,1,,,,,
ANKEF1,ENSG00000132623,9986126,10058303,20,(+),ankyrin repeat and EF-hand domain containing 1,X,,2,0,,,,,
TMEM79,ENSG00000163472,156282935,156293185,1,(+),transmembrane protein 79,X,,2,0,,,,,
NT5C2,ENSG00000076685,103087141,103277605,10,(-),"5'-nucleotidase, cytosolic II",X,,2,0,,,,,
UBP1,ENSG00000153560,33388336,33441407,3,(-),upstream binding protein 1,X,X,2; 4,1,,,,,
ALDH16A1,ENSG00000161618,49453146,49471052,19,(+),aldehyde dehydrogenase 16 family member A1,X,,2,0,,,,,
RAB35,ENSG00000111737,120095094,120117502,12,(-),"RAB35, member RAS oncogene family",X,X,2; 4,1,,,,,
NKIRAS2,ENSG00000168256,42011382,42025644,17,(+),NFKB inhibitor interacting Ras like 2,X,,2,0,,,,,
DENND6A,ENSG00000174839,57625454,57693127,3,(-),DENN domain containing 6A,X,,2,0,,,,,
CROT,ENSG00000005469,87345664,87399800,7,(+),carnitine O-octanoyltransferase,X,,2,0,,,,,
CMAS,ENSG00000111726,22046174,22065674,12,(+),cytidine monophosphate N-acetylneuraminic acid synthetase,X,,2,0,,,,,
TOLLIP,ENSG00000078902,1274371,1310258,11,(-),toll interacting protein,X,,2,0,,,,,
ABHD4,ENSG00000100439,22598249,22612963,14,(+),"abhydrolase domain containing 4, N-acyl phospholipase B",X,,2,0,,,,,
CASP7,ENSG00000165806,113679162,113731290,10,(+),caspase 7,X,,2,0,,,,,
RHBDF2,ENSG00000129667,76470891,76501790,17,(-),rhomboid 5 homolog 2,X,,2,0,,,,,
TRAF3,ENSG00000131323,102777326,102911500,14,(+),TNF receptor associated factor 3,X,,2,0,,,,,
SFN,ENSG00000175793,26863149,26864456,1,(+),stratifin,X,,2,0,,,,,
MMP17,ENSG00000198598,131828393,131851783,12,(+),matrix metallopeptidase 17,X,,2,0,,,,,
DOT1L,ENSG00000104885,2163933,2232578,19,(+),DOT1 like histone lysine methyltransferase,X,X,2; 4,1,,,,,
DPF2,ENSG00000133884,65333821,65354262,11,(+),double PHD fingers 2,X,,2,0,,,,,
FUT1,ENSG00000174951,48748011,48755390,19,(-),fucosyltransferase 1 (H blood group),X,X,2; 6,1,,,,,
GBA,ENSG00000177628,155234452,155244699,1,(-),glucosylceramidase beta,X,,2,0,,,,,
KIF2A,ENSG00000068796,62306162,62391025,5,(+),kinesin family member 2A,X,X,2; 4,1,,,,,
SH2D2A,ENSG00000027869,156806235,156817014,1,(-),SH2 domain containing 2A,X,,2; 18,0,,,,,
MYH13,ENSG00000006788,10300865,10373130,17,(-),myosin heavy chain 13,X,,2,0,,,,,
SLC27A4,ENSG00000167114,128340506,128363283,9,(+),solute carrier family 27 member 4,X,,2,0,,,,,
TRIM62,ENSG00000116525,33145399,33182059,1,(-),tripartite motif containing 62,X,,2,0,,,,,
RESF1,ENSG00000174718,31959370,31993114,12,(+),retroelement silencing factor 1,X,,2; 18,0,,,,,
MAPK7,ENSG00000166484,19377721,19383544,17,(+),mitogen-activated protein kinase 7,X,,2,0,,,,,
AEN,ENSG00000181026,88620070,88632281,15,(+),apoptosis enhancing nuclease,X,,2,0,,,,,
LIPE-AS1,ENSG00000213904,42387222,42796422,19,(+),LIPE antisense RNA 1,X,,2,0,,,,,
MINK1,ENSG00000141503,4833147,4898065,17,(+),misshapen like kinase 1,X,,2,0,,,,,
CNOT6,ENSG00000113300,180494334,180578401,5,(+),CCR4-NOT transcription complex subunit 6,X,,2,0,,,,,
PML,ENSG00000140464,73994673,74047827,15,(+),PML nuclear body scaffold,X,X,2; 4,1,,,,,
PPP1R14B-AS1,ENSG00000256940,64245837,64248276,11,(+),PPP1R14B antisense RNA 1,X,,2; 3,0,,,,,
HELZ2,ENSG00000130589,63558086,63574239,20,(-),helicase with zinc finger 2,X,,2,0,,,,,
KIF18A,ENSG00000121621,28020618,28108183,11,(-),kinesin family member 18A,X,,2; 18,0,,,,,
SHC1,ENSG00000160691,154962284,154974395,1,(-),SHC adaptor protein 1,X,,2,0,,,,,
TMEM123,ENSG00000152558,102396332,102470384,11,(-),transmembrane protein 123,X,,2; 18,0,,,,,
AMMECR1,ENSG00000101935,110194186,110440318,X,(-),AMMECR nuclear protein 1,X,,2,0,,,,,
HRH3,ENSG00000101180,62214960,62220303,20,(-),histamine receptor H3,X,,2,0,,,,,
STX6,ENSG00000135823,180972712,181023121,1,(-),syntaxin 6,X,,2,0,,,,,
NRAP,ENSG00000197893,113588714,113664121,10,(-),nebulin related anchoring protein,X,,2,0,,,,,
PLD2,ENSG00000129219,4807117,4823434,17,(+),phospholipase D2,X,,2,0,,,,,
MPI,ENSG00000178802,74890005,74902219,15,(+),mannose phosphate isomerase,X,,2,0,,,,,
NDRG4,ENSG00000103034,58462846,58513628,16,(+),NDRG family member 4,X,,2,0,,,,,
ERCC6L,ENSG00000186871,72204657,72239027,X,(-),"ERCC excision repair 6 like, spindle assembly checkpoint helicase",X,,2,0,,,,,
MAP3K11,ENSG00000173327,65597755,65615382,11,(-),mitogen-activated protein kinase kinase kinase 11,X,X,2; 4,1,,,,,
IKBKE,ENSG00000263528,206470332,206496891,1,(+),inhibitor of nuclear factor kappa B kinase subunit epsilon,X,,2,0,,,,,
RELL2,ENSG00000164620,141636950,141641064,5,(+),RELT like 2,X,,2,0,,,,,
GCNT4,ENSG00000176928,75025346,75054224,5,(-),glucosaminyl (N-acetyl) transferase 4,X,,2,0,,,,,
UGT1A10,ENSG00000242515,233636448,233773300,2,(+),UDP glucuronosyltransferase family 1 member A10,X,,2,0,,,,,
COPB2,ENSG00000184432,139353942,139389736,3,(-),COPI coat complex subunit beta 2,X,,2,0,,,,,
NCCRP1,ENSG00000188505,39196964,39201884,19,(+),"NCCRP1, F-box associated domain containing",X,,2,0,,,,,
ADIPOR2,ENSG00000006831,1688574,1788680,12,(+),adiponectin receptor 2,X,,2,0,,,,,
MED8,ENSG00000159479,43383917,43389808,1,(-),mediator complex subunit 8,X,X,2; 4,1,,,,,
FBXO46,ENSG00000177051,45710624,45730919,19,(-),F-box protein 46,X,,2,0,,,,,
CYP7B1,ENSG00000172817,64587763,64799145,8,(-),cytochrome P450 family 7 subfamily B member 1,X,,2,0,,,,,
IGSF3,ENSG00000143061,116574399,116667820,1,(-),immunoglobulin superfamily member 3,X,,2,0,,,,,
DDIAS,ENSG00000165490,82899975,82958277,11,(+),DNA damage induced apoptosis suppressor,X,,2,0,,,,,
PSMB10,ENSG00000205220,67934506,67936864,16,(-),proteasome 20S subunit beta 10,X,,2; 18,0,,,,,
TPRXL,ENSG00000292995,13937266,14100755,3,(+),tetrapeptide repeat homeobox like (pseudogene),X,,2,0,,,,,
PLK1,ENSG00000166851,23677656,23690367,16,(+),polo like kinase 1,X,,2; 18,0,,,,,
CCNA2,ENSG00000145386,121816444,121823917,4,(-),cyclin A2,X,,2; 18,0,,,,,
RABGGTA,ENSG00000100949,24265538,24271611,14,(-),Rab geranylgeranyltransferase subunit alpha,X,,2,0,,,,,
GSTA4,ENSG00000170899,52977948,52995312,6,(-),glutathione S-transferase alpha 4,X,,2,0,,,,,
SHFL,ENSG00000130813,10086122,10093252,19,(+),shiftless antiviral inhibitor of ribosomal frameshifting,X,X,2; 4,1,,,,,
FAAHP1,ENSG00000232022,46432129,46445321,1,(+),fatty acid amide hydrolase pseudogene 1,X,,2,0,,,,,
ZNF770,ENSG00000198146,34978341,34989479,15,(-),zinc finger protein 770,X,,2,0,,,,,
CTPS1,ENSG00000171793,40979300,41012565,1,(+),CTP synthase 1,X,X,2; 4,1,,,,,
RRM2,ENSG00000171848,10120698,10211725,2,(+),ribonucleotide reductase regulatory subunit M2,X,,2; 18,0,,,,,
PLCD4,ENSG00000115556,218607855,218637186,2,(+),phospholipase C delta 4,X,,2,0,,,,,
PTPN18,ENSG00000072135,130356027,130375405,2,(+),protein tyrosine phosphatase non-receptor type 18,X,X,2; 4,1,,,,,
INA,ENSG00000148798,103277138,103290351,10,(+),internexin neuronal intermediate filament protein alpha,X,,2,0,,,,,
BAX,ENSG00000087088,48954815,48961798,19,(+),"BCL2 associated X, apoptosis regulator",X,,2; 18,0,,,,,
MAP4K4,ENSG00000071054,101696850,101894690,2,(+),mitogen-activated protein kinase kinase kinase kinase 4,X,,2,0,,,,,
PARP14,ENSG00000173193,122680839,122730840,3,(+),poly(ADP-ribose) polymerase family member 14,X,,2; 18,0,,,,,
DDX28,ENSG00000182810,68020916,68023232,16,(-),DEAD-box helicase 28,X,,2,0,,,,,
CC2D1A,ENSG00000132024,13906160,13930884,19,(+),coiled-coil and C2 domain containing 1A,X,,2,0,,,,,
ADAM17,ENSG00000151694,9488486,9556732,2,(-),ADAM metallopeptidase domain 17,X,X,2; 5,1,,,,,
APEX2,ENSG00000169188,55000331,55009057,X,(+),apurinic/apyrimidinic endodeoxyribonuclease 2,X,,2,0,,,,,
MTRR,ENSG00000124275,7851186,7906025,5,(+),5-methyltetrahydrofolate-homocysteine methyltransferase reductase,X,,2,0,,,,,
UBE2G1,ENSG00000132388,4269259,4366675,17,(-),ubiquitin conjugating enzyme E2 G1,X,,2,0,,,,,
BMP2K,ENSG00000138756,78776342,78916365,4,(+),BMP2 inducible kinase,X,,2,0,,,,,
KIF4A,ENSG00000090889,70290067,70420886,X,(+),kinesin family member 4A,X,,2; 18,0,,,,,
FAM118B,ENSG00000197798,126211687,126263051,11,(+),family with sequence similarity 118 member B,X,,2,0,,,,,
KIF14,ENSG00000118193,200551497,200620771,1,(-),kinesin family member 14,X,,2; 18,0,,,,,
UBE2D1,ENSG00000072401,58334975,58370751,10,(+),ubiquitin conjugating enzyme E2 D1,X,,2,0,,,,,
BUB1,ENSG00000169679,110636333,110678078,2,(-),BUB1 mitotic checkpoint serine/threonine kinase,X,,2; 18,0,,,,,
CDC42EP5,ENSG00000167617,54465026,54473296,19,(-),CDC42 effector protein 5,X,,2,0,,,,,
FAM43A,ENSG00000185112,194685883,194689037,3,(+),family with sequence similarity 43 member A,X,,2,0,,,,,
MYO5A,ENSG00000197535,52307281,52529132,15,(-),myosin VA,X,X,2; 3; 5,1,,,,,
CCNE1,ENSG00000105173,29811471,29824313,19,(+),cyclin E1,X,,2,0,,,,,
STIMATE,ENSG00000213533,52836219,52897578,3,(-),STIM activating enhancer,X,,2,0,,,,,
ZBTB17,ENSG00000116809,15940403,15976132,1,(-),zinc finger and BTB domain containing 17,X,,2,0,,,,,
S100A15A,ENSG00000224784,153396591,153396771,1,(-),S100 calcium binding protein A15A (pseudogene),X,,2,0,,,,,
SHROOM2,ENSG00000146950,9786429,9949443,X,(+),shroom family member 2,X,,2,0,,,,,
KATNB1,ENSG00000140854,57735669,57758271,16,(+),katanin regulatory subunit B1,X,,2,0,,,,,
ZNF267,ENSG00000185947,31873788,31917357,16,(+),zinc finger protein 267,X,,2,0,,,,,
CEMIP,ENSG00000103888,80779343,80951776,15,(+),cell migration inducing hyaluronidase 1,X,,2,0,,,,,
ERI2,ENSG00000196678,20780193,20900349,16,(-),ERI1 exoribonuclease family member 2,X,,2,0,,,,,
TEX101,ENSG00000131126,43401496,43418597,19,(+),testis expressed 101,X,,2,0,,,,,
SP140L,ENSG00000185404,230326762,230403735,2,(+),SP140 nuclear body protein like,X,,2,0,,,,,
PORCN,ENSG00000102312,48508574,48520814,X,(+),porcupine O-acyltransferase,X,,2,0,,,,,
SLC36A1,ENSG00000123643,151437046,151492379,5,(+),solute carrier family 36 member 1,X,X,2; 6,1,,,,,
GMPPB,ENSG00000173540,49716844,49723985,3,(-),GDP-mannose pyrophosphorylase B,X,,2,0,,,,,
DDX41,ENSG00000183258,177511569,177516979,5,(-),DEAD-box helicase 41,X,,2,0,,,,,
SPATA5L1,ENSG00000171763,45402336,45421415,15,(+),spermatogenesis associated 5 like 1,X,,2,0,,,,,
PTPN7,ENSG00000143851,202147012,202161588,1,(-),protein tyrosine phosphatase non-receptor type 7,X,,2; 18,0,,,,,
CDC37,ENSG00000105401,10391090,10420185,19,(-),"cell division cycle 37, HSP90 cochaperone",X,X,2; 5,1,,,,,
DEPDC1B,ENSG00000035499,60596912,60700194,5,(-),DEP domain containing 1B,X,,2; 18,0,,,,,
KIFC1,ENSG00000237649,33391429,33410441,6,(+),kinesin family member C1,X,,2; 18,0,,,,,
SLC39A6,ENSG00000141424,36108531,36129385,18,(-),solute carrier family 39 member 6,X,,2,0,,,,,
RNF168,ENSG00000163961,196468783,196503768,3,(-),ring finger protein 168,X,,2,0,,,,,
IFNE,ENSG00000184995,21480839,21482313,9,(-),interferon epsilon,X,,2,0,,,,,
GRN,ENSG00000030582,44345108,44353106,17,(+),granulin precursor,X,,2,0,,,,,
CYSRT1,ENSG00000197191,137225174,137226315,9,(+),cysteine rich tail 1,X,,2,0,,,,,
DHX57,ENSG00000163214,38797724,38875938,2,(-),DExH-box helicase 57,X,,2,0,,,,,
TJP1,ENSG00000104067,29699367,29968915,15,(-),tight junction protein 1,X,,2,0,,,,,
NUP210,ENSG00000132182,13316231,13420322,3,(-),nucleoporin 210,X,,2; 18,0,,,,,
SUNO1,ENSG00000277013,33906352,33908393,19,(+),S-phase upregulated non-coding 1,X,,2,0,,,,,
TP53I3,ENSG00000115129,24077433,24085861,2,(-),tumor protein p53 inducible protein 3,X,,2,0,,,,,
ZC3HAV1,ENSG00000105939,139043515,139132122,7,(-),"zinc finger CCCH-type containing, antiviral 1",X,,2,0,,,,,
EPHA1,ENSG00000146904,143390289,143408856,7,(-),EPH receptor A1,X,,2,0,,,,,
CNOT11,ENSG00000158435,101252873,101270316,2,(+),CCR4-NOT transcription complex subunit 11,X,,2,0,,,,,
CDC20,ENSG00000117399,43358928,43363207,1,(+),cell division cycle 20,X,,2; 18,0,,,,,
CDCA5,ENSG00000146670,65066300,65084164,11,(-),cell division cycle associated 5,X,,2; 18,0,,,,,
GLYCTK,ENSG00000168237,52286945,52295273,3,(+),glycerate kinase,X,,2,0,,,,,
TMPO-AS1,ENSG00000257167,98512791,98516422,12,(-),TMPO antisense RNA 1,X,,2,0,,,,,
PRR11,ENSG00000068489,59155732,59206709,17,(+),proline rich 11,X,,2; 18,0,,,,,
SLC38A7,ENSG00000103042,58663015,58684770,16,(-),solute carrier family 38 member 7,X,,2,0,,,,,
LINC02323,ENSG00000259230,102545223,102591269,14,(+),long intergenic non-protein coding RNA 2323,X,,2,0,,,,,
PRC1,ENSG00000198901,90966038,90995629,15,(-),protein regulator of cytokinesis 1,X,,2; 18,0,,,,,
KPTN,ENSG00000118162,47475141,47484265,19,(-),"kaptin, actin binding protein",X,,2,0,,,,,
POLQ,ENSG00000051341,121431426,121546002,3,(-),DNA polymerase theta,X,,2; 18,0,,,,,
GINS3,ENSG00000181938,58295080,58406147,16,(+),GINS complex subunit 3,X,,2,0,,,,,
FAM102A,ENSG00000167106,127940582,127980989,9,(-),family with sequence similarity 102 member A,X,,2,0,,,,,
MAPK6,ENSG00000069956,51952106,52067375,15,(+),mitogen-activated protein kinase 6,X,,2,0,,,,,
GBP1P1,ENSG00000225492,89410319,89426243,1,(+),guanylate binding protein 1 pseudogene 1,X,,2,0,,,,,
DDX58,ENSG00000107201,32455302,32526208,9,(-),DExD/H-box helicase 58,X,X,2; 4,1,,,,,
EIF5,ENSG00000100664,103333544,103345025,14,(+),eukaryotic translation initiation factor 5,X,X,2; 4,1,,,,,
CTNS,ENSG00000040531,3636459,3663103,17,(+),"cystinosin, lysosomal cystine transporter",X,,2,0,,,,,
MACROH2A1,ENSG00000113648,135333609,135400023,5,(-),macroH2A.1 histone,X,,2; 18,0,,,,,
TIMELESS,ENSG00000111602,56416363,56449445,12,(-),timeless circadian regulator,X,,2; 18,0,,,,,
ALDH4A1,ENSG00000159423,18871425,18902799,1,(-),aldehyde dehydrogenase 4 family member A1,X,,2,0,,,,,
BZW2,ENSG00000136261,16644653,16706771,7,(+),basic leucine zipper and W2 domains 2,X,,2,0,,,,,
DEPDC7,ENSG00000121690,33015876,33033582,11,(+),DEP domain containing 7,X,,2,0,,,,,
MED8-AS1,ENSG00000229431,43367478,43389155,1,(+),MED8 antisense RNA 1,X,,2,0,,,,,
SLC7A1,ENSG00000139514,29509410,29595781,13,(-),solute carrier family 7 member 1,X,,2,0,,,,,
DIAPH3,ENSG00000139734,59665583,60163928,13,(-),diaphanous related formin 3,X,,2; 18,0,,,,,
ARPC1B,ENSG00000130429,99374226,99394827,7,(+),actin related protein 2/3 complex subunit 1B,X,,2; 18,0,,,,,
LTB4R,ENSG00000213903,24311450,24318036,14,(+),leukotriene B4 receptor,X,,2,0,,,,,
CD177,ENSG00000204936,43353686,43364395,19,(+),CD177 molecule,X,,2,0,,,,,
DEFB103A,ENSG00000176797,7881392,7882663,8,(+),defensin beta 103A,X,,2,0,,,,,
PARP9,ENSG00000138496,122527910,122565478,3,(-),poly(ADP-ribose) polymerase family member 9,X,,2; 18,0,,,,,
UNC93A,ENSG00000112494,167269010,167316028,6,(+),unc-93 homolog A,X,,2,0,,,,,
KRT24,ENSG00000167916,40697991,40703752,17,(-),keratin 24,X,,2; 11,0,,,,,
UBE2L6,ENSG00000156587,57551656,57568284,11,(-),ubiquitin conjugating enzyme E2 L6,X,,2; 18,0,,,,,
TLNRD1,ENSG00000140406,81000923,81005788,15,(+),talin rod domain containing 1,X,,2,0,,,,,
SYNRG,ENSG00000275066,37514807,37609472,17,(-),synergin gamma,X,,2,0,,,,,
MYO1B,ENSG00000128641,191245064,191425820,2,(+),myosin IB,X,,2,0,,,,,
DUOXA1,ENSG00000140254,45117364,45130611,15,(-),dual oxidase maturation factor 1,X,,2,0,,,,,
CDK5R1,ENSG00000176749,32486156,32491253,17,(+),cyclin dependent kinase 5 regulatory subunit 1,X,,2,0,,,,,
ARID1A,ENSG00000117713,26693236,26782104,1,(+),AT-rich interaction domain 1A,X,,2,0,,,,,
C10orf99,ENSG00000188373,84173801,84185294,10,(+),chromosome 10 open reading frame 99,X,,2,0,,,,,
AMOTL1,ENSG00000166025,94706431,94876748,11,(+),angiomotin like 1,X,X,2; 4,1,,,,,
FSCN1,ENSG00000075618,5592809,5606655,7,(+),fascin actin-bundling protein 1,X,,2,0,,,,,
CDK1,ENSG00000170312,60778312,60796236,10,(+),cyclin dependent kinase 1,X,,2; 18,0,,,,,
MAPK14,ENSG00000112062,36027738,36122511,6,(+),mitogen-activated protein kinase 14,X,X,2; 4,1,,,,,
ZC3H12C,ENSG00000149289,110093392,110171841,11,(+),zinc finger CCCH-type containing 12C,X,,2,0,,,,,
WDR77,ENSG00000116455,111439890,111449256,1,(-),WD repeat domain 77,X,,2,0,,,,,
PABPC4,ENSG00000090621,39560709,39576868,1,(-),poly(A) binding protein cytoplasmic 4,X,,2,0,,,,,
FOXM1,ENSG00000111206,2857676,2877174,12,(-),forkhead box M1,X,,2; 18,0,,,,,
TOMM40L,ENSG00000158882,161225939,161233754,1,(+),translocase of outer mitochondrial membrane 40 like,X,,2,0,,,,,
SAT1,ENSG00000130066,23783173,23786210,X,(+),spermidine/spermine N1-acetyltransferase 1,X,X,2; 4; 18,1,,,,,
DTX3L,ENSG00000163840,122564338,122575203,3,(+),deltex E3 ubiquitin ligase 3L,X,,2,0,,,,,
ZFP92,ENSG00000189420,153411434,153426481,X,(+),ZFP92 zinc finger protein,X,,2,0,,,,,
PLA2G4B,ENSG00000243708,41837775,41848147,15,(+),phospholipase A2 group IVB,X,,2,0,,,,,
FUS,ENSG00000089280,31180134,31196963,16,(+),FUS RNA binding protein,X,,2; 18,0,,,,,
TAF1B,ENSG00000115750,9843443,9934416,2,(+),"TATA-box binding protein associated factor, RNA polymerase I subunit B",X,,2,0,,,,,
LNMICC,ENSG00000254027,81252601,81281446,8,(-),lncRNA associated with lymph node metastasis in cervical cancer,X,,2,0,,,,,
SLC25A10,ENSG00000183048,81711951,81721969,17,(+),solute carrier family 25 member 10,X,,2,0,,,,,
PROM2,ENSG00000155066,95274444,95302296,2,(+),prominin 2,X,,2,0,,,,,
SNHG3,ENSG00000242125,28505980,28510892,1,(+),small nucleolar RNA host gene 3,X,,2,0,,,,,
SCRIB,ENSG00000180900,143790920,143815773,8,(-),scribble planar cell polarity protein,X,,2,0,,,,,
LIMK1,ENSG00000106683,74082933,74122527,7,(+),LIM domain kinase 1,X,,2,0,,,,,
FAM189B,ENSG00000160767,155247205,155255483,1,(-),family with sequence similarity 189 member B,X,,2,0,,,,,
AURKB,ENSG00000178999,8204335,8210634,17,(-),aurora kinase B,X,,2; 18,0,,,,,
KIAA1217,ENSG00000120549,23694746,24547848,10,(+),KIAA1217,X,,2,0,,,,,
ZNF710,ENSG00000140548,89999180,90082206,15,(+),zinc finger protein 710,X,,2,0,,,,,
LLGL1,ENSG00000131899,18225569,18244876,17,(+),LLGL scribble cell polarity complex component 1,X,,2,0,,,,,
NCAPH,ENSG00000121152,96335734,96377091,2,(+),non-SMC condensin I complex subunit H,X,,2; 18,0,,,,,
STAU2,ENSG00000040341,73420369,73747708,8,(-),staufen double-stranded RNA binding protein 2,X,X,2; 4,1,,,,,
MDFI,ENSG00000112559,41636840,41654246,6,(+),MyoD family inhibitor,X,,2,0,,,,,
NEU2,ENSG00000115488,233023032,233042480,2,(+),neuraminidase 2,X,,2,0,,,,,
CPLX3,ENSG00000213578,74826627,74831802,15,(+),complexin 3,X,,2,0,,,,,
PCCA-DT,ENSG00000274605,100053074,100089111,13,(-),PCCA divergent transcript,X,,2,0,,,,,
DLGAP5,ENSG00000126787,55148110,55191608,14,(-),DLG associated protein 5,X,,2; 18,0,,,,,
U2AF2,ENSG00000063244,55654146,55674716,19,(+),U2 small nuclear RNA auxiliary factor 2,X,,2,0,,,,,
EPB41L4A-DT,ENSG00000278921,112419583,112420978,5,(+),EPB41L4A divergent transcript,X,,2,0,,,,,
PSTPIP1,ENSG00000140368,76993325,77037475,15,(+),proline-serine-threonine phosphatase interacting protein 1,X,,2; 18,0,,,,,
RGS12,ENSG00000159788,3293021,3439913,4,(+),regulator of G protein signaling 12,X,,2,0,,,,,
ANKRD34B,ENSG00000189127,80556755,80570479,5,(-),ankyrin repeat domain 34B,X,,2,0,,,,,
SLC23A2,ENSG00000089057,4851729,5010293,20,(-),solute carrier family 23 member 2,X,,2,0,,,,,
MEPCE,ENSG00000146834,100428322,100434126,7,(+),methylphosphate capping enzyme,X,,2,0,,,,,
ATG2A,ENSG00000110046,64894531,64917245,11,(-),autophagy related 2A,X,,2,0,,,,,
PRKCQ-AS1,ENSG00000237943,6580419,6616921,10,(+),PRKCQ antisense RNA 1,X,,2,0,,,,,
CSNK1G1,ENSG00000169118,64165525,64356554,15,(-),casein kinase 1 gamma 1,X,,2,0,,,,,
PTGES2,ENSG00000148334,128120693,128128462,9,(-),prostaglandin E synthase 2,X,X,2; 5,1,,,,,
CCDC183-AS1,ENSG00000228544,136803927,136808848,9,(-),CCDC183 antisense RNA 1,X,,2,0,,,,,
GNA15,ENSG00000060558,3136033,3163749,19,(+),G protein subunit alpha 15,X,,2; 3,0,,,,,
METTL4,ENSG00000101574,2537525,2571509,18,(-),"methyltransferase 4, N6-adenosine",X,,2,0,,,,,
SHPK,ENSG00000197417,3608240,3636250,17,(-),sedoheptulokinase,X,,2,0,,,,,
AGAP2,ENSG00000135439,57723761,57742157,12,(-),"ArfGAP with GTPase domain, ankyrin repeat and PH domain 2",X,,2,0,,,,,
POP1,ENSG00000104356,98117293,98159835,8,(+),"POP1 homolog, ribonuclease P/MRP subunit",X,,2,0,,,,,
PIM2,ENSG00000102096,48913182,48919024,X,(-),"Pim-2 proto-oncogene, serine/threonine kinase",X,,2; 18,0,,,,,
CGAS,ENSG00000164430,73413515,73461726,6,(-),cyclic GMP-AMP synthase,X,,2,0,,,,,
CIP2A,ENSG00000163507,108549864,108589644,3,(-),cellular inhibitor of PP2A,X,,2; 18,0,,,,,
FAM98A,ENSG00000119812,33532744,33599347,2,(-),family with sequence similarity 98 member A,X,,2,0,,,,,
SCLT1,ENSG00000151466,128864921,129093600,4,(-),sodium channel and clathrin linker 1,X,,2,0,,,,,
ZNF217,ENSG00000171940,53567071,53609907,20,(-),zinc finger protein 217,X,,2,0,,,,,
ZWILCH,ENSG00000174442,66504959,66550130,15,(+),zwilch kinetochore protein,X,,2; 18,0,,,,,
PMM2,ENSG00000140650,8788823,8862534,16,(+),phosphomannomutase 2,X,,2,0,,,,,
MCM10,ENSG00000065328,13161554,13211110,10,(+),minichromosome maintenance 10 replication initiation factor,X,,2; 18,0,,,,,
CNEP1R1,ENSG00000205423,50024410,50037088,16,(+),CTD nuclear envelope phosphatase 1 regulatory subunit 1,X,,2,0,,,,,
HNRNPL,ENSG00000104824,38836370,38852347,19,(-),heterogeneous nuclear ribonucleoprotein L,X,,2; 18,0,,,,,
GBP2,ENSG00000162645,89106132,89150456,1,(-),guanylate binding protein 2,X,X,2; 4; 18,1,,,,,
KRBA1,ENSG00000133619,149714781,149734575,7,(+),KRAB-A domain containing 1,X,,2,0,,,,,
PIK3R2,ENSG00000105647,18153160,18170541,19,(+),phosphoinositide-3-kinase regulatory subunit 2,X,,2,0,,,,,
ACP3,ENSG00000014257,132317369,132368302,3,(+),acid phosphatase 3,X,,2,0,,,,,
CTSC,ENSG00000109861,88265069,88359684,11,(-),cathepsin C,X,,2; 18,0,,,,,
PTK7,ENSG00000112655,43076257,43161719,6,(+),protein tyrosine kinase 7 (inactive),X,,2,0,,,,,
DLX5,ENSG00000105880,97020396,97024950,7,(-),distal-less homeobox 5,X,,2,0,,,,,
GTSE1,ENSG00000075218,46296870,46330810,22,(+),G2 and S-phase expressed 1,X,,2; 18,0,,,,,
CLPX,ENSG00000166855,65148219,65185393,15,(-),caseinolytic mitochondrial matrix peptidase chaperone subunit X,X,,2,0,,,,,
HES2,ENSG00000069812,6412418,6424690,1,(-),hes family bHLH transcription factor 2,X,,2,0,,,,,
CLUH,ENSG00000132361,2689386,2712663,17,(-),clustered mitochondria homolog,X,,2,0,,,,,
AAK1,ENSG00000115977,69457997,69674349,2,(-),AP2 associated kinase 1,X,,2; 18,0,,,,,
SGO2,ENSG00000163535,200510008,200584096,2,(+),shugoshin 2,X,,2; 18,0,,,,,
WDR81,ENSG00000167716,1716523,1738599,17,(+),WD repeat domain 81,X,,2,0,,,,,
DPAGT1,ENSG00000172269,119096025,119108331,11,(-),dolichyl-phosphate N-acetylglucosaminephosphotransferase 1,X,,2,0,,,,,
NUP62,ENSG00000213024,49906825,49929925,19,(-),nucleoporin 62,X,X,2; 4,1,,,,,
SLAMF7,ENSG00000026751,160739057,160754821,1,(+),SLAM family member 7,X,,2; 18,0,,,,,
AGAP3,ENSG00000133612,151085831,151144436,7,(+),"ArfGAP with GTPase domain, ankyrin repeat and PH domain 3",X,,2,0,,,,,
TNIP2,ENSG00000168884,2741648,2756367,4,(-),TNFAIP3 interacting protein 2,X,,2,0,,,,,
RN7SL668P,ENSG00000239690,234904186,234904488,1,(+),"RNA, 7SL, cytoplasmic 668, pseudogene",X,,2,0,,,,,
KRT16P5,ENSG00000230088,20493634,20494155,17,(-),keratin 16 pseudogene 5,X,,2,0,,,,,
MEN1,ENSG00000133895,64803510,64811294,11,(-),menin 1,X,,2,0,,,,,
FBXO10,ENSG00000147912,37510892,37576380,9,(-),F-box protein 10,X,,2,0,,,,,
CCDC88B,ENSG00000168071,64340204,64357534,11,(+),coiled-coil domain containing 88B,X,X,2; 4,1,,,,,
LENG9,ENSG00000275183,54461732,54463778,19,(-),leukocyte receptor cluster member 9,X,,2,0,,,,,
MAPK13,ENSG00000156711,36127809,36144524,6,(+),mitogen-activated protein kinase 13,X,,2,0,,,,,
LY6D,ENSG00000167656,142784882,142786539,8,(-),lymphocyte antigen 6 family member D,X,,2,0,,,,,
KIF23,ENSG00000137807,69414246,69448427,15,(+),kinesin family member 23,X,,2; 18,0,,,,,
CYP2S1,ENSG00000167600,41193045,41207540,19,(+),cytochrome P450 family 2 subfamily S member 1,X,,2,0,,,,,
TROAP,ENSG00000135451,49323216,49331733,12,(+),trophinin associated protein,X,,2; 18,0,,,,,
ZNF385A,ENSG00000161642,54369129,54391307,12,(-),zinc finger protein 385A,X,,2,0,,,,,
GATB,ENSG00000059691,151670458,151761028,4,(-),glutamyl-tRNA amidotransferase subunit B,X,,2,0,,,,,
BRINP1,ENSG00000078725,119153458,119369515,9,(-),BMP/retinoic acid inducible neural specific 1,X,,2,0,,,,,
ATP13A1,ENSG00000105726,19645198,19663700,19,(-),ATPase 13A1,X,,2,0,,,,,
PDE8A,ENSG00000073417,84980440,85139145,15,(+),phosphodiesterase 8A,X,,2,0,,,,,
CCDC85C,ENSG00000205476,99500190,99604207,14,(-),coiled-coil domain containing 85C,X,,2,0,,,,,
VPS9D1-AS1,ENSG00000261373,89711856,89718165,16,(+),VPS9D1 antisense RNA 1,X,,2,0,,,,,
RNF11,ENSG00000123091,51235625,51273447,1,(+),ring finger protein 11,X,,2,0,,,,,
MORC3,ENSG00000159256,36320189,36386148,21,(+),MORC family CW-type zinc finger 3,X,,2,0,,,,,
ZNF219,ENSG00000165804,21090053,21104722,14,(-),zinc finger protein 219,X,,2,0,,,,,
TWF1,ENSG00000151239,43793460,43806328,12,(-),twinfilin actin binding protein 1,X,,2,0,,,,,
SASS6,ENSG00000156876,100083563,100132955,1,(-),SAS-6 centriolar assembly protein,X,,2,0,,,,,
TC2N,ENSG00000165929,91779746,91867536,14,(-),"tandem C2 domains, nuclear",X,,2; 18,0,,,,,
ESRP2,ENSG00000103067,68229033,68238102,16,(-),epithelial splicing regulatory protein 2,X,,2,0,,,,,
VNN3P,ENSG00000093134,132722926,132734692,6,(-),"vanin 3, pseudogene",X,,2,0,,,,,
CCNK,ENSG00000090061,99481169,99535044,14,(+),cyclin K,X,,2,0,,,,,
SNORA73B,ENSG00000200087,28508559,28508762,1,(+),"small nucleolar RNA, H/ACA box 73B",X,,2,0,,,,,
LINC01206,ENSG00000242512,181952343,182052270,3,(+),long intergenic non-protein coding RNA 1206,X,,2,0,,,,,
PGAM1,ENSG00000171314,97426124,97433444,10,(+),phosphoglycerate mutase 1,X,X,2; 5; 18,1,,,,,
LINC01871,ENSG00000235576,7720139,7749426,2,(+),long intergenic non-protein coding RNA 1871,X,,2,0,,,,,
IRF7,ENSG00000185507,612551,615983,11,(-),interferon regulatory factor 7,X,,2; 18,0,,,,,
MELK,ENSG00000165304,36572074,36682131,9,(+),maternal embryonic leucine zipper kinase,X,,2; 18,0,,,,,
PHAF1,ENSG00000125149,67109941,67148544,16,(+),phagophore assembly factor 1,X,,2,0,,,,,
FERMT1,ENSG00000101311,6070288,6123644,20,(-),FERM domain containing kindlin 1,X,,2,0,,,,,
LINC01215,ENSG00000271856,108097871,108138610,3,(+),long intergenic non-protein coding RNA 1215,X,,2,0,,,,,
CDC25A,ENSG00000164045,48157146,48188417,3,(-),cell division cycle 25A,X,,2,0,,,,,
NIPAL4,ENSG00000172548,157460213,157474722,5,(+),NIPA like domain containing 4,X,,2,0,,,,,
TUBG1,ENSG00000131462,42609637,42615241,17,(+),tubulin gamma 1,X,,2; 18,0,,,,,
FAM136A,ENSG00000035141,70295976,70302067,2,(-),family with sequence similarity 136 member A,X,,2,0,,,,,
STRN3,ENSG00000196792,30893799,31026418,14,(-),striatin 3,X,,2,0,,,,,
CEACAM19,ENSG00000186567,44662278,44684360,19,(+),CEA cell adhesion molecule 19,X,,2,0,,,,,
PLCB3,ENSG00000149782,64251514,64269395,11,(+),phospholipase C beta 3,X,,2,0,,,,,
DUS2,ENSG00000167264,67987746,68079344,16,(+),dihydrouridine synthase 2,X,,2,0,,,,,
LYPD3,ENSG00000124466,43460787,43465608,19,(-),LY6/PLAUR domain containing 3,X,,2,0,,,,,
GOT2,ENSG00000125166,58707130,58734361,16,(-),glutamic-oxaloacetic transaminase 2,X,,2,0,,,,,
TTC22,ENSG00000006555,54779712,54801323,1,(-),tetratricopeptide repeat domain 22,X,,2,0,,,,,
GYS1,ENSG00000104812,48968125,48993337,19,(-),glycogen synthase 1,X,,2,0,,,,,
ARHGAP11A,ENSG00000198826,32615144,32639952,15,(+),Rho GTPase activating protein 11A,X,,2; 18,0,,,,,
RAP2B,ENSG00000181467,153162226,153170627,3,(+),"RAP2B, member of RAS oncogene family",X,,2,0,,,,,
GALNT6,ENSG00000139629,51351247,51392867,12,(-),polypeptide N-acetylgalactosaminyltransferase 6,X,,2,0,,,,,
CCNB2,ENSG00000157456,59105078,59125045,15,(+),cyclin B2,X,,2; 18,0,,,,,
RIPK4,ENSG00000183421,41739369,41767089,21,(-),receptor interacting serine/threonine kinase 4,X,,2,0,,,,,
GPRIN1,ENSG00000169258,176595802,176610177,5,(-),G protein regulated inducer of neurite outgrowth 1,X,,2,0,,,,,
PKMYT1,ENSG00000127564,2968024,2980813,16,(-),"protein kinase, membrane associated tyrosine/threonine 1",X,X,2; 6; 18,1,,,,,
AP3D1,ENSG00000065000,2100982,2164468,19,(-),adaptor related protein complex 3 subunit delta 1,X,,2,0,,,,,
XDH,ENSG00000158125,31334320,31414747,2,(-),xanthine dehydrogenase,X,,2,0,,,,,
MYD88,ENSG00000172936,38138552,38143024,3,(+),MYD88 innate immune signal transduction adaptor,X,,2,0,,,,,
KCTD10,ENSG00000110906,109448655,109477359,12,(-),potassium channel tetramerization domain containing 10,X,,2,0,,,,,
E2F3,ENSG00000112242,20401847,20493714,6,(+),E2F transcription factor 3,X,,2; 18,0,,,,,
PRKCI,ENSG00000163558,170222124,170305978,3,(+),protein kinase C iota,X,,2,0,,,,,
SLC18B1,ENSG00000146409,132769370,132813339,6,(-),solute carrier family 18 member B1,X,,2,0,,,,,
NCDN,ENSG00000020129,35557456,35567274,1,(+),neurochondrin,X,,2,0,,,,,
FRMD8,ENSG00000126391,65386592,65413525,11,(+),FERM domain containing 8,X,,2,0,,,,,
CASP8,ENSG00000064012,201233443,201361836,2,(+),caspase 8,X,,2; 18,0,,,,,
GFOD2,ENSG00000141098,67674531,67719339,16,(-),Gfo/Idh/MocA-like oxidoreductase domain containing 2,X,,2,0,,,,,
HAPLN3,ENSG00000140511,88877294,88895597,15,(-),hyaluronan and proteoglycan link protein 3,X,,2,0,,,,,
SRRM3,ENSG00000177679,76201896,76287288,7,(+),serine/arginine repetitive matrix 3,X,,2,0,,,,,
PIGA,ENSG00000165195,15319452,15335554,X,(-),phosphatidylinositol glycan anchor biosynthesis class A,X,,2,0,,,,,
RBP5,ENSG00000139194,7115736,7128889,12,(-),retinol binding protein 5,X,X,2; 6,1,,,,,
USP43,ENSG00000154914,9644663,9729693,17,(+),ubiquitin specific peptidase 43,X,,2,0,,,,,
TMEM185A,ENSG00000269556,149596556,149631912,X,(-),transmembrane protein 185A,X,,2,0,,,,,
LINC01094,ENSG00000251442,78623173,78769640,4,(+),long intergenic non-protein coding RNA 1094,X,,2; 3,0,,,,,
RALGPS2,ENSG00000116191,178725165,178921842,1,(+),Ral GEF with PH domain and SH3 binding motif 2,X,,2; 15,0,,,,,
SLC16A10,ENSG00000112394,111087503,111231194,6,(+),solute carrier family 16 member 10,X,,2,0,,,,,
SH3PXD2A-AS1,ENSG00000280693,103745966,103755423,10,(+),SH3PXD2A antisense RNA 1,X,X,2; 3; 4,1,,,,,
PRRG4,ENSG00000135378,32829675,32858120,11,(+),proline rich and Gla domain 4,X,,2,0,,,,,
NUDT15,ENSG00000136159,48037694,48054196,13,(+),nudix hydrolase 15,X,,2,0,,,,,
SORCS2,ENSG00000184985,7192538,7742827,4,(+),sortilin related VPS10 domain containing receptor 2,X,,2,0,,,,,
AMD1,ENSG00000123505,110874770,110898879,6,(+),adenosylmethionine decarboxylase 1,X,,2,0,,,,,
UBE3D,ENSG00000118420,82892390,83065841,6,(-),ubiquitin protein ligase E3D,X,,2,0,,,,,
CD164L2,ENSG00000174950,27379176,27383333,1,(-),CD164 molecule like 2,X,,2,0,,,,,
GLTP,ENSG00000139433,109850943,109880541,12,(-),glycolipid transfer protein,X,,2,0,,,,,
DLG3,ENSG00000082458,70444835,70505490,X,(+),discs large MAGUK scaffold protein 3,X,,2,0,,,,,
ENTPD7,ENSG00000198018,99659415,99711241,10,(+),ectonucleoside triphosphate diphosphohydrolase 7,X,X,2; 4,1,,,,,
LINC01605,ENSG00000253161,37406399,37625873,8,(-),long intergenic non-protein coding RNA 1605,X,,2,0,,,,,
ALOXE3P1,ENSG00000275011,8063936,8072533,17,(+),arachidonate lipoxygenase 3 pseudogene 1,X,,2,0,,,,,
WNT5A-AS1,ENSG00000244586,55487699,55488308,3,(+),WNT5A antisense RNA 1,X,,2,0,,,,,
EPOP,ENSG00000273604,38671703,38674957,17,(-),elongin BC and polycomb repressive complex 2 associated protein,X,,2,0,,,,,
GFUS,ENSG00000104522,143612617,143618048,8,(-),GDP-L-fucose synthase,X,,2,0,,,,,
MID1,ENSG00000101871,10445310,10833654,X,(-),midline 1,X,,2,0,,,,,
NUP50,ENSG00000093000,45163925,45188017,22,(+),nucleoporin 50,X,,2; 18,0,,,,,
LMNB1,ENSG00000113368,126776623,126837232,5,(+),lamin B1,X,,2; 18,0,,,,,
SPAG5,ENSG00000076382,28577565,28599025,17,(-),sperm associated antigen 5,X,,2; 18,0,,,,,
TFAP2C,ENSG00000087510,56629306,56639283,20,(+),transcription factor AP-2 gamma,X,,2,0,,,,,
NLGN4X,ENSG00000146938,5840637,6228867,X,(-),neuroligin 4 X-linked,X,,2,0,,,,,
TRIM41,ENSG00000146063,181222499,181235808,5,(+),tripartite motif containing 41,X,,2; 3,0,,,,,
HASPIN,ENSG00000177602,3723903,3726699,17,(+),histone H3 associated protein kinase,X,,2,0,,,,,
CBX2,ENSG00000173894,79778148,79787983,17,(+),chromobox 2,X,,2,0,,,,,
P4HB,ENSG00000185624,81843159,81860856,17,(-),prolyl 4-hydroxylase subunit beta,X,,2; 18,0,,,,,
ALDH7A1,ENSG00000164904,126531200,126595362,5,(-),aldehyde dehydrogenase 7 family member A1,X,,2,0,,,,,
PGLYRP2,ENSG00000161031,15468642,15498956,19,(-),peptidoglycan recognition protein 2,X,,2,0,,,,,
ZWINT,ENSG00000122952,56356736,56361392,10,(-),ZW10 interacting kinetochore protein,X,,2; 18,0,,,,,
RAB3D,ENSG00000105514,11322068,11346270,19,(-),"RAB3D, member RAS oncogene family",X,,2,0,,,,,
CCDC137,ENSG00000185298,81666737,81673904,17,(+),coiled-coil domain containing 137,X,,2,0,,,,,
RTCB,ENSG00000100220,32387576,32412265,22,(-),"RNA 2',3'-cyclic phosphate and 5'-OH ligase",X,X,2; 5,1,,,,,
EHBP1L1,ENSG00000173442,65575943,65592851,11,(+),EH domain binding protein 1 like 1,X,,2,0,,,,,
PLRG1,ENSG00000171566,154535005,154550403,4,(-),pleiotropic regulator 1,X,,2,0,,,,,
MPZL2,ENSG00000149573,118253416,118264536,11,(-),myelin protein zero like 2,X,,2,0,,,,,
SLC25A28,ENSG00000155287,99610518,99622793,10,(-),solute carrier family 25 member 28,X,,2,0,,,,,
TMEM51,ENSG00000171729,15152498,15220484,1,(+),transmembrane protein 51,X,,2,0,,,,,
DDX60L,ENSG00000181381,168356735,168537786,4,(-),DExD/H-box 60 like,X,,2,0,,,,,
ARHGEF18,ENSG00000104880,7348937,7472485,19,(+),Rho/Rac guanine nucleotide exchange factor 18,X,,2,0,,,,,
PROB1,ENSG00000228672,139390592,139395104,5,(-),proline rich basic protein 1,X,,2,0,,,,,
ZNF516-AS1,ENSG00000265778,76490989,76493920,18,(+),ZNF516 antisense RNA 1,X,,2,0,,,,,
PITPNC1,ENSG00000154217,67377281,67697256,17,(+),phosphatidylinositol transfer protein cytoplasmic 1,X,,2; 18,0,,,,,
FAM110C,ENSG00000184731,38814,46870,2,(-),family with sequence similarity 110 member C,X,,2,0,,,,,
HABP2,ENSG00000148702,113550837,113589892,10,(+),hyaluronan binding protein 2,X,,2,0,,,,,
HS6ST1,ENSG00000136720,128236716,128318868,2,(-),heparan sulfate 6-O-sulfotransferase 1,X,,2,0,,,,,
TBC1D10B,ENSG00000169221,30357102,30370529,16,(-),TBC1 domain family member 10B,X,,2,0,,,,,
SLC16A6,ENSG00000108932,68267026,68291267,17,(-),solute carrier family 16 member 6,X,,2,0,,,,,
PGLYRP3,ENSG00000159527,153297116,153312952,1,(-),peptidoglycan recognition protein 3,X,X,2; 6,1,,,,,
ADAP2,ENSG00000184060,30906344,30959945,17,(+),ArfGAP with dual PH domains 2,X,,2,0,,,,,
WASHC4,ENSG00000136051,105107324,105169134,12,(+),WASH complex subunit 4,X,,2,0,,,,,
LIMK2,ENSG00000182541,31212193,31280964,22,(+),LIM domain kinase 2,X,,2,0,,,,,
IPPK,ENSG00000127080,92613181,92670262,9,(-),inositol-pentakisphosphate 2-kinase,X,,2,0,,,,,
METAP1,ENSG00000164024,98995359,99063443,4,(+),methionyl aminopeptidase 1,X,,2,0,,,,,
FAM83D,ENSG00000101447,38926312,38953106,20,(+),family with sequence similarity 83 member D,X,,2; 18,0,,,,,
PUDP,ENSG00000130021,6667865,7148165,X,(-),pseudouridine 5'-phosphatase,X,,2,0,,,,,
GSTP1,ENSG00000084207,67583658,67586659,11,(+),glutathione S-transferase pi 1,X,,2; 18,0,,,,,
TLE3,ENSG00000140332,70047790,70098176,15,(-),"TLE family member 3, transcriptional corepressor",X,,2,0,,,,,
H2AX,ENSG00000188486,119093874,119095465,11,(-),H2A.X variant histone,X,,2; 18,0,,,,,
PCSK6,ENSG00000140479,101289784,101525202,15,(-),proprotein convertase subtilisin/kexin type 6,X,X,2; 4,1,,,,,
ENAH,ENSG00000154380,225486765,225653298,1,(-),ENAH actin regulator,X,,2,0,,,,,
IRAK3,ENSG00000090376,66188995,66254622,12,(+),interleukin 1 receptor associated kinase 3,X,,2; 3,0,,,,,
FGD3,ENSG00000127084,92947486,93036238,9,(+),"FYVE, RhoGEF and PH domain containing 3",X,,2,0,,,,,
IKZF3,ENSG00000161405,39757715,39864312,17,(-),IKAROS family zinc finger 3,X,,2; 18,0,,,,,
KRT16P6,ENSG00000226145,16818142,16822492,17,(-),keratin 16 pseudogene 6,X,,2,0,,,,,
HTR7,ENSG00000148680,90740823,90858039,10,(-),5-hydroxytryptamine receptor 7,X,,2,0,,,,,
SERINC5,ENSG00000164300,80111228,80256048,5,(-),serine incorporator 5,X,,2; 3; 18,0,,,,,
MPZL1,ENSG00000197965,167721192,167791919,1,(+),myelin protein zero like 1,X,,2,0,,,,,
CMTR2,ENSG00000180917,71281389,71289715,16,(-),cap methyltransferase 2,X,,2,0,,,,,
MOXD1,ENSG00000079931,132296055,132401556,6,(-),monooxygenase DBH like 1,X,,2,0,,,,,
ATP10B,ENSG00000118322,160563120,160852214,5,(-),ATPase phospholipid transporting 10B (putative),X,,2,0,,,,,
ZNF598,ENSG00000167962,1997654,2009821,16,(-),"zinc finger protein 598, E3 ubiquitin ligase",X,,2,0,,,,,
FBXW5,ENSG00000159069,136940435,136944762,9,(-),F-box and WD repeat domain containing 5,X,X,2; 4,1,,,,,
MACO1,ENSG00000204178,25430853,25500209,1,(+),macoilin 1,X,,2,0,,,,,
TRIB2,ENSG00000071575,12716910,12742734,2,(+),tribbles pseudokinase 2,X,,2; 18,0,,,,,
VPS35L,ENSG00000103544,19555240,19706793,16,(+),VPS35 endosomal protein sorting factor like,X,,2,0,,,,,
VRK2,ENSG00000028116,57907606,58164001,2,(+),VRK serine/threonine kinase 2,X,,2,0,,,,,
KNL1,ENSG00000137812,40594020,40664342,15,(+),kinetochore scaffold 1,X,,2; 18,0,,,,,
CT69,ENSG00000231971,134428239,134524668,6,(-),cancer/testis associated transcript 69,X,,2,0,,,,,
VPS9D1,ENSG00000075399,89707128,89721324,16,(-),VPS9 domain containing 1,X,,2,0,,,,,
RAB27A,ENSG00000069974,55202966,55319113,15,(-),"RAB27A, member RAS oncogene family",X,,2; 18,0,,,,,
SRSF8CP,ENSG00000214754,47052793,47053674,7,(+),"serine and arginine rich splicing factor 8C, pseudogene",X,,2,0,,,,,
PRICKLE3,ENSG00000012211,49174802,49186528,X,(-),prickle planar cell polarity protein 3,X,,2,0,,,,,
LGMN,ENSG00000100600,92703798,92751131,14,(-),legumain,X,,2,0,,,,,
CCL7,ENSG00000108688,34270221,34272242,17,(+),C-C motif chemokine ligand 7,X,,2,0,,,,,
CLN3,ENSG00000188603,28474111,28495575,16,(-),"CLN3 lysosomal/endosomal transmembrane protein, battenin",X,,2,0,,,,,
SLC24A3,ENSG00000185052,19212510,19722926,20,(+),solute carrier family 24 member 3,X,,2,0,,,,,
FHOD1,ENSG00000135723,67229387,67247539,16,(-),formin homology 2 domain containing 1,X,,2,0,,,,,
CHFR,ENSG00000072609,132822187,132956304,12,(-),checkpoint with forkhead and ring finger domains,X,,2,0,,,,,
LINC01269,ENSG00000258689,70697948,70714886,14,(+),long intergenic non-protein coding RNA 1269,X,,2,0,,,,,
USB1,ENSG00000103005,57999546,58021618,16,(+),U6 snRNA biogenesis phosphodiesterase 1,X,,2,0,,,,,
ADAM23,ENSG00000114948,206443498,206621301,2,(+),ADAM metallopeptidase domain 23,X,,2,0,,,,,
ZBTB7C,ENSG00000184828,48026672,48410752,18,(-),zinc finger and BTB domain containing 7C,X,,2,0,,,,,
CNP,ENSG00000173786,41966763,41977740,17,(+),"2',3'-cyclic nucleotide 3' phosphodiesterase",X,,2; 18,0,,,,,
EWSR1,ENSG00000182944,29268009,29300530,22,(+),EWS RNA binding protein 1,X,,2; 18,0,,,,,
CD300H,ENSG00000284690,74560701,74567343,17,(-),CD300H molecule (gene/pseudogene),X,,2,0,,,,,
GRHL3,ENSG00000158055,24199558,24364482,1,(+),grainyhead like transcription factor 3,X,,2,0,,,,,
MCUB,ENSG00000005059,109560209,109688719,4,(+),mitochondrial calcium uniporter dominant negative subunit beta,X,,2; 18,0,,,,,
PNPLA6,ENSG00000032444,7534004,7561764,19,(+),"patatin like domain 6, lysophospholipase",X,,2,0,,,,,
PCSK9,ENSG00000169174,55039445,55064852,1,(+),proprotein convertase subtilisin/kexin type 9,X,,2,0,,,,,
NCAPG,ENSG00000109805,17810844,17844865,4,(+),non-SMC condensin I complex subunit G,X,,2; 18,0,,,,,
SHISA5,ENSG00000164054,48467798,48504826,3,(-),shisa family member 5,X,,2; 18,0,,,,,
TMEM65,ENSG00000164983,124306189,124372701,8,(-),transmembrane protein 65,X,,2,0,,,,,
RBMS1P1,ENSG00000225422,66234079,66235234,12,(-),RNA binding motif single stranded interacting protein 1 pseudogene 1,X,X,2; 5,1,,,,,
EXTL3,ENSG00000012232,28600469,28756561,8,(+),exostosin like glycosyltransferase 3,X,,2,0,,,,,
OTUB1,ENSG00000167770,63985853,64001811,11,(+),"OTU deubiquitinase, ubiquitin aldehyde binding 1",X,,2; 18,0,,,,,
INCENP,ENSG00000149503,62123998,62155474,11,(+),inner centromere protein,X,,2; 18,0,,,,,
LGALS9B,ENSG00000170298,20449395,20467548,17,(-),galectin 9B,X,,2,0,,,,,
SEMA4A,ENSG00000196189,156147366,156178869,1,(+),semaphorin 4A,X,,2,0,,,,,
LUZP2,ENSG00000187398,24496970,25082638,11,(+),leucine zipper protein 2,X,,2,0,,,,,
PTBP1,ENSG00000011304,797075,812327,19,(+),polypyrimidine tract binding protein 1,X,X,2; 4; 18,1,,,,,
AFAP1L2,ENSG00000169129,114293604,114404775,10,(-),actin filament associated protein 1 like 2,X,,2,0,,,,,
WIZ,ENSG00000011451,15419978,15449975,19,(-),WIZ zinc finger,X,,2,0,,,,,
GLT1D1,ENSG00000151948,128853427,128984968,12,(+),glycosyltransferase 1 domain containing 1,X,,2,0,,,,,
CASP4,ENSG00000196954,104942866,104969366,11,(-),caspase 4,X,,2; 18,0,,,,,
BIK,ENSG00000100290,43110748,43129712,22,(+),BCL2 interacting killer,X,,2,0,,,,,
SQLE,ENSG00000104549,124998467,125022287,8,(+),squalene epoxidase,X,,2,0,,,,,
CENPF,ENSG00000117724,214603172,214664574,1,(+),centromere protein F,X,,2; 18,0,,,,,
POM121,ENSG00000196313,72879349,72951440,7,(+),POM121 transmembrane nucleoporin,X,,2,0,,,,,
SLC4A7,ENSG00000033867,27372723,27484451,3,(-),solute carrier family 4 member 7,X,,2,0,,,,,
TMEM54,ENSG00000121900,32894593,32901440,1,(-),transmembrane protein 54,X,,2,0,,,,,
WDR4,ENSG00000160193,42843013,42879582,21,(-),WDR4 tRNA N7-guanosine methyltransferase non-catalytic subunit,X,,2,0,,,,,
RANBP10,ENSG00000141084,67723070,67806560,16,(-),RAN binding protein 10,X,X,2; 4,1,,,,,
IRF5,ENSG00000128604,128933429,128950038,7,(+),interferon regulatory factor 5,X,,3,0,,,,,
CPM,ENSG00000135678,68842197,68971570,12,(-),carboxypeptidase M,X,,3,0,,,,,
ILF2P1,ENSG00000244226,65687301,65688468,3,(+),interleukin enhancer binding factor 2 pseudogene 1,X,,3,0,,,,,
C3AR1,ENSG00000171860,8056844,8066374,12,(-),complement C3a receptor 1,X,,3,0,,,,,
ARL3,ENSG00000138175,102673731,102714437,10,(-),ARF like GTPase 3,X,,3; 18,0,,,,,
LRRC15,ENSG00000172061,194355249,194369743,3,(-),leucine rich repeat containing 15,X,,3,0,,,,,
SS18L2,ENSG00000008324,42581840,42596934,3,(+),SS18 like 2,X,X,3; 5,1,,,,,
S100A4,ENSG00000196154,153543613,153550136,1,(-),S100 calcium binding protein A4,X,X,3; 4; 18,1,,,,,
SEMG2,ENSG00000124157,45221373,45224458,20,(+),semenogelin 2,X,,3,0,,,,,
FOXH1,ENSG00000160973,144473412,144475873,8,(-),forkhead box H1,X,,3,0,,,,,
NEUROD2,ENSG00000171532,39603536,39609777,17,(-),neuronal differentiation 2,X,,3,0,,,,,
EHD1,ENSG00000110047,64851642,64888372,11,(-),EH domain containing 1,X,,3,0,,,,,
LINC00508,ENSG00000256971,127861408,127983896,12,(-),long intergenic non-protein coding RNA 508,X,,3,0,,,,,
NEDD4,ENSG00000069869,55826917,55993660,15,(-),NEDD4 E3 ubiquitin protein ligase,X,,3,0,,,,,
STON2,ENSG00000140022,81260652,81436517,14,(-),stonin 2,X,,3,0,,,,,
DUTP2,ENSG00000254388,123352181,123352643,8,(+),deoxyuridine triphosphatase pseudogene 2,X,,3,0,,,,,
FA2H,ENSG00000103089,74712955,74774837,16,(-),fatty acid 2-hydroxylase,X,,3,0,,,,,
EIF1P4,ENSG00000262154,2822659,2822993,16,(-),eukaryotic translation initiation factor 1 pseudogene 4,X,X,3; 6,1,,,,,
ADAM12,ENSG00000148848,126012381,126388477,10,(-),ADAM metallopeptidase domain 12,X,,3,0,,,,,
PLEK2,ENSG00000100558,67385652,67412176,14,(-),pleckstrin 2,X,,3,0,,,,,
LAPTM5,ENSG00000162511,30732465,30757855,1,(-),lysosomal protein transmembrane 5,X,X,3; 4; 18,1,,,,,
HYI,ENSG00000178922,43450607,43453999,1,(-),hydroxypyruvate isomerase (putative),X,,3,0,,,,,
LINC00632,ENSG00000203930,140709562,140793215,X,(+),long intergenic non-protein coding RNA 632,X,,3,0,,,,,
PANX2,ENSG00000073150,50170731,50180295,22,(+),pannexin 2,X,,3,0,,,,,
CMC2,ENSG00000103121,80966448,81020270,16,(-),C-X9-C motif containing 2,X,X,3; 5,1,,,,,
PGAM4,ENSG00000226784,77967949,77969638,X,(-),phosphoglycerate mutase family member 4,X,,3,0,,,,,
GAPDHP37,ENSG00000231907,40673484,40674451,22,(-),glyceraldehyde 3 phosphate dehydrogenase pseudogene 37,X,,3,0,,,,,
COX18,ENSG00000163626,73052362,73069755,4,(-),cytochrome c oxidase assembly factor COX18,X,,3,0,,,,,
ZC2HC1A,ENSG00000104427,78666050,78719765,8,(+),zinc finger C2HC-type containing 1A,X,,3,0,,,,,
LINC00891,ENSG00000281852,71697015,71706455,X,(+),long intergenic non-protein coding RNA 891,X,,3,0,,,,,
FBLN7,ENSG00000144152,112138385,112188218,2,(+),fibulin 7,X,,3,0,,,,,
C1orf226,ENSG00000239887,162378841,162386812,1,(+),chromosome 1 open reading frame 226,X,,3,0,,,,,
EPHB6,ENSG00000106123,142854930,142871094,7,(+),EPH receptor B6,X,,3,0,,,,,
NACA4P,ENSG00000228224,101368910,101369550,8,(+),"NACA family member 4, pseudogene",X,,3,0,,,,,
TMEM50A,ENSG00000183726,25338295,25362362,1,(+),transmembrane protein 50A,X,X,3; 4; 18,1,,,,,
LINC01533,ENSG00000267779,32025808,32074128,19,(+),long intergenic non-protein coding RNA 1533,X,,3,0,,,,,
HACD1,ENSG00000165996,17588316,17617430,10,(-),3-hydroxyacyl-CoA dehydratase 1,X,,3,0,,,,,
OR10H1,ENSG00000186723,15804549,15815664,19,(-),olfactory receptor family 10 subfamily H member 1,X,X,3; 4,1,,,,,
OR6W1P,ENSG00000179420,143062330,143063585,7,(-),olfactory receptor family 6 subfamily W member 1 pseudogene,X,,3,0,,,,,
PHTF2,ENSG00000006576,77798761,77957503,7,(+),putative homeodomain transcription factor 2,X,,3; 18,0,,,,,
PABPC1P8,ENSG00000228755,42279734,42281819,10,(-),poly(A) binding protein cytoplasmic 1 pseudogene 8,X,,3,0,,,,,
EEF1A1P14,ENSG00000233057,194188967,194190342,1,(+),eukaryotic translation elongation factor 1 alpha 1 pseudogene 14,X,,3,0,,,,,
LDHAP3,ENSG00000236090,41819747,41820754,2,(+),lactate dehydrogenase A pseudogene 3,X,,3,0,,,,,
ZNF516,ENSG00000101493,76357682,76496132,18,(-),zinc finger protein 516,X,,3,0,,,,,
TTTY10,ENSG00000229236,20464916,20575519,Y,(-),"testis expressed transcript, Y-linked 10",X,,3,0,,,,,
MAP3K4-AS1,ENSG00000272841,160990318,160992342,6,(-),MAP3K4 antisense RNA 1,X,,3,0,,,,,
ZFPM2,ENSG00000169946,104590733,105804539,8,(+),"zinc finger protein, FOG family member 2",X,,3,0,,,,,
SATL1,ENSG00000184788,85092284,85243911,X,(-),spermidine/spermine N1-acetyl transferase like 1,X,,3,0,,,,,
LILRP2,ENSG00000170858,54708602,54713232,19,(+),leukocyte immunoglobulin-like receptor pseudogene 2,X,,3,0,,,,,
EEF1DP1,ENSG00000228887,14070342,14071237,19,(+),eukaryotic translation elongation factor 1 delta pseudogene 1,X,,3,0,,,,,
ZNF395,ENSG00000186918,28345590,28402701,8,(-),zinc finger protein 395,X,,3,0,,,,,
ULBP3,ENSG00000131019,150061053,150069191,6,(-),UL16 binding protein 3,X,,3,0,,,,,
PLA2G2C,ENSG00000187980,20161253,20186518,1,(-),phospholipase A2 group IIC,X,,3,0,,,,,
KLLN,ENSG00000227268,87859158,87863533,10,(-),"killin, p53 regulated DNA replication inhibitor",X,X,3; 4,1,,,,,
P2RX4,ENSG00000135124,121210065,121234112,12,(+),purinergic receptor P2X 4,X,,3,0,,,,,
STAM,ENSG00000136738,17644124,17716824,10,(+),signal transducing adaptor molecule,X,,3,0,,,,,
DDHD1-DT,ENSG00000258731,53152282,53883750,14,(+),DDHD1 divergent transcript,X,,3,0,,,,,
LUZP1,ENSG00000169641,23084030,23178152,1,(-),leucine zipper protein 1,X,,3; 18,0,,,,,
RDH8,ENSG00000080511,10013249,10022279,19,(+),retinol dehydrogenase 8,X,,3,0,,,,,
MED10,ENSG00000133398,6371874,6378571,5,(-),mediator complex subunit 10,X,,3,0,,,,,
CIAPIN1P,ENSG00000263846,26599408,26600338,18,(+),cytokine induced apoptosis inhibitor 1 pseudogene,X,,3,0,,,,,
KAT2B,ENSG00000114166,20040400,20154404,3,(+),lysine acetyltransferase 2B,X,,3,0,,,,,
APP,ENSG00000142192,25880535,26171128,21,(-),amyloid beta precursor protein,X,X,3; 4,1,,,,,
PDCL3,ENSG00000115539,100562968,100577472,2,(+),phosducin like 3,X,X,3; 4,1,,,,,
ACTG1P19,ENSG00000237999,100731240,100732355,9,(+),actin gamma 1 pseudogene 19,X,,3,0,,,,,
SAMD12,ENSG00000177570,118189455,118622112,8,(-),sterile alpha motif domain containing 12,X,,3,0,,,,,
LINCMD1,ENSG00000225613,52146814,52151119,6,(-),"long intergenic non-protein coding RNA, muscle differentiation 1",X,,3,0,,,,,
NMU,ENSG00000109255,55595229,55636747,4,(-),neuromedin U,X,X,3; 6,1,,,,,
RARG,ENSG00000172819,53210566,53232980,12,(-),retinoic acid receptor gamma,X,,3,0,,,,,
NMNAT3,ENSG00000163864,139558709,139678017,3,(-),nicotinamide nucleotide adenylyltransferase 3,X,,3,0,,,,,
STAC,ENSG00000144681,36380321,36548045,3,(+),SH3 and cysteine rich domain,X,,3,0,,,,,
ADH5P4,ENSG00000233859,65836930,65838039,6,(-),ADH5 pseudogene 4,X,,3,0,,,,,
SLC35C1,ENSG00000181830,45804072,45813016,11,(+),solute carrier family 35 member C1,X,,3,0,,,,,
FABP5P7,ENSG00000234964,59781318,59781722,11,(-),fatty acid binding protein 5 pseudogene 7,X,,3,0,,,,,
PRKRA,ENSG00000180228,178431292,178451512,2,(-),protein activator of interferon induced protein kinase EIF2AK2,X,,3,0,,,,,
TNFRSF25,ENSG00000215788,6460786,6466181,1,(-),TNF receptor superfamily member 25,X,,3; 18,0,,,,,
AFMID,ENSG00000183077,78187330,78207703,17,(+),arylformamidase,X,,3,0,,,,,
FGF23,ENSG00000118972,4368227,4379712,12,(-),fibroblast growth factor 23,X,,3,0,,,,,
SMCO4,ENSG00000166002,93478468,93543764,11,(-),single-pass membrane protein with coiled-coil domains 4,X,,3,0,,,,,
ANXA2P3,ENSG00000216740,64825572,64826579,10,(+),annexin A2 pseudogene 3,X,,3,0,,,,,
INF2,ENSG00000203485,104681146,104722535,14,(+),inverted formin 2,X,,3,0,,,,,
ICA1,ENSG00000003147,8113181,8262687,7,(-),islet cell autoantigen 1,X,,3,0,,,,,
NEDD4L,ENSG00000049759,58044050,58401540,18,(+),NEDD4 like E3 ubiquitin protein ligase,X,X,3; 4,1,,,,,
FRY,ENSG00000073910,31846713,32299125,13,(+),FRY microtubule binding protein,X,,3,0,,,,,
TLCD4,ENSG00000152078,95117292,95197607,1,(+),TLC domain containing 4,X,X,3; 6,1,,,,,
BZW1P2,ENSG00000198406,116645902,116646727,3,(-),basic leucine zipper and W2 domains 1 pseudogene 2,X,,3,0,,,,,
MTERF2,ENSG00000120832,106973120,106987173,12,(-),mitochondrial transcription termination factor 2,X,,3,0,,,,,
LRRC32,ENSG00000137507,76657524,76670868,11,(-),leucine rich repeat containing 32,X,X,3; 4,1,,,,,
DDX3P3,ENSG00000251571,103572089,103574082,4,(+),DEAD-box helicase 3 pseudogene 3,X,,3,0,,,,,
EIF3CL,ENSG00000205609,28379397,28403846,16,(-),eukaryotic translation initiation factor 3 subunit C like,X,,3,0,,,,,
ROGDI,ENSG00000067836,4796962,4802926,16,(-),rogdi atypical leucine zipper,X,,3,0,,,,,
PTGDR2,ENSG00000183134,60850933,60855950,11,(-),prostaglandin D2 receptor 2,X,,3,0,,,,,
STING1,ENSG00000184584,139475528,139482935,5,(-),stimulator of interferon response cGAMP interactor 1,X,,3; 18,0,,,,,
H3P43,ENSG00000226436,28659065,28659469,X,(-),H3 histone pseudogene 43,X,,3,0,,,,,
STK24P1,ENSG00000230079,136295690,136300298,X,(-),serine/threonine kinase 24 pseudogene 1,X,X,3; 6,1,,,,,
HLA-P,ENSG00000261548,29800415,29802425,6,(+),"major histocompatibility complex, class I, P (pseudogene)",X,,3,0,,,,,
SLX1B,ENSG00000181625,29454533,29458223,16,(+),"SLX1 homolog B, structure-specific endonuclease subunit",X,,3,0,,,,,
OR2T12,ENSG00000177201,248290139,248303424,1,(-),olfactory receptor family 2 subfamily T member 12,X,,3,0,,,,,
GPR137,ENSG00000173264,64270062,64289494,11,(+),G protein-coupled receptor 137,X,,3,0,,,,,
LGALS3,ENSG00000131981,55121352,55148022,14,(+),galectin 3,X,,3; 18,0,,,,,
CCSAP,ENSG00000154429,229321011,229343294,1,(-),"centriole, cilia and spindle associated protein",X,,3,0,,,,,
TPT1P4,ENSG00000217027,144200447,144200965,6,(-),TPT1 pseudogene 4,X,X,3; 6,1,,,,,
DRC7,ENSG00000159625,57694793,57731805,16,(+),dynein regulatory complex subunit 7,X,,3,0,,,,,
PLIN3,ENSG00000105355,4838339,4867717,19,(-),perilipin 3,X,,3,0,,,,,
IGFL4,ENSG00000204869,46039182,46077118,19,(-),IGF like family member 4,X,,3,0,,,,,
SDCBPP2,ENSG00000247570,69942948,69944648,8,(+),syndecan binding protein pseudogene 2,X,,3,0,,,,,
AXIN2,ENSG00000168646,65528561,65562067,17,(-),axin 2,X,,3,0,,,,,
FAM228B,ENSG00000219626,24076526,24169642,2,(+),family with sequence similarity 228 member B,X,,3,0,,,,,
DMD,ENSG00000198947,31097677,33339609,X,(-),dystrophin,X,X,3; 5,1,,,,,
PCBD2,ENSG00000132570,134905114,135007959,5,(+),pterin-4 alpha-carbinolamine dehydratase 2,X,X,3; 6,1,,,,,
FSIP1,ENSG00000150667,39588357,39782858,15,(-),fibrous sheath interacting protein 1,X,,3,0,,,,,
GEMIN6,ENSG00000152147,38751534,38785002,2,(+),gem nuclear organelle associated protein 6,X,,3,0,,,,,
MIR497HG,ENSG00000267532,6875220,7022133,17,(-),mir-497-195 cluster host gene,X,,3,0,,,,,
GPSM3,ENSG00000213654,32190766,32195523,6,(-),G protein signaling modulator 3,X,,3; 18,0,,,,,
MGLL,ENSG00000074416,127689062,128052190,3,(-),monoglyceride lipase,X,,3,0,,,,,
ST8SIA2,ENSG00000140557,92393881,92468728,15,(+),"ST8 alpha-N-acetyl-neuraminide alpha-2,8-sialyltransferase 2",X,,3,0,,,,,
TRIM58,ENSG00000162722,247857187,247880138,1,(+),tripartite motif containing 58,X,,3,0,,,,,
LRTM1,ENSG00000144771,54918231,54967088,3,(-),leucine rich repeats and transmembrane domains 1,X,,3,0,,,,,
HMGB3,ENSG00000029993,150980509,150990775,X,(+),high mobility group box 3,X,,3; 15; 18,0,,,,,
TMEM236,ENSG00000148483,17752201,17800868,10,(+),transmembrane protein 236,X,,3,0,,,,,
CPPED1,ENSG00000103381,12659799,12803887,16,(-),calcineurin like phosphoesterase domain containing 1,X,,3,0,,,,,
KNOP1,ENSG00000103550,19701937,19718552,16,(-),lysine rich nucleolar protein 1,X,,3,0,,,,,
CT70,ENSG00000230013,104970593,104991818,9,(-),cancer/testis associated transcript 70,X,,3,0,,,,,
GSTM2,ENSG00000213366,109667348,109709551,1,(+),glutathione S-transferase mu 2,X,X,3; 6,1,,,,,
ABCC9,ENSG00000069431,21797389,21942543,12,(-),ATP binding cassette subfamily C member 9,X,,3,0,,,,,
PTPN13,ENSG00000163629,86593944,86815180,4,(+),protein tyrosine phosphatase non-receptor type 13,X,,3,0,,,,,
MYL7,ENSG00000106631,44138864,44143179,7,(-),myosin light chain 7,X,,3,0,,,,,
TPT1P13,ENSG00000213498,121863698,121864196,X,(-),TPT1 pseudogene 13,X,,3,0,,,,,
EPO,ENSG00000130427,100720468,100723700,7,(+),erythropoietin,X,,3,0,,,,,
SSTR3,ENSG00000278195,37204237,37212477,22,(-),somatostatin receptor 3,X,,3,0,,,,,
KLHDC9,ENSG00000162755,161098361,161100346,1,(+),kelch domain containing 9,X,,3,0,,,,,
HECW2,ENSG00000138411,196189099,196593684,2,(-),"HECT, C2 and WW domain containing E3 ubiquitin protein ligase 2",X,,3,0,,,,,
ABHD5,ENSG00000011198,43690108,43734371,3,(+),"abhydrolase domain containing 5, lysophosphatidic acid acyltransferase",X,,3,0,,,,,
FAM41C,ENSG00000230368,868052,877032,1,(-),family with sequence similarity 41 member C,X,,3,0,,,,,
GPR85,ENSG00000164604,113078331,113087778,7,(-),G protein-coupled receptor 85,X,,3,0,,,,,
IL1RL2,ENSG00000115598,102186980,102240002,2,(+),interleukin 1 receptor like 2,X,,3; 16,0,,,,,
PERP,ENSG00000112378,138088505,138107419,6,(-),p53 apoptosis effector related to PMP22,X,,3; 18,0,,,,,
TRIP13,ENSG00000071539,892884,919357,5,(+),thyroid hormone receptor interactor 13,X,,3; 18,0,,,,,
TOR4A,ENSG00000198113,137274854,137282641,9,(+),torsin family 4 member A,X,,3,0,,,,,
RANP4,ENSG00000225125,136807223,136807877,X,(-),RAN pseudogene 4,X,X,3; 6,1,,,,,
TPT1P5,ENSG00000214108,31908361,31909186,5,(+),TPT1 pseudogene 5,X,,3,0,,,,,
SYT3,ENSG00000213023,50621307,50640040,19,(-),synaptotagmin 3,X,,3,0,,,,,
NIFKP3,ENSG00000256331,7604350,7605214,12,(-),NIFK pseudogene 3,X,,3,0,,,,,
KRBA2,ENSG00000184619,8356902,8376738,17,(-),KRAB-A domain containing 2,X,,3,0,,,,,
NCAPG2,ENSG00000146918,158628224,158704825,7,(-),non-SMC condensin II complex subunit G2,X,,3; 18,0,,,,,
LIMS4,ENSG00000256671,110445883,110473075,2,(-),LIM zinc finger domain containing 4,X,,3,0,,,,,
CCDC170,ENSG00000120262,151494013,151621193,6,(+),coiled-coil domain containing 170,X,,3,0,,,,,
BCL11A,ENSG00000119866,60450520,60554467,2,(-),BCL11 transcription factor A,X,,3,0,,,,,
XGY2,ENSG00000290840,2752083,2854641,Y,(+),XG Y-linked 2 (pseudogene),X,,3,0,,,,,
CEP43,ENSG00000213066,166999174,167052718,6,(+),centrosomal protein 43,X,,3,0,,,,,
FAM238B,ENSG00000231976,26650554,26653383,10,(+),family with sequence similarity 238 member B,X,,3,0,,,,,
DDHD1,ENSG00000100523,53036745,53153353,14,(-),DDHD domain containing 1,X,,3,0,,,,,
MT2A,ENSG00000125148,56608584,56609497,16,(+),metallothionein 2A,X,,3; 18,0,,,,,
CMA1,ENSG00000092009,24505353,24508265,14,(-),chymase 1,X,,3,0,,,,,
FSBP,ENSG00000265817,94378377,94436952,8,(-),fibrinogen silencer binding protein,X,,3,0,,,,,
C3P1,ENSG00000167798,10037803,10074135,19,(+),complement component 3 precursor pseudogene,X,,3,0,,,,,
TREML4,ENSG00000188056,41228339,41238882,6,(+),triggering receptor expressed on myeloid cells like 4,X,,3,0,,,,,
RPL5P12,ENSG00000242697,98025390,98026240,4,(+),ribosomal protein L5 pseudogene 12,X,,3,0,,,,,
MGAT4A,ENSG00000071073,98619106,98732639,2,(-),"alpha-1,3-mannosyl-glycoprotein 4-beta-N-acetylglucosaminyltransferase A",X,X,3; 4; 18,1,,,,,
JSRP1,ENSG00000167476,2252074,2269759,19,(-),junctional sarcoplasmic reticulum protein 1,X,,3,0,,,,,
ADI1P2,ENSG00000250684,102688317,102688906,8,(-),acireductone dioxygenase 1 pseudogene 2,X,,3,0,,,,,
IRS2,ENSG00000185950,109752695,109786583,13,(-),insulin receptor substrate 2,X,X,3; 4,1,,,,,
MYB,ENSG00000118513,135181308,135219173,6,(+),"MYB proto-oncogene, transcription factor",X,,3,0,,,,,
SERINC4,ENSG00000184716,43794162,43800220,15,(-),serine incorporator 4,X,,3,0,,,,,
ANXA8,ENSG00000265190,47460162,47484175,10,(-),annexin A8,X,,3,0,,,,,
SMCR5,ENSG00000226746,17776686,17779529,17,(-),"Smith-Magenis syndrome chromosome region, candidate 5",X,,3,0,,,,,
NTN4,ENSG00000074527,95657807,95791189,12,(-),netrin 4,X,,3,0,,,,,
ADTRP,ENSG00000111863,11712054,11807046,6,(-),androgen dependent TFPI regulating protein,X,,3,0,,,,,
TMIGD2,ENSG00000167664,4292227,4302431,19,(-),transmembrane and immunoglobulin domain containing 2,X,,3; 18,0,,,,,
PDPN,ENSG00000162493,13583465,13617957,1,(+),podoplanin,X,,3,0,,,,,
LRRC75A,ENSG00000181350,16441577,16492237,17,(-),leucine rich repeat containing 75A,X,,3,0,,,,,
LPCAT4,ENSG00000176454,34358633,34367539,15,(-),lysophosphatidylcholine acyltransferase 4,X,,3; 18,0,,,,,
TRAV27,ENSG00000211809,22147995,22148633,14,(+),T cell receptor alpha variable 27,X,,3,0,,,,,
BCL2L15,ENSG00000188761,113876816,113887581,1,(-),BCL2 like 15,X,,3,0,,,,,
TEX30,ENSG00000151287,102765888,102773811,13,(-),testis expressed 30,X,,3,0,,,,,
PPIAP71,ENSG00000244183,60732144,60732636,3,(-),peptidylprolyl isomerase A pseudogene 71,X,,3,0,,,,,
OSBPL1A,ENSG00000141447,24162045,24397880,18,(-),oxysterol binding protein like 1A,X,,3,0,,,,,
PLCL1,ENSG00000115896,197804593,198572581,2,(+),phospholipase C like 1 (inactive),X,,3,0,,,,,
VLDLR,ENSG00000147852,2621182,2660056,9,(+),very low density lipoprotein receptor,X,,3,0,,,,,
TRBV5-1,ENSG00000211734,142320677,142321544,7,(+),T cell receptor beta variable 5-1,X,,3,0,,,,,
FSIP2,ENSG00000188738,185738804,185833290,2,(+),fibrous sheath interacting protein 2,X,,3,0,,,,,
AQP10,ENSG00000143595,154321090,154325325,1,(+),aquaporin 10,X,,3,0,,,,,
CRADD,ENSG00000169372,93677375,93894840,12,(+),CASP2 and RIPK1 domain containing adaptor with death domain,X,,3,0,,,,,
SETP9,ENSG00000235101,160670148,160670979,1,(+),SET pseudogene 9,X,,3,0,,,,,
NCF4,ENSG00000100365,36860988,36878017,22,(+),neutrophil cytosolic factor 4,X,,3; 18,0,,,,,
NUBP1,ENSG00000103274,10743786,10769353,16,(+),"NUBP iron-sulfur cluster assembly factor 1, cytosolic",X,,3,0,,,,,
DEGS1,ENSG00000143753,224175756,224193441,1,(+),"delta 4-desaturase, sphingolipid 1",X,,3,0,,,,,
PXDC1,ENSG00000168994,3722614,3751713,6,(-),PX domain containing 1,X,,3,0,,,,,
SPART,ENSG00000133104,36301638,36370215,13,(-),spartin,X,,3,0,,,,,
WDFY2,ENSG00000139668,51583927,51767709,13,(+),WD repeat and FYVE domain containing 2,X,,3,0,,,,,
RPL7P38,ENSG00000239473,80028893,80029631,12,(+),ribosomal protein L7 pseudogene 38,X,,3,0,,,,,
UEVLD,ENSG00000151116,18529607,18588747,11,(-),UEV and lactate/malate dehyrogenase domains,X,,3,0,,,,,
SHOX,ENSG00000292354,624344,659411,Y,(+),SHOX homeobox,X,,3,0,,,,,
MAP3K4,ENSG00000085511,160991473,161117385,6,(+),mitogen-activated protein kinase kinase kinase 4,X,,3,0,,,,,
RBPJ,ENSG00000168214,26163455,26435131,4,(+),recombination signal binding protein for immunoglobulin kappa J region,X,,3; 18,0,,,,,
TPM4P1,ENSG00000232230,100114417,100115223,10,(-),TPM4 pseudogene 1,X,,3,0,,,,,
INPP5F,ENSG00000198825,119726035,119829151,10,(+),inositol polyphosphate-5-phosphatase F,X,,3,0,,,,,
OOSP2,ENSG00000149507,60040409,60048044,11,(+),oocyte secreted protein 2,X,,3,0,,,,,
GK4P,ENSG00000178146,101778969,101780538,X,(-),glycerol kinase 4 pseudogene,X,,3,0,,,,,
FNDC9,ENSG00000172568,157341598,157345677,5,(-),fibronectin type III domain containing 9,X,,3,0,,,,,
ADAM15,ENSG00000143537,155050566,155062780,1,(+),ADAM metallopeptidase domain 15,X,,3,0,,,,,
EVI2B,ENSG00000185862,31303770,31314421,17,(-),ecotropic viral integration site 2B,X,X,3; 4; 18,1,,,,,
H3P6,ENSG00000235655,174719908,174720318,2,(+),H3 histone pseudogene 6,X,X,3; 4,1,,,,,
MFF,ENSG00000168958,227325151,227361188,2,(+),mitochondrial fission factor,X,,3,0,,,,,
EIF3LP1,ENSG00000258501,81916231,81917888,14,(+),eukaryotic translation initiation factor 3 subunit L pseudogene 1,X,,3,0,,,,,
EED,ENSG00000074266,86201212,86279807,11,(+),embryonic ectoderm development,X,,3; 18,0,,,,,
GAPDHP76,ENSG00000249840,11585246,11587135,19,(+),glyceraldehyde-3-phosphate dehydrogenase pseudogene 76,X,,3,0,,,,,
PRR23A,ENSG00000206260,139003962,139006268,3,(-),proline rich 23A,X,,3,0,,,,,
SIAE,ENSG00000110013,124633113,124695707,11,(-),sialic acid acetylesterase,X,,3,0,,,,,
ZNF66,ENSG00000160229,20776304,20810361,19,(+),zinc finger protein 66,X,,3,0,,,,,
CA2,ENSG00000104267,85463968,85481493,8,(+),carbonic anhydrase 2,X,,3,0,,,,,
GPR142,ENSG00000257008,74367458,74372600,17,(+),G protein-coupled receptor 142,X,,3,0,,,,,
RYR1,ENSG00000196218,38433691,38595273,19,(+),ryanodine receptor 1,X,X,3; 4,1,,,,,
HDAC9,ENSG00000048052,18086949,19002416,7,(+),histone deacetylase 9,X,,3,0,,,,,
TREX1,ENSG00000213689,48465811,48467645,3,(+),three prime repair exonuclease 1,X,,3,0,,,,,
LHFPL6,ENSG00000183722,39209116,39603735,13,(-),LHFPL tetraspan subfamily member 6,X,,3,0,,,,,
HRH4,ENSG00000134489,24460637,24479961,18,(+),histamine receptor H4,X,X,3; 4; 6,1,,,,,
CUL1P1,ENSG00000251032,127784618,127787042,5,(-),cullin 1 pseudogene 1,X,,3,0,,,,,
PPP1R26,ENSG00000196422,135479073,135488897,9,(+),protein phosphatase 1 regulatory subunit 26,X,,3,0,,,,,
CCL24,ENSG00000106178,75810825,75823943,7,(-),C-C motif chemokine ligand 24,X,,3,0,,,,,
PPIAP14,ENSG00000264775,5002759,5003254,18,(-),peptidylprolyl isomerase A pseudogene 14,X,,3,0,,,,,
TPTEP2,ENSG00000244627,38361381,38384096,22,(-),TPTE pseudogene 2,X,,3,0,,,,,
MKNK1,ENSG00000079277,46557407,46616843,1,(-),MAPK interacting serine/threonine kinase 1,X,,3; 18,0,,,,,
GVINP2,ENSG00000254781,6748131,6750324,11,(+),"GTPase, very large interferon inducible pseudogene 2",X,,3,0,,,,,
CCDC50,ENSG00000152492,191329085,191398659,3,(+),coiled-coil domain containing 50,X,,3; 15,0,,,,,
FARP1,ENSG00000152767,98142165,98455176,13,(+),"FERM, ARH/RhoGEF and pleckstrin domain protein 1",X,,3,0,,,,,
SAMSN1,ENSG00000155307,14485228,14658821,21,(-),"SAM domain, SH3 domain and nuclear localization signals 1",X,,3; 18,0,,,,,
TRAV9-2,ENSG00000211793,21941128,21941657,14,(+),T cell receptor alpha variable 9-2,X,,3,0,,,,,
UICLM,ENSG00000233392,240954617,240967451,2,(-),up-regulated in colorectal cancer liver metastasis,X,,3,0,,,,,
LCN6,ENSG00000267206,136744017,136748525,9,(-),lipocalin 6,X,,3,0,,,,,
KCP,ENSG00000135253,128862042,128910719,7,(-),kielin cysteine rich BMP regulator,X,,3,0,,,,,
SLC66A1,ENSG00000040487,19312284,19329300,1,(+),solute carrier family 66 member 1,X,,3,0,,,,,
RPS5P3,ENSG00000215088,33481580,33482195,21,(-),RPS5 pseudogene 3,X,,3,0,,,,,
RGS6,ENSG00000182732,71932429,72566530,14,(+),regulator of G protein signaling 6,X,X,3; 4,1,,,,,
PAGR1,ENSG00000280789,29816152,29822489,16,(+),PAXIP1 associated glutamate rich protein 1,X,,3,0,,,,,
JAML,ENSG00000160593,118193725,118226323,11,(-),junction adhesion molecule like,X,X,3; 4; 18,1,,,,,
SHH,ENSG00000164690,155799980,155812463,7,(-),sonic hedgehog signaling molecule,X,X,3; 5,1,,,,,
TNFRSF18,ENSG00000186891,1203508,1206592,1,(-),TNF receptor superfamily member 18,X,,3; 18,0,,,,,
OR8K2P,ENSG00000255134,56335142,56336068,11,(+),olfactory receptor family 8 subfamily K member 2 pseudogene,X,,3,0,,,,,
CDC42P6,ENSG00000237350,22727375,22727950,4,(-),CDC42 pseudogene 6,X,,3,0,,,,,
SECTM1,ENSG00000141574,82321024,82335518,17,(-),secreted and transmembrane 1,X,,3,0,,,,,
RBM8B,ENSG00000258427,60397757,60398281,14,(+),NA,X,,3,0,,,,,
EIF1P3,ENSG00000231684,182336001,182336334,1,(+),eukaryotic translation initiation factor 1 pseudogene 3,X,,3,0,,,,,
SYTL5,ENSG00000147041,38006515,38128819,X,(+),synaptotagmin like 5,X,,3,0,,,,,
PGK1P1,ENSG00000228328,68070520,68071767,X,(-),phosphoglycerate kinase 1 pseudogene 1,X,,3,0,,,,,
LONRF3,ENSG00000175556,118974614,119022925,X,(+),LON peptidase N-terminal domain and ring finger 3,X,,3,0,,,,,
UBBP4,ENSG00000263563,22204093,22205009,17,(+),ubiquitin B pseudogene 4,X,,3,0,,,,,
UBBP5,ENSG00000228074,87219004,87219269,13,(+),ubiquitin B pseudogene 5,X,,3,0,,,,,
OR5AS1,ENSG00000181785,56027654,56038191,11,(+),olfactory receptor family 5 subfamily AS member 1,X,,3,0,,,,,
CUTA,ENSG00000112514,33416442,33418381,6,(-),cutA divalent cation tolerance homolog,X,X,3; 5; 18,1,,,,,
PRRG3,ENSG00000130032,151694607,151705924,X,(+),proline rich and Gla domain 3,X,,3,0,,,,,
UBE2D2,ENSG00000131508,139526431,139628434,5,(+),ubiquitin conjugating enzyme E2 D2,X,X,3; 4; 5; 18,1,,,,,
RPL35P1,ENSG00000237991,236981339,236981708,1,(+),ribosomal protein L35 pseudogene 1,X,,3,0,,,,,
NLRP9,ENSG00000185792,55708438,55738402,19,(-),NLR family pyrin domain containing 9,X,,3,0,,,,,
SLAMF1,ENSG00000117090,160608100,160647044,1,(-),signaling lymphocytic activation molecule family member 1,X,X,3; 4; 18,1,,,,,
VENTX,ENSG00000151650,133235769,133241929,10,(+),VENT homeobox,X,,3,0,,,,,
ARF3,ENSG00000134287,48935723,48957514,12,(-),ARF GTPase 3,X,,3,0,,,,,
IMPDH1,ENSG00000106348,128392277,128410009,7,(-),inosine monophosphate dehydrogenase 1,X,,3,0,,,,,
GASK1A,ENSG00000144649,42979087,43067898,3,(+),golgi associated kinase 1A,X,X,3; 4,1,,,,,
NBPF9,ENSG00000269713,149052186,149103591,1,(-),NBPF member 9,X,,3,0,,,,,
TSPAN15,ENSG00000099282,69451150,69507676,10,(+),tetraspanin 15,X,,3,0,,,,,
FMO4,ENSG00000076258,171314091,171343741,1,(+),flavin containing dimethylaniline monoxygenase 4,X,,3,0,,,,,
GGCX,ENSG00000115486,85544720,85561819,2,(-),gamma-glutamyl carboxylase,X,,3,0,,,,,
GPANK1,ENSG00000204438,31661228,31666283,6,(-),G-patch domain and ankyrin repeats 1,X,,3,0,,,,,
UQCRHL,ENSG00000233954,15807169,15809348,1,(-),ubiquinol-cytochrome c reductase hinge protein like,X,,3,0,,,,,
KCNC3,ENSG00000131398,50311937,50333515,19,(-),potassium voltage-gated channel subfamily C member 3,X,,3,0,,,,,
RPS2P4,ENSG00000196183,104835997,104836852,14,(-),ribosomal protein S2 pseudogene 4,X,,3,0,,,,,
PKMP1,ENSG00000236480,114535995,114537840,1,(+),pyruvate kinase M1/2 pseudogene 1,X,,3,0,,,,,
RNF7,ENSG00000114125,141738249,141747560,3,(+),ring finger protein 7,X,X,3; 5,1,,,,,
KRT4,ENSG00000170477,52806549,52814116,12,(-),keratin 4,X,,3,0,,,,,
ACTBP8,ENSG00000220267,88275882,88276989,6,(-),ACTB pseudogene 8,X,X,3; 4,1,,,,,
FAM50B,ENSG00000145945,3849373,3851320,6,(+),family with sequence similarity 50 member B,X,,3,0,,,,,
TPM3P2,ENSG00000214200,33912323,33913336,20,(-),tropomyosin 3 pseudogene 2,X,,3,0,,,,,
MB21D2,ENSG00000180611,192796815,192917856,3,(-),Mab-21 domain containing 2,X,,3,0,,,,,
FAM174B,ENSG00000185442,92617448,92809884,15,(-),family with sequence similarity 174 member B,X,,3,0,,,,,
NPM1P32,ENSG00000213239,121708512,121709115,2,(-),nucleophosmin 1 pseudogene 32,X,,3,0,,,,,
RHBDL1,ENSG00000103269,675671,678268,16,(+),rhomboid like 1,X,,3,0,,,,,
CD93,ENSG00000125810,23065139,23086324,20,(-),CD93 molecule,X,,3,0,,,,,
ATF4P3,ENSG00000228218,76225751,76226806,17,(-),activating transcription factor 4 pseudogene 3,X,,3,0,,,,,
MICAL2,ENSG00000133816,12094008,12362140,11,(+),"microtubule associated monooxygenase, calponin and LIM domain containing 2",X,,3,0,,,,,
LAYN,ENSG00000204381,111540280,111561745,11,(+),layilin,X,,3,0,,,,,
CORO6,ENSG00000167549,29614756,29622923,17,(-),coronin 6,X,,3,0,,,,,
WNT7A,ENSG00000154764,13816258,13880071,3,(-),Wnt family member 7A,X,,3,0,,,,,
LDHAP7,ENSG00000235847,84777259,84778223,2,(-),lactate dehydrogenase A pseudogene 7,X,,3,0,,,,,
VAMP4,ENSG00000117533,171700160,171743206,1,(-),vesicle associated membrane protein 4,X,,3,0,,,,,
SIX1,ENSG00000126778,60643421,60658259,14,(-),SIX homeobox 1,X,,3,0,,,,,
ID2,ENSG00000115738,8678845,8684461,2,(+),inhibitor of DNA binding 2,X,,3; 18,0,,,,,
PLIN2,ENSG00000147872,19108375,19149369,9,(-),perilipin 2,X,,3,0,,,,,
TERT,ENSG00000164362,1253147,1295085,5,(-),telomerase reverse transcriptase,X,,3,0,,,,,
B3GNTL1,ENSG00000175711,82942149,83051829,17,(-),"UDP-GlcNAc:betaGal beta-1,3-N-acetylglucosaminyltransferase like 1",X,,3,0,,,,,
ACADL,ENSG00000115361,210187126,210225447,2,(-),acyl-CoA dehydrogenase long chain,X,,3,0,,,,,
TVP23A,ENSG00000166676,10760919,10818794,16,(-),trans-golgi network vesicle protein 23 homolog A,X,,3,0,,,,,
NOC2LP1,ENSG00000213225,130229379,130231613,2,(+),NOC2 like nucleolar associated transcriptional repressor pseudogene 1,X,,3,0,,,,,
SPIRE2,ENSG00000204991,89818179,89871319,16,(+),spire type actin nucleation factor 2,X,,3,0,,,,,
YWHAZP5,ENSG00000213260,105686322,105687051,10,(+),tyrosine 3-monooxygenase/tryptophan 5-monooxygenase activation protein zeta pseudogene 5,X,,3,0,,,,,
STON1,ENSG00000243244,48529376,48598922,2,(+),stonin 1,X,,3,0,,,,,
IGFBPL1,ENSG00000137142,38406528,38424454,9,(-),insulin like growth factor binding protein like 1,X,,3,0,,,,,
MAGEH1,ENSG00000187601,55452127,55453566,X,(+),MAGE family member H1,X,,3,0,,,,,
SUB1P1,ENSG00000227203,11790005,11790386,8,(+),SUB1 pseudogene 1,X,,3,0,,,,,
HEPACAM,ENSG00000165478,124919205,124936431,11,(-),hepatic and glial cell adhesion molecule,X,,3,0,,,,,
GTF2IP13,ENSG00000272556,45773595,45783157,7,(+),general transcription factor IIi pseudogene 13,X,,3,0,,,,,
INAVA,ENSG00000163362,200891003,200915742,1,(+),innate immunity activator,X,,3,0,,,,,
FOXN4,ENSG00000139445,109277978,109309284,12,(-),forkhead box N4,X,,3,0,,,,,
PROK2,ENSG00000163421,71771655,71785206,3,(-),prokineticin 2,X,,3,0,,,,,
CENPM,ENSG00000100162,41927514,41947183,22,(-),centromere protein M,X,,3; 18,0,,,,,
NPPB,ENSG00000120937,11857464,11858976,1,(-),natriuretic peptide B,X,,3,0,,,,,
SDCBPP3,ENSG00000232801,40890647,40891537,X,(-),syndecan binding protein pseudogene 3,X,,3,0,,,,,
MMEL1,ENSG00000142606,2590639,2633016,1,(-),membrane metalloendopeptidase like 1,X,,3,0,,,,,
MRC2,ENSG00000011028,62627670,62693597,17,(+),mannose receptor C-type 2,X,,3,0,,,,,
PKMP5,ENSG00000215057,5972412,5974012,6,(+),pyruvate kinase M1/2 pseudogene 5,X,,3,0,,,,,
PRODH2,ENSG00000250799,35799975,35813299,19,(-),proline dehydrogenase 2,X,,3,0,,,,,
BOLA2B,ENSG00000169627,30192930,30194306,16,(-),bolA family member 2B,X,,3,0,,,,,
SOD1P1,ENSG00000219074,53196720,53197159,6,(-),superoxide dismutase 1 pseudogene 1,X,,3,0,,,,,
TMOD1,ENSG00000136842,97501180,97601743,9,(+),tropomodulin 1,X,,3,0,,,,,
PPIAP73,ENSG00000182000,149984395,149984797,3,(+),peptidylprolyl isomerase A pseudogene 73,X,,3,0,,,,,
EME1,ENSG00000154920,50373220,50381483,17,(+),essential meiotic structure-specific endonuclease 1,X,,3,0,,,,,
FTLP2,ENSG00000232368,30630298,30630825,X,(+),ferritin light chain pseudogene 2,X,,3,0,,,,,
LASTR,ENSG00000242147,5594980,5635925,10,(-),lncRNA associated with SART3 regulation of splicing,X,,3,0,,,,,
KLF8,ENSG00000102349,56232356,56291531,X,(+),KLF transcription factor 8,X,,3,0,,,,,
HSF4,ENSG00000102878,67164681,67169945,16,(+),heat shock transcription factor 4,X,,3,0,,,,,
ASMT,ENSG00000292336,1615059,1643081,Y,(+),acetylserotonin O-methyltransferase,X,,3,0,,,,,
MSC,ENSG00000178860,71841552,71844496,8,(-),musculin,X,,3,0,,,,,
UBBP1,ENSG00000230037,136329441,136329913,2,(-),ubiquitin B pseudogene 1,X,,3,0,,,,,
ENO3,ENSG00000108515,4948046,4957132,17,(+),enolase 3,X,,3,0,,,,,
RHOF,ENSG00000139725,121768283.0,121803403.0,12,(-),"ras homolog family member F, filopodia associated",X,X,4; 8; 18,1,,,,,
ROCK1P1,ENSG00000263006,116842.0,118504.0,18,(+),Rho associated coiled-coil containing protein kinase 1 pseudogene 1,,X,4,0,,,,,
CTNND2,ENSG00000169862,10971836.0,11904507.0,5,(-),catenin delta 2,,X,4,0,,,,,
GRK5,ENSG00000198873,119207538.0,119459758.0,10,(+),G protein-coupled receptor kinase 5,,X,4,0,,,,,
GPX4,ENSG00000167468,1103982.0,1106791.0,19,(+),glutathione peroxidase 4,X,X,4; 18,1,,,,,
CUL2,ENSG00000108094,35008465.0,35127006.0,10,(-),cullin 2,,X,4,0,,,,,
ARL8B,ENSG00000134108,5122231.0,5180916.0,3,(+),ARF like GTPase 8B,,X,4,0,,,,,
TNS3,ENSG00000136205,47275149.0,47582633.0,7,(-),tensin 3,,X,4,0,,,,,
GOLGA6L9,ENSG00000197978,82429816.0,82439153.0,15,(+),golgin A6 family like 9,,X,4,0,,,,,
TMEM63A,ENSG00000196187,225845532.0,225884122.0,1,(-),transmembrane protein 63A,,X,4,0,,,,,
GASAL1,ENSG00000253669,102804677.0,102810044.0,8,(+),growth arrest associated lncRNA 1,,X,4,0,,,,,
NEXN,ENSG00000162614,77888174.0,77943898.0,1,(+),nexilin F-actin binding protein,,X,4,0,,,,,
TRA2B,ENSG00000136527,185914558.0,185938103.0,3,(-),transformer 2 beta homolog,X,X,4; 18,1,,,,,
CEP44,ENSG00000164118,174283295.0,174335043.0,4,(+),centrosomal protein 44,,X,4,0,,,,,
RUVBL1,ENSG00000175792,128063024.0,128153914.0,3,(-),RuvB like AAA ATPase 1,,X,4,0,,,,,
STRADB,ENSG00000082146,201387858.0,201502687.0,2,(+),STE20 related adaptor beta,,X,4,0,,,,,
ZNF652,ENSG00000198740,49289206.0,49362473.0,17,(-),zinc finger protein 652,,X,4,0,,,,,
CAPNS1,ENSG00000126247,36139953.0,36150356.0,19,(+),calpain small subunit 1,X,X,4; 18,1,,,,,
YWHAH,ENSG00000128245,31944465.0,31957603.0,22,(+),tyrosine 3-monooxygenase/tryptophan 5-monooxygenase activation protein eta,X,X,4; 18,1,,,,,
NBAS,ENSG00000151779,15166913.0,15561340.0,2,(-),NBAS subunit of NRZ tethering complex,,X,4,0,,,,,
ZMYM4,ENSG00000146463,35268664.0,35423213.0,1,(+),zinc finger MYM-type containing 4,,X,4,0,,,,,
CCDC71L,ENSG00000253276,106654360.0,106661158.0,7,(-),coiled-coil domain containing 71 like,,X,4,0,,,,,
PTPRA,ENSG00000132670,2870754.0,3039247.0,20,(+),protein tyrosine phosphatase receptor type A,,X,4,0,,,,,
MCU,ENSG00000156026,72692088.0,72887694.0,10,(+),mitochondrial calcium uniporter,,X,4,0,,,,,
RPS18,ENSG00000231500,33271730.0,33276513.0,6,(+),ribosomal protein S18,X,X,4; 18,1,,,,,
MED14,ENSG00000180182,40648305.0,40735924.0,X,(-),mediator complex subunit 14,,X,4,0,,,,,
LAMB2,ENSG00000172037,49121113.0,49133118.0,3,(-),laminin subunit beta 2,,X,4,0,,,,,
SNRPE,ENSG00000182004,203861496.0,203871152.0,1,(+),small nuclear ribonucleoprotein polypeptide E,X,X,4; 18,1,,,,,
TDRD3,ENSG00000083544,60396457.0,60573879.0,13,(+),tudor domain containing 3,,X,4,0,,,,,
HMGCL,ENSG00000117305,23801877.0,23838620.0,1,(-),3-hydroxy-3-methylglutaryl-CoA lyase,,X,4,0,,,,,
PTGDR,ENSG00000168229,52267667.0,52276724.0,14,(+),prostaglandin D2 receptor,X,X,4; 18,1,,,,,
IFTAP,ENSG00000166352,36594369.0,36675695.0,11,(+),intraflagellar transport associated protein,,X,4,0,,,,,
NUP88,ENSG00000108559,5359641.0,5420164.0,17,(-),nucleoporin 88,,X,4,0,,,,,
CD302,ENSG00000241399,159764912.0,159798389.0,2,(-),CD302 molecule,,X,4,0,,,,,
GSPT1,ENSG00000103342,11868128.0,11916082.0,16,(-),G1 to S phase transition 1,X,X,4; 18,1,,,,,
ZBTB37,ENSG00000185278,173868082.0,173903547.0,1,(+),zinc finger and BTB domain containing 37,,X,4,0,,,,,
KMT5B,ENSG00000110066,68154863.0,68214134.0,11,(-),lysine methyltransferase 5B,,X,4,0,,,,,
GDAP1,ENSG00000104381,74320613.0,74518007.0,8,(+),ganglioside induced differentiation associated protein 1,,X,4,0,,,,,
MAP3K15,ENSG00000180815,19360056.0,19515513.0,X,(-),mitogen-activated protein kinase kinase kinase 15,,X,4,0,,,,,
TMC1,ENSG00000165091,72521608.0,72838297.0,9,(+),transmembrane channel like 1,,X,4,0,,,,,
FTSJ1,ENSG00000068438,48476021.0,48486364.0,X,(+),FtsJ RNA 2'-O-methyltransferase 1,,X,4,0,,,,,
PRDX2,ENSG00000167815,12796817.0,12801882.0,19,(-),peroxiredoxin 2,X,X,4; 18,1,,,,,
DACT3,ENSG00000197380,46646872.0,46661199.0,19,(-),dishevelled binding antagonist of beta catenin 3,,X,4,0,,,,,
PDCL3P4,ENSG00000244119,101712472.0,101713191.0,3,(+),PDCL3 pseudogene 4,,X,4,0,,,,,
DNAJB2,ENSG00000135924,219279308.0,219286900.0,2,(+),DnaJ heat shock protein family (Hsp40) member B2,,X,4,0,,,,,
PHC2,ENSG00000134686,33321755.0,33431095.0,1,(-),polyhomeotic homolog 2,,X,4,0,,,,,
GPR55,ENSG00000135898,230907318.0,230961066.0,2,(-),G protein-coupled receptor 55,,X,4,0,,,,,
MAP1S,ENSG00000130479,17719242.0,17734515.0,19,(+),microtubule associated protein 1S,,X,4,0,,,,,
UBR1,ENSG00000159459,42942897.0,43106141.0,15,(-),ubiquitin protein ligase E3 component n-recognin 1,,X,4,0,,,,,
ZNF804B,ENSG00000182348,88759700.0,89338528.0,7,(+),zinc finger protein 804B,,X,4,0,,,,,
ABL2,ENSG00000143322,179099330.0,179229684.0,1,(-),"ABL proto-oncogene 2, non-receptor tyrosine kinase",,X,4,0,,,,,
ZDHHC20,ENSG00000180776,21348784.0,21459467.0,13,(-),zDHHC palmitoyltransferase 20,,X,4,0,,,,,
SPATA17,ENSG00000162814,217631324.0,217871696.0,1,(+),spermatogenesis associated 17,,X,4,0,,,,,
MED29,ENSG00000063322,39391303.0,39400641.0,19,(+),mediator complex subunit 29,,X,4,0,,,,,
PTPN20CP,ENSG00000278561,48064308.0,48119455.0,10,(-),"protein tyrosine phosphatase non-receptor type 20C, pseudogene",,X,4,0,,,,,
SNHG28,ENSG00000188004,159834480.0,159855071.0,1,(-),small nucleolar RNA host gene 28,,X,4,0,,,,,
SYNM-AS1,ENSG00000259475,98954149.0,99105877.0,15,(-),SYNM antisense RNA 1,,X,4,0,,,,,
PLP2,ENSG00000102007,49171787.0,49175387.0,X,(+),proteolipid protein 2,X,X,4; 5; 18,1,,,,,
LDLRAP1,ENSG00000157978,25543550.0,25591296.0,1,(+),low density lipoprotein receptor adaptor protein 1,X,X,4; 18,1,,,,,
TMEM39B,ENSG00000121775,32072031.0,32102866.0,1,(+),transmembrane protein 39B,,X,4,0,,,,,
CEP72,ENSG00000112877,612305.0,667703.0,5,(+),centrosomal protein 72,,X,4,0,,,,,
SCN2B,ENSG00000149575,118162806.0,118176653.0,11,(-),sodium voltage-gated channel beta subunit 2,,X,4,0,,,,,
KLHL11,ENSG00000178502,41848513.0,41865430.0,17,(-),kelch like family member 11,,X,4,0,,,,,
SLC1A5,ENSG00000105281,46758394.0,46788617.0,19,(-),solute carrier family 1 member 5,X,X,4; 18,1,,,,,
ATP9B,ENSG00000166377,79069259.0,79378391.0,18,(+),ATPase phospholipid transporting 9B (putative),,X,4,0,,,,,
CDH13,ENSG00000140945,82626965.0,83800640.0,16,(+),cadherin 13,,X,4,0,,,,,
AACS,ENSG00000081760,125065364.0,125144564.0,12,(+),acetoacetyl-CoA synthetase,,X,4,0,,,,,
KLHL6,ENSG00000172578,183487551.0,183555706.0,3,(-),kelch like family member 6,,X,4,0,,,,,
NR2F6,ENSG00000160113,17229207.0,17245953.0,19,(-),nuclear receptor subfamily 2 group F member 6,,X,4,0,,,,,
EXOC4,ENSG00000131558,133253054.0,134067137.0,7,(+),exocyst complex component 4,,X,4,0,,,,,
RBM4,ENSG00000173933,66637771.0,66668380.0,11,(+),RNA binding motif protein 4,,X,4; 5,0,,,,,
OTOP1,ENSG00000163982,4188726.0,4226929.0,4,(-),otopetrin 1,,X,4,0,,,,,
SLC1A6,ENSG00000105143,14950024.0,15022990.0,19,(-),solute carrier family 1 member 6,,X,4,0,,,,,
FFAR1,ENSG00000126266,35347902.0,35353864.0,19,(+),free fatty acid receptor 1,,X,4,0,,,,,
SLC39A7,ENSG00000112473,33200305.0,33204439.0,6,(+),solute carrier family 39 member 7,,X,4,0,,,,,
ACER3,ENSG00000078124,76860859.0,77026797.0,11,(+),alkaline ceramidase 3,,X,4,0,,,,,
RNPS1,ENSG00000205937,2253116.0,2268413.0,16,(-),RNA binding protein with serine rich domain 1,,X,4,0,,,,,
BICC1,ENSG00000122870,58512756.0,58831435.0,10,(+),BicC family RNA binding protein 1,,X,4; 5,0,,,,,
ALG11,ENSG00000253710,52011712.0,52079232.0,13,(+),"ALG11 alpha-1,2-mannosyltransferase",,X,4,0,,,,,
ATF7,ENSG00000170653,53507856.0,53626412.0,12,(-),activating transcription factor 7,,X,4; 5,0,,,,,
IRX3,ENSG00000177508,54283281.0,54287469.0,16,(-),iroquois homeobox 3,,X,4,0,,,,,
ULK2,ENSG00000083290,19770829.0,19867965.0,17,(-),unc-51 like autophagy activating kinase 2,,X,4,0,,,,,
BPGM,ENSG00000172331,134646784.0,134682319.0,7,(+),bisphosphoglycerate mutase,,X,4,0,,,,,
TUBB4A,ENSG00000104833,6494308.0,6502848.0,19,(-),tubulin beta 4A class IVa,,X,4,0,,,,,
MYOM1,ENSG00000101605,3066693.0,3220210.0,18,(-),myomesin 1,,X,4,0,,,,,
SRP9,ENSG00000143742,225777699.0,225790670.0,1,(+),signal recognition particle 9,X,X,4; 5; 18,1,,,,,
NUS1,ENSG00000153989,117675469.0,117710727.0,6,(+),NUS1 dehydrodolichyl diphosphate synthase subunit,,X,4,0,,,,,
ATG4D,ENSG00000130734,10543533.0,10553556.0,19,(+),autophagy related 4D cysteine peptidase,,X,4,0,,,,,
MUTYH,ENSG00000132781,45329163.0,45340893.0,1,(-),mutY DNA glycosylase,,X,4,0,,,,,
SNX30,ENSG00000148158,112750724.0,112881671.0,9,(+),sorting nexin family member 30,,X,4,0,,,,,
HSPH1,ENSG00000120694,31134876.0,31162388.0,13,(-),heat shock protein family H (Hsp110) member 1,,X,4,0,,,,,
UBL4A,ENSG00000102178,154483717.0,154486661.0,X,(-),ubiquitin like 4A,,X,4,0,,,,,
SLC35B2,ENSG00000157593,44253872.0,44257890.0,6,(-),solute carrier family 35 member B2,,X,4,0,,,,,
FHDC1,ENSG00000137460,152935880.0,152979697.0,4,(+),FH2 domain containing 1,,X,4,0,,,,,
PRKAR2A,ENSG00000114302,48744591.0,48847894.0,3,(-),protein kinase cAMP-dependent type II regulatory subunit alpha,,X,4,0,,,,,
ANXA5,ENSG00000164111,121644102.0,121697330.0,4,(-),annexin A5,X,X,4; 18,1,,,,,
PPP5C,ENSG00000011485,46346994.0,46393000.0,19,(+),protein phosphatase 5 catalytic subunit,,X,4,0,,,,,
THRIL,ENSG00000280634,125025434.0,125027410.0,12,(-),TNF and HNRNPL related immunoregulatory long non-coding RNA,,X,4; 5,0,,,,,
PLA2G15,ENSG00000103066,68245304.0,68261063.0,16,(+),phospholipase A2 group XV,,X,4,0,,,,,
MRPL49,ENSG00000149792,65122183.0,65127371.0,11,(+),mitochondrial ribosomal protein L49,,X,4,0,,,,,
SPG21,ENSG00000090487,64954566.0,64990312.0,15,(-),"SPG21 abhydrolase domain containing, maspardin",,X,4,0,,,,,
RRP12,ENSG00000052749,97356357.0,97426076.0,10,(-),ribosomal RNA processing 12 homolog,,X,4,0,,,,,
NRP1,ENSG00000099250,33177492.0,33336262.0,10,(-),neuropilin 1,,X,4,0,,,,,
PRR7,ENSG00000131188,177446445.0,177456291.0,5,(+),"proline rich 7, synaptic",,X,4,0,,,,,
UGT2B7,ENSG00000171234,69051363.0,69112987.0,4,(+),UDP glucuronosyltransferase family 2 member B7,,X,4,0,,,,,
MST1R,ENSG00000164078,49886902.0,49906130.0,3,(-),macrophage stimulating 1 receptor,,X,4,0,,,,,
GLRX2,ENSG00000023572,193078366.0,193106114.0,1,(-),glutaredoxin 2,,X,4,0,,,,,
AIF1L,ENSG00000126878,131096446.0,131123243.0,9,(+),allograft inflammatory factor 1 like,,X,4,0,,,,,
THAP9,ENSG00000168152,82900684.0,82920287.0,4,(+),THAP domain containing 9,,X,4,0,,,,,
ASCC2,ENSG00000100325,29788044.0,29838304.0,22,(-),activating signal cointegrator 1 complex subunit 2,,X,4,0,,,,,
CDC16,ENSG00000130177,114234856.0,114273445.0,13,(+),cell division cycle 16,,X,4,0,,,,,
URB2,ENSG00000135763,229625855.0,229661709.0,1,(+),URB2 ribosome biogenesis homolog,,X,4,0,,,,,
B3GNT3,ENSG00000179913,17794697.0,17814175.0,19,(+),"UDP-GlcNAc:betaGal beta-1,3-N-acetylglucosaminyltransferase 3",,X,4,0,,,,,
SMAD1,ENSG00000170365,145480769.0,145559191.0,4,(+),SMAD family member 1,,X,4,0,,,,,
ULK4,ENSG00000168038,41246599.0,41962236.0,3,(-),unc-51 like kinase 4,,X,4,0,,,,,
USO1,ENSG00000138768,75724522.0,75814290.0,4,(+),USO1 vesicle transport factor,,X,4,0,,,,,
MOB3B,ENSG00000120162,27325209.0,27529829.0,9,(-),MOB kinase activator 3B,,X,4,0,,,,,
SSX7,ENSG00000187754,52644061.0,52654900.0,X,(-),SSX family member 7,,X,4,0,,,,,
SLC8A3,ENSG00000100678,70044215.0,70189480.0,14,(-),solute carrier family 8 member A3,,X,4,0,,,,,
OR4D9,ENSG00000172742,59511368.0,59520703.0,11,(+),olfactory receptor family 4 subfamily D member 9,,X,4,0,,,,,
TRBV19,ENSG00000211746,142618849.0,142619532.0,7,(+),T cell receptor beta variable 19,,X,4,0,,,,,
DCAF4,ENSG00000119599,72926358.0,72962098.0,14,(+),DDB1 and CUL4 associated factor 4,,X,4,0,,,,,
PLPP6,ENSG00000205808,4662294.0,4665258.0,9,(+),phospholipid phosphatase 6,,X,4,0,,,,,
CPTP,ENSG00000224051,1324756.0,1328897.0,1,(+),ceramide-1-phosphate transfer protein,,X,4,0,,,,,
MAT2A,ENSG00000168906,85539163.0,85545281.0,2,(+),methionine adenosyltransferase 2A,,X,4,0,,,,,
SYN1,ENSG00000008056,47571890.0,47619970.0,X,(-),synapsin I,,X,4,0,,,,,
AGPAT1,ENSG00000204310,32167118.0,32178112.0,6,(-),1-acylglycerol-3-phosphate O-acyltransferase 1,,X,4,0,,,,,
SKP1P2,ENSG00000256211,16989126.0,16989936.0,12,(+),S-phase kinase associated protein 1 pseudogene 2,,X,4,0,,,,,
ZNF614,ENSG00000142556,52012765.0,52030240.0,19,(-),zinc finger protein 614,,X,4,0,,,,,
SMU1,ENSG00000122692,33041765.0,33081411.0,9,(-),SMU1 DNA replication regulator and spliceosomal factor,,X,4,0,,,,,
FRMD1,ENSG00000153303,168053095.0,168101511.0,6,(-),FERM domain containing 1,,X,4; 6,0,,,,,
TTLL7,ENSG00000137941,83865024.0,83999413.0,1,(-),tubulin tyrosine ligase like 7,,X,4,0,,,,,
ZDHHC5,ENSG00000156599,57667433.0,57702260.0,11,(+),zDHHC palmitoyltransferase 5,,X,4,0,,,,,
CFAP92,ENSG00000114656,128909866.0,129002690.0,3,(-),cilia and flagella associated protein 92 (putative),,X,4,0,,,,,
GET4,ENSG00000239857,876486.0,896441.0,7,(+),guided entry of tail-anchored proteins factor 4,,X,4,0,,,,,
TCAF1,ENSG00000198420,143850360.0,143903890.0,7,(-),TRPM8 channel associated factor 1,,X,4,0,,,,,
LETR1,ENSG00000248441,95166065.0,95327129.0,15,(-),lymphatic endothelial transcriptional regulator lncRNA 1,,X,4,0,,,,,
STK3,ENSG00000104375,98371228.0,98942827.0,8,(-),serine/threonine kinase 3,,X,4,0,,,,,
ART3,ENSG00000156219,76011176.0,76114094.0,4,(+),ADP-ribosyltransferase 3 (inactive),,X,4,0,,,,,
TGDS,ENSG00000088451,94574041.0,94596286.0,13,(-),"TDP-glucose 4,6-dehydratase",,X,4,0,,,,,
GRM2,ENSG00000164082,51707057.0,51718616.0,3,(+),glutamate metabotropic receptor 2,,X,4,0,,,,,
JCAD,ENSG00000165757,30012803.0,30115494.0,10,(-),junctional cadherin 5 associated,,X,4,0,,,,,
NTAN1,ENSG00000157045,15037853.0,15056082.0,16,(-),N-terminal asparagine amidase,X,X,4; 18,1,,,,,
RFX1,ENSG00000132005,13961529.0,14007084.0,19,(-),regulatory factor X1,,X,4,0,,,,,
FRG1FP,ENSG00000283047,10939388.0,10961338.0,22,(-),"FSHD region gene 1 family member F, pseudogene",,X,4,0,,,,,
FHAD1,ENSG00000142621,15236521.0,15400283.0,1,(+),forkhead associated phosphopeptide binding domain 1,,X,4,0,,,,,
AKAP9,ENSG00000127914,91940837.0,92112177.0,7,(+),A-kinase anchoring protein 9,X,X,4; 18,1,,,,,
CD44,ENSG00000026508,35138721.0,35232402.0,11,(+),CD44 molecule (IN blood group),X,X,4; 18,1,,,,,
OSBP,ENSG00000110048,59574398.0,59615792.0,11,(-),oxysterol binding protein,,X,4,0,,,,,
TMEM102,ENSG00000181284,7435344.0,7437679.0,17,(+),transmembrane protein 102,,X,4,0,,,,,
TAF9,ENSG00000273841,69362026.0,69370026.0,5,(-),TATA-box binding protein associated factor 9,X,X,4; 13,1,,,,,
CYLD,ENSG00000083799,50742032.0,50801935.0,16,(+),CYLD lysine 63 deubiquitinase,X,X,4; 18,1,,,,,
PLBD2,ENSG00000151176,113358543.0,113391629.0,12,(+),phospholipase B domain containing 2,,X,4,0,,,,,
MSNP1,ENSG00000251593,25909503.0,25911234.0,5,(+),moesin pseudogene 1,,X,4,0,,,,,
PAQR5,ENSG00000137819,69298888.0,69410266.0,15,(+),progestin and adipoQ receptor family member 5,,X,4,0,,,,,
CDKN2D,ENSG00000129355,10566460.0,10569059.0,19,(-),cyclin dependent kinase inhibitor 2D,X,X,4; 18,1,,,,,
RHOA,ENSG00000067560,49359136.0,49412998.0,3,(-),ras homolog family member A,X,X,4; 18,1,,,,,
ADD1,ENSG00000087274,2843576.0,2930082.0,4,(+),adducin 1,X,X,4; 18,1,,,,,
CDC5L,ENSG00000096401,44387547.0,44450924.0,6,(+),cell division cycle 5 like,,X,4,0,,,,,
CCT3,ENSG00000163468,156308792.0,156367873.0,1,(-),chaperonin containing TCP1 subunit 3,,X,4,0,,,,,
ATP9A,ENSG00000054793,51596512.0,51768716.0,20,(-),ATPase phospholipid transporting 9A (putative),,X,4,0,,,,,
RARS2,ENSG00000146282,87513459.0,87590028.0,6,(-),"arginyl-tRNA synthetase 2, mitochondrial",,X,4,0,,,,,
SCP2,ENSG00000116171,52927255.0,53051708.0,1,(+),sterol carrier protein 2,,X,4,0,,,,,
PHF2,ENSG00000197724,93576366.0,93679599.0,9,(+),PHD finger protein 2,,X,4,0,,,,,
CSKMT,ENSG00000214756,62665309.0,62668496.0,11,(+),citrate synthase lysine methyltransferase,,X,4,0,,,,,
RPL41P2,ENSG00000256338,28315651.0,28316059.0,15,(+),ribosomal protein L41 pseudogene 2,,X,4,0,,,,,
NAPEPLD,ENSG00000161048,103099776.0,103151172.0,7,(-),N-acyl phosphatidylethanolamine phospholipase D,,X,4,0,,,,,
EIF1P7,ENSG00000213772,9271292.0,9271628.0,2,(-),eukaryotic translation initiation factor 1 pseudogene 7,,X,4,0,,,,,
SBNO1,ENSG00000139697,123289109.0,123365220.0,12,(-),strawberry notch homolog 1,,X,4,0,,,,,
H2BC11,ENSG00000124635,27087321.0,27133883.0,6,(-),H2B clustered histone 11,X,X,4; 18,1,,,,,
RCL1,ENSG00000120158,4792881.0,4928572.0,9,(+),RNA terminal phosphate cyclase like 1,,X,4,0,,,,,
GTF2E2,ENSG00000197265,30578318.0,30660846.0,8,(-),general transcription factor IIE subunit 2,,X,4,0,,,,,
DDX19B,ENSG00000157349,70289663.0,70335992.0,16,(+),DEAD-box helicase 19B,,X,4,0,,,,,
NELFA,ENSG00000185049,1982715.0,2041903.0,4,(-),negative elongation factor complex member A,,X,4,0,,,,,
SCIMP,ENSG00000161929,5208915.0,5234869.0,17,(-),SLP adaptor and CSK interacting membrane protein,,X,4,0,,,,,
CD99,ENSG00000292348,2690988.0,2741312.0,Y,(+),CD99 molecule (Xg blood group),X,X,4; 18,1,,,,,
RNF216,ENSG00000011275,5620047.0,5781696.0,7,(-),ring finger protein 216,,X,4,0,,,,,
HOXA3,ENSG00000105997,27106184.0,27152610.0,7,(-),homeobox A3,,X,4,0,,,,,
OR6C6,ENSG00000188324,55293988.0,55296569.0,12,(-),olfactory receptor family 6 subfamily C member 6,,X,4,0,,,,,
PPP1R18,ENSG00000146112,30676389.0,30687895.0,6,(-),protein phosphatase 1 regulatory subunit 18,X,X,4; 18,1,,,,,
POLR2B,ENSG00000047315,56977711.0,57031158.0,4,(+),RNA polymerase II subunit B,,X,4,0,,,,,
WDR3,ENSG00000065183,117929063.0,117966543.0,1,(+),WD repeat domain 3,,X,4,0,,,,,
BICD2,ENSG00000185963,92711363.0,92764866.0,9,(-),BICD cargo adaptor 2,,X,4,0,,,,,
TXLNA,ENSG00000084652,32178097.0,32198299.0,1,(+),taxilin alpha,,X,4,0,,,,,
MIEF1,ENSG00000100335,39499432.0,39518132.0,22,(+),mitochondrial elongation factor 1,,X,4,0,,,,,
LEMD3,ENSG00000174106,65169342.0,65248485.0,12,(+),LEM domain containing 3,,X,4,0,,,,,
RPL36,ENSG00000130255,5674947.0,5691881.0,19,(+),ribosomal protein L36,X,X,4; 5; 18,1,,,,,
PDCD6,ENSG00000249915,271452.0,314978.0,5,(+),programmed cell death 6,,X,4,0,,,,,
RPL37,ENSG00000145592,40822128.0,40835336.0,5,(-),ribosomal protein L37,X,X,4; 5; 18,1,,,,,
LRP11,ENSG00000120256,149793455.0,149864424.0,6,(-),LDL receptor related protein 11,,X,4,0,,,,,
TTYH3,ENSG00000136295,2631898.0,2664816.0,7,(+),tweety family member 3,,X,4,0,,,,,
LARP1B,ENSG00000138709,128060638.0,128222931.0,4,(+),La ribonucleoprotein 1B,,X,4,0,,,,,
AGBL5,ENSG00000084693,27042364.0,27070622.0,2,(+),AGBL carboxypeptidase 5,,X,4,0,,,,,
OAZ1,ENSG00000104904,2269509.0,2273492.0,19,(+),ornithine decarboxylase antizyme 1,X,X,4; 18,1,,,,,
LTBP1,ENSG00000049323,32946472.0,33400509.0,2,(+),latent transforming growth factor beta binding protein 1,,X,4,0,,,,,
EHMT1,ENSG00000181090,137618901.0,137870016.0,9,(+),euchromatic histone lysine methyltransferase 1,,X,4,0,,,,,
UCP2,ENSG00000175567,73973431.0,73983542.0,11,(-),uncoupling protein 2,X,X,4; 18,1,,,,,
IGF2R,ENSG00000197081,159969033.0,160113507.0,6,(+),insulin like growth factor 2 receptor,,X,4,0,,,,,
PDE3B,ENSG00000152270,14643663.0,14874657.0,11,(+),phosphodiesterase 3B,X,X,4; 18,1,,,,,
METRNL,ENSG00000176845,83079583.0,83095125.0,17,(+),"meteorin like, glial cell differentiation regulator",X,X,4; 18,1,,,,,
ARFGAP2,ENSG00000149182,47135667.0,47177474.0,11,(-),ARF GTPase activating protein 2,,X,4,0,,,,,
INTS11,ENSG00000127054,1311585.0,1324688.0,1,(-),integrator complex subunit 11,,X,4,0,,,,,
RBM38,ENSG00000132819,57391389.0,57409333.0,20,(+),RNA binding motif protein 38,X,X,4; 18,1,,,,,
MYO10,ENSG00000145555,16661907.0,16936317.0,5,(-),myosin X,,X,4,0,,,,,
SASH1,ENSG00000111961,148272304.0,148552044.0,6,(+),SAM and SH3 domain containing 1,,X,4,0,,,,,
NBPF26,ENSG00000273136,120723912.0,120842229.0,1,(+),NBPF member 26,,X,4,0,,,,,
RNF121,ENSG00000137522,71929005.0,71997597.0,11,(+),ring finger protein 121,,X,4,0,,,,,
WDR74,ENSG00000133316,62832342.0,62842228.0,11,(-),WD repeat domain 74,,X,4,0,,,,,
BMPR2,ENSG00000204217,202375835.0,202567751.0,2,(+),bone morphogenetic protein receptor type 2,,X,4,0,,,,,
ALG8,ENSG00000159063,78095244.0,78139660.0,11,(-),"ALG8 alpha-1,3-glucosyltransferase",,X,4,0,,,,,
MLST8,ENSG00000167965,2204248.0,2209453.0,16,(+),MTOR associated protein MLST8,,X,4,0,,,,,
BYSL,ENSG00000112578,41921229.0,41934602.0,6,(+),bystin like,,X,4,0,,,,,
CALU,ENSG00000128595,128739292.0,128773400.0,7,(+),calumenin,,X,4,0,,,,,
STYXL1,ENSG00000127952,75996315.0,76048809.0,7,(-),serine/threonine/tyrosine interacting like 1,,X,4,0,,,,,
F13A1,ENSG00000124491,6144080.0,6321013.0,6,(-),coagulation factor XIII A chain,,X,4,0,,,,,
RPP14,ENSG00000163684,58306239.0,58324695.0,3,(+),ribonuclease P/MRP subunit p14,,X,4,0,,,,,
LDB1,ENSG00000198728,102106489.0,102120451.0,10,(-),LIM domain binding 1,,X,4,0,,,,,
WDR44,ENSG00000131725,118345968.0,118457616.0,X,(+),WD repeat domain 44,,X,4,0,,,,,
UPF1,ENSG00000005007,18831905.0,18868232.0,19,(+),UPF1 RNA helicase and ATPase,,X,4,0,,,,,
RPL30,ENSG00000156482,98016387.0,98046469.0,8,(-),ribosomal protein L30,X,X,4; 5; 18,1,,,,,
MAN2B1,ENSG00000104774,12643831.0,12666762.0,19,(-),mannosidase alpha class 2B member 1,,X,4,0,,,,,
CLSPN,ENSG00000092853,35720202.0,35770002.0,1,(-),claspin,X,X,4; 18,1,,,,,
WBP2,ENSG00000132471,75845699.0,75856507.0,17,(-),WW domain binding protein 2,,X,4,0,,,,,
F8A3,ENSG00000277150,155456914.0,155458620.0,X,(-),coagulation factor VIII associated 3,,X,4,0,,,,,
TUBA1C,ENSG00000167553,49188736.0,49274600.0,12,(+),tubulin alpha 1c,X,X,4; 18,1,,,,,
BBC3,ENSG00000105327,47220822.0,47233019.0,19,(-),BCL2 binding component 3,,X,4,0,,,,,
CIBAR1,ENSG00000188343,93698561.0,93732882.0,8,(+),CBY1 interacting BAR domain containing 1,,X,4,0,,,,,
CLN5,ENSG00000102805,76990660.0,77063028.0,13,(+),CLN5 lysosomal BMP synthase,,X,4,0,,,,,
KMT2C,ENSG00000055609,152134922.0,152436656.0,7,(-),lysine methyltransferase 2C,,X,4; 5,0,,,,,
RPS3,ENSG00000149273,75394327.0,75422304.0,11,(+),ribosomal protein S3,X,X,4; 18,1,,,,,
GPX1,ENSG00000233276,49357174.0,49358605.0,3,(-),glutathione peroxidase 1,,X,4,0,,,,,
ACSL4,ENSG00000068366,109624244.0,109733889.0,X,(-),acyl-CoA synthetase long chain family member 4,,X,4,0,,,,,
NRIP1,ENSG00000180530,14961235.0,15065936.0,21,(-),nuclear receptor interacting protein 1,X,X,4; 18,1,,,,,
IGHM,ENSG00000211899,105851705.0,105856218.0,14,(-),immunoglobulin heavy constant mu,,X,4,0,,,,,
SUSD6,ENSG00000100647,69611567.0,69715144.0,14,(+),sushi domain containing 6,,X,4,0,,,,,
CFL1,ENSG00000172757,65823022.0,65862026.0,11,(-),cofilin 1,X,X,4; 18,1,,,,,
SLC25A6,ENSG00000292334,1350030.0,1392929.0,Y,(-),solute carrier family 25 member 6,X,X,4; 18,1,,,,,
AP1M1,ENSG00000072958,16197854.0,16245906.0,19,(+),adaptor related protein complex 1 subunit mu 1,,X,4,0,,,,,
WDR82,ENSG00000164091,52254434.0,52288020.0,3,(-),WD repeat domain 82,,X,4,0,,,,,
PSMF1,ENSG00000125818,1113240.0,1192353.0,20,(+),proteasome inhibitor subunit 1,,X,4,0,,,,,
BMF,ENSG00000104081,40087889.0,40108928.0,15,(-),Bcl2 modifying factor,,X,4,0,,,,,
CYB5R3,ENSG00000100243,42615730.0,42720870.0,22,(-),cytochrome b5 reductase 3,,X,4,0,,,,,
SLC40A1,ENSG00000138449,189560491.0,189583758.0,2,(-),solute carrier family 40 member 1,,X,4,0,,,,,
HES7,ENSG00000179111,8120592.0,8124114.0,17,(-),hes family bHLH transcription factor 7,,X,4,0,,,,,
MTHFD2L,ENSG00000163738,74114174.0,74303099.0,4,(+),methylenetetrahydrofolate dehydrogenase (NADP+ dependent) 2 like,X,X,4; 18,1,,,,,
ZNF268,ENSG00000090612,133181409.0,133214832.0,12,(+),zinc finger protein 268,,X,4,0,,,,,
TMC8,ENSG00000167895,78130770.0,78142968.0,17,(+),transmembrane channel like 8,,X,4,0,,,,,
CFAP74,ENSG00000142609,1921951.0,2003837.0,1,(-),cilia and flagella associated protein 74,,X,4,0,,,,,
CHMP1A,ENSG00000131165,89640816.0,89657738.0,16,(-),charged multivesicular body protein 1A,,X,4,0,,,,,
FUT8,ENSG00000033170,65285127.0,65747182.0,14,(+),fucosyltransferase 8,,X,4,0,,,,,
SF1,ENSG00000168066,64764605.0,64778802.0,11,(-),splicing factor 1,X,X,4; 18,1,,,,,
EFHD2,ENSG00000142634,15409572.0,15430343.0,1,(+),EF-hand domain family member D2,X,X,4; 18,1,,,,,
HIVEP2,ENSG00000010818,142751467.0,142956698.0,6,(-),HIVEP zinc finger 2,,X,4; 5,0,,,,,
TFAM,ENSG00000108064,58385345.0,58401706.0,10,(+),"transcription factor A, mitochondrial",,X,4,0,,,,,
CARD8,ENSG00000105483,48180770.0,48255976.0,19,(-),caspase recruitment domain family member 8,,X,4,0,,,,,
PKN1,ENSG00000123143,14433053.0,14471872.0,19,(+),protein kinase N1,,X,4,0,,,,,
SON,ENSG00000159140,33542214.0,33577481.0,21,(+),SON DNA and RNA binding protein,X,X,4; 18,1,,,,,
WASF2,ENSG00000158195,27404226.0,27490308.0,1,(-),WASP family member 2,,X,4,0,,,,,
MXD4,ENSG00000123933,2247431.0,2262144.0,4,(-),MAX dimerization protein 4,X,X,4; 18,1,,,,,
SRSF5,ENSG00000100650,69726822.0,69773904.0,14,(+),serine and arginine rich splicing factor 5,,X,4,0,,,,,
POM121C,ENSG00000272391,75416784.0,75486358.0,7,(-),POM121 transmembrane nucleoporin C,,X,4,0,,,,,
CDH6,ENSG00000113361,31193679.0,31329146.0,5,(+),cadherin 6,,X,4,0,,,,,
HLA-F,ENSG00000204642,29722738.0,29740358.0,6,(+),"major histocompatibility complex, class I, F",X,X,4; 18,1,,,,,
ANKRD44,ENSG00000065413,196967017.0,197311173.0,2,(-),ankyrin repeat domain 44,,X,4,0,,,,,
FRMD4B,ENSG00000114541,69168782.0,69542583.0,3,(-),FERM domain containing 4B,X,X,4; 18,1,,,,,
SARAF,ENSG00000133872,30062853.0,30083331.0,8,(-),store-operated calcium entry associated regulatory factor,,X,4; 18,0,,,,,
DDX3X,ENSG00000215301,41333348.0,41364472.0,X,(+),DEAD-box helicase 3 X-linked,,X,4,0,,,,,
BCOR,ENSG00000183337,40049815.0,40177329.0,X,(-),BCL6 corepressor,X,X,4; 18,1,,,,,
DAD1,ENSG00000129562,22564902.0,22589245.0,14,(-),defender against cell death 1,X,X,4; 18,1,,,,,
SHOC2,ENSG00000108061,110917932.0,111017314.0,10,(+),SHOC2 leucine rich repeat scaffold protein,,X,4,0,,,,,
KLF3,ENSG00000109787,38664003.0,38701517.0,4,(+),KLF transcription factor 3,X,X,4; 18,1,,,,,
RBBP5,ENSG00000117222,205085685.0,205122263.0,1,(-),"RB binding protein 5, histone lysine methyltransferase complex subunit",,X,4,0,,,,,
ERCC6,ENSG00000225830,49454168.0,49539538.0,10,(-),"ERCC excision repair 6, chromatin remodeling factor",,X,4,0,,,,,
PIK3R1,ENSG00000145675,68215740.0,68301821.0,5,(+),phosphoinositide-3-kinase regulatory subunit 1,X,X,4; 18,1,,,,,
TPM4,ENSG00000167460,16067021.0,16103011.0,19,(+),tropomyosin 4,X,X,4; 18,1,,,,,
CCDC91,ENSG00000123106,28133249.0,28581511.0,12,(+),coiled-coil domain containing 91,,X,4,0,,,,,
STAG2,ENSG00000101972,123960212.0,124422664.0,X,(+),STAG2 cohesin complex component,,X,5,0,,,,,
SNORD82,ENSG00000202400,231460371.0,231460440.0,2,(-),"small nucleolar RNA, C/D box 82",,X,5,0,,,,,
ERVK9-11,ENSG00000269486,38935297.0,38938632.0,19,(-),"endogenous retrovirus group K9, member 11",,X,5,0,,,,,
LIN28B,ENSG00000187772,104936616.0,105083332.0,6,(+),lin-28 RNA binding posttranscriptional regulator B,,X,5,0,,,,,
KRT8P52,ENSG00000232479,202924609.0,202925904.0,2,(+),keratin 8 pseudogene 52,,X,5,0,,,,,
MIR5192,ENSG00000266097,62205826.0,62205917.0,2,(+),microRNA 5192,,X,5,0,,,,,
TAS2R3,ENSG00000127362,141764097.0,141765197.0,7,(+),taste 2 receptor member 3,,X,5,0,,,,,
OR2F1,ENSG00000213215,143954844.0,143997312.0,7,(+),olfactory receptor family 2 subfamily F member 1,,X,5,0,,,,,
MIR641,ENSG00000207631,40282543.0,40282641.0,19,(-),microRNA 641,,X,5,0,,,,,
TAOK1,ENSG00000160551,29390336.0,29551903.0,17,(+),TAO kinase 1,,X,5,0,,,,,
CALHM1,ENSG00000185933,103453240.0,103458900.0,10,(-),calcium homeostasis modulator 1,,X,5,0,,,,,
PRDM7,ENSG00000126856,90056566.0,90092072.0,16,(-),PR/SET domain 7,,X,5,0,,,,,
CEP350,ENSG00000135837,179954674.0,180114880.0,1,(+),centrosomal protein 350,,X,5,0,,,,,
VPS13B,ENSG00000132549,99013254.0,99877580.0,8,(+),vacuolar protein sorting 13 homolog B,,X,5,0,,,,,
SMG1P1,ENSG00000237296,22437401.0,22491826.0,16,(+),SMG1 pseudogene 1,,X,5,0,,,,,
NCR3LG1,ENSG00000188211,17351677.0,17377341.0,11,(+),natural killer cell cytotoxicity receptor 3 ligand 1,,X,5,0,,,,,
BARHL1,ENSG00000125492,132582071.0,132591651.0,9,(+),BarH like homeobox 1,,X,5,0,,,,,
KCNE4,ENSG00000152049,223052190.0,223198399.0,2,(+),potassium voltage-gated channel subfamily E regulatory subunit 4,,X,5,0,,,,,
HELZ,ENSG00000198265,67070444.0,67245989.0,17,(-),helicase with zinc finger,,X,5,0,,,,,
ITGB1P1,ENSG00000269378,14621634.0,14622242.0,19,(-),integrin subunit beta 1 pseudogene 1,,X,5,0,,,,,
HECTD4,ENSG00000173064,112160188.0,112382443.0,12,(-),HECT domain E3 ubiquitin protein ligase 4,,X,5,0,,,,,
OR5AN1,ENSG00000176495,59358895.0,59371714.0,11,(+),olfactory receptor family 5 subfamily AN member 1,,X,5,0,,,,,
INSYN2B,ENSG00000204767,169861303.0,169980507.0,5,(-),inhibitory synaptic factor family member 2B,,X,5,0,,,,,
CNIH3,ENSG00000143786,224434660.0,224740565.0,1,(+),cornichon family AMPA receptor auxiliary protein 3,,X,5,0,,,,,
AHCYP2,ENSG00000238181,120720673.0,120721972.0,9,(+),adenosylhomocysteinase pseudogene 2,,X,5,0,,,,,
ZBTB38,ENSG00000177311,141324154.0,141449792.0,3,(+),zinc finger and BTB domain containing 38,X,X,5; 18,1,,,,,
COL19A1,ENSG00000082293,69866428.0,70215059.0,6,(+),collagen type XIX alpha 1 chain,,X,5,0,,,,,
OR2M3,ENSG00000228198,248197265.0,248212925.0,1,(+),olfactory receptor family 2 subfamily M member 3,,X,5,0,,,,,
IFNK,ENSG00000147896,27524290.0,27526498.0,9,(+),interferon kappa,,X,5,0,,,,,
TNRC6B,ENSG00000100354,40044756.0,40335808.0,22,(+),trinucleotide repeat containing adaptor 6B,,X,5,0,,,,,
POTEH,ENSG00000198062,15690026.0,15721631.0,22,(+),POTE ankyrin domain family member H,,X,5,0,,,,,
DKK2,ENSG00000155011,106921802.0,107283806.0,4,(-),dickkopf Wnt signaling pathway inhibitor 2,,X,5,0,,,,,
ENPP7P2,ENSG00000239959,75446769.0,75491202.0,3,(-),ectonucleotide pyrophosphatase/phosphodiesterase 7 pseudogene 2,,X,5,0,,,,,
SHC1P2,ENSG00000267691,44228760.0,44230228.0,17,(-),SHC adaptor protein 1 pseudogene 2,,X,5,0,,,,,
FOXA1,ENSG00000129514,37468435.0,37596059.0,14,(-),forkhead box A1,,X,5,0,,,,,
DSTNP1,ENSG00000230982,46653558.0,46654022.0,21,(-),DSTN pseudogene 1,,X,5,0,,,,,
OR2L3,ENSG00000198128,248046836.0,248063407.0,1,(+),olfactory receptor family 2 subfamily L member 3,,X,5,0,,,,,
NR2C2,ENSG00000177463,14947324.0,15053600.0,3,(+),nuclear receptor subfamily 2 group C member 2,,X,5,0,,,,,
C2CD3,ENSG00000168014,74012718.0,74171210.0,11,(-),C2 domain containing 3 centriole elongation regulator,,X,5,0,,,,,
PBLD,ENSG00000108187,68262014.0,68334114.0,10,(-),phenazine biosynthesis like protein domain containing,,X,5,0,,,,,
CPN2,ENSG00000178772,194339630.0,194351401.0,3,(-),carboxypeptidase N subunit 2,,X,5,0,,,,,
CYCSP52,ENSG00000235700,157128362.0,157128671.0,1,(+),CYCS pseudogene 52,,X,5,0,,,,,
ERN2,ENSG00000134398,23688117.0,23713255.0,16,(-),endoplasmic reticulum to nucleus signaling 2,,X,5,0,,,,,
HELLPAR,ENSG00000281344,102197585.0,102402596.0,12,(+),HELLP associated long non-coding RNA,,X,5,0,,,,,
POU4F2,ENSG00000151615,146638893.0,146642474.0,4,(+),POU class 4 homeobox 2,,X,5,0,,,,,
FOXN3,ENSG00000053254,89124871.0,89619496.0,14,(-),forkhead box N3,,X,5,0,,,,,
TRAJ51,ENSG00000248366,22487183.0,22487245.0,14,(+),T cell receptor alpha joining 51 (pseudogene),,X,5,0,,,,,
RFLNA,ENSG00000178882,123973241.0,124316024.0,12,(+),refilin A,,X,5,0,,,,,
ZBED6,ENSG00000257315,203795623.0,203854999.0,1,(+),zinc finger BED-type containing 6,,X,5,0,,,,,
MYH10,ENSG00000133026,8474205.0,8632303.0,17,(-),myosin heavy chain 10,,X,5,0,,,,,
CCT5P1,ENSG00000250444,115512077.0,115513694.0,5,(+),chaperonin containing TCP1 subunit 5 pseudogene 1,,X,5,0,,,,,
ERC1,ENSG00000082805,989998.0,1495933.0,12,(+),ELKS/RAB6-interacting/CAST family member 1,,X,5,0,,,,,
DDTP1,ENSG00000230683,38515448.0,38515830.0,3,(-),DDT pseudogene 1,,X,5,0,,,,,
GJB7,ENSG00000164411,87282980.0,87329278.0,6,(-),gap junction protein beta 7,,X,5,0,,,,,
FBXO15,ENSG00000141665,74073344.0,74147867.0,18,(-),F-box protein 15,,X,5,0,,,,,
LTBP2,ENSG00000119681,74498163.0,74612378.0,14,(-),latent transforming growth factor beta binding protein 2,,X,5,0,,,,,
RTTN,ENSG00000176225,70003031.0,70206097.0,18,(-),rotatin,,X,5,0,,,,,
MIR623,ENSG00000207719,99356131.0,99356228.0,13,(+),microRNA 623,,X,5,0,,,,,
AGXT,ENSG00000172482,240868543.0,240881531.0,2,(+),alanine--glyoxylate aminotransferase,,X,5,0,,,,,
PRM3,ENSG00000178257,11273199.0,11273629.0,16,(-),protamine 3,,X,5,0,,,,,
TRAJ30,ENSG00000211859,22512852.0,22512908.0,14,(+),T cell receptor alpha joining 30,,X,5,0,,,,,
AFF4,ENSG00000072364,132875395.0,132963931.0,5,(-),ALF transcription elongation factor 4,,X,5,0,,,,,
INSL4,ENSG00000120211,5231408.0,5235304.0,9,(+),insulin like 4,,X,5,0,,,,,
TNRC18P1,ENSG00000249661,140641840.0,140645489.0,4,(-),trinucleotide repeat containing 18 pseudogene 1,,X,5,0,,,,,
MIR215,ENSG00000207590,220117853.0,220117962.0,1,(-),microRNA 215,,X,5,0,,,,,
OR10AD1,ENSG00000172640,48202339.0,48203292.0,12,(-),olfactory receptor family 10 subfamily AD member 1,,X,5,0,,,,,
DMXL1,ENSG00000172869,119037772.0,119249138.0,5,(+),Dmx like 1,,X,5,0,,,,,
ACSM2B,ENSG00000066813,20533999.0,20576442.0,16,(-),acyl-CoA synthetase medium chain family member 2B,,X,5,0,,,,,
HERC1,ENSG00000103657,63608618.0,63833997.0,15,(-),HECT and RLD domain containing E3 ubiquitin protein ligase family member 1,,X,5,0,,,,,
DYNLT4,ENSG00000188396,44805885.0,44807417.0,1,(-),dynein light chain Tctex-type 4,,X,5,0,,,,,
MUCL3,ENSG00000168631,30940973.0,30954221.0,6,(+),mucin like 3,,X,5,0,,,,,
MALAT1,ENSG00000251562,65497606.0,65508073.0,11,(+),metastasis associated lung adenocarcinoma transcript 1,,X,5,0,,,,,
WEE2,ENSG00000214102,141702227.0,141731271.0,7,(+),WEE2 oocyte meiosis inhibiting kinase,,X,5,0,,,,,
TAF9BP1,ENSG00000213871,25754925.0,25755670.0,3,(+),TATA-box binding protein associated factor 9b pseudogene 1,,X,5,0,,,,,
GOLGA6A,ENSG00000159289,74069857.0,74082550.0,15,(-),golgin A6 family member A,,X,5,0,,,,,
MTND3P4,ENSG00000230302,101793454.0,101793756.0,9,(-),MT-ND3 pseudogene 4,,X,5,0,,,,,
POLK,ENSG00000122008,75511377.0,75609991.0,5,(+),DNA polymerase kappa,,X,5,0,,,,,
GPR62,ENSG00000180929,51955381.0,51957499.0,3,(+),G protein-coupled receptor 62,,X,5,0,,,,,
STRN,ENSG00000115808,36835737.0,36967622.0,2,(-),striatin,X,X,5; 18,1,,,,,
ADORA3,ENSG00000282608,111499429.0,111503854.0,1,(-),adenosine A3 receptor,,X,5,0,,,,,
CHRND,ENSG00000135902,232525993.0,232536667.0,2,(+),cholinergic receptor nicotinic delta subunit,,X,5,0,,,,,
CALM2P2,ENSG00000229097,70163685.0,70164124.0,10,(+),calmodulin 2 pseudogene 2,,X,5,0,,,,,
USP9X,ENSG00000124486,41085346.0,41236579.0,X,(+),ubiquitin specific peptidase 9 X-linked,,X,5,0,,,,,
GK-IT1,ENSG00000229331,30671635.0,30672166.0,X,(+),GK intronic transcript 1,,X,5,0,,,,,
MTND1P11,ENSG00000228166,5094139.0,5095014.0,9,(+),MT-ND1 pseudogene 11,,X,5,0,,,,,
CYP2A6,ENSG00000255974,40841915.0,40850493.0,19,(-),cytochrome P450 family 2 subfamily A member 6,,X,5,0,,,,,
ZNF81,ENSG00000197779,47836471.0,48003066.0,X,(+),zinc finger protein 81,,X,5,0,,,,,
PP2D1,ENSG00000183977,19979961.0,20012267.0,3,(-),protein phosphatase 2C like domain containing 1,,X,5,0,,,,,
DGKH,ENSG00000102780,42040036.0,42256578.0,13,(+),diacylglycerol kinase eta,,X,5,0,,,,,
SSX3,ENSG00000165584,48337725.0,48356750.0,X,(-),SSX family member 3,,X,5,0,,,,,
ASXL2,ENSG00000143970,25733753.0,25878600.0,2,(-),ASXL transcriptional regulator 2,,X,5,0,,,,,
SZT2,ENSG00000198198,43389882.0,43454247.0,1,(+),SZT2 subunit of KICSTOR complex,,X,5; 6,0,,,,,
MIR3659HG,ENSG00000224592,38031125.0,38119530.0,1,(+),MIR3659 host gene,,X,6,0,,,,,
MSMP,ENSG00000215183,35752990.0,35756613.0,9,(-),"microseminoprotein, prostate associated",,X,6,0,,,,,
MIR6806,ENSG00000277588,58334688.0,58334751.0,19,(+),microRNA 6806,,X,6,0,,,,,
OSBPL9P4,ENSG00000256420,66563967.0,66569194.0,12,(-),oxysterol binding protein like 9 pseudogene 4,,X,6,0,,,,,
MYEF2,ENSG00000104177,48134632.0,48178375.0,15,(-),myelin expression factor 2,,X,6,0,,,,,
MTA3P1,ENSG00000228937,157961410.0,157962888.0,2,(-),MTA3 pseudogene 1,,X,6,0,,,,,
NPIPA3,ENSG00000224712,14703411.0,14726342.0,16,(+),nuclear pore complex interacting protein family member A3,,X,6,0,,,,,
ADAMTSL1,ENSG00000178031,17906563.0,18910950.0,9,(+),ADAMTS like 1,,X,6,0,,,,,
RPL5P1,ENSG00000241061,24908932.0,24909825.0,15,(-),ribosomal protein L5 pseudogene 1,,X,6,0,,,,,
HS3ST1,ENSG00000002587,11393150.0,11429564.0,4,(-),heparan sulfate-glucosamine 3-sulfotransferase 1,,X,6,0,,,,,
TYMS,ENSG00000176890,657127.0,676613.0,18,(+),thymidylate synthetase,X,X,6; 18,1,,,,,
ADAD2,ENSG00000140955,84191113.0,84197168.0,16,(+),adenosine deaminase domain containing 2,,X,6,0,,,,,
ATRNL1,ENSG00000107518,115092844.0,115948999.0,10,(+),attractin like 1,,X,6,0,,,,,
RSPH9,ENSG00000172426,43644229.0,43674358.0,6,(+),radial spoke head component 9,,X,6,0,,,,,
CLUHP3,ENSG00000131797,31703168.0,31708581.0,16,(+),clustered mitochondria homolog pseudogene 3,,X,6,0,,,,,
RIIAD1,ENSG00000178796,151710433.0,151729805.0,1,(+),regulatory subunit of type II PKA R-subunit domain containing 1,,X,6,0,,,,,
SETP12,ENSG00000251609,120895494.0,120897083.0,4,(-),SET pseudogene 12,,X,6,0,,,,,
SNX19P2,ENSG00000235500,18892260.0,18895230.0,13,(-),sorting nexin 19 pseudogene 2,,X,6,0,,,,,
PDYN,ENSG00000101327,1978757.0,1994692.0,20,(-),prodynorphin,,X,6,0,,,,,
CLIC1P1,ENSG00000231313,120914400.0,120915123.0,12,(+),chloride intracellular channel 1 pseudogene 1,,X,6,0,,,,,
MIR876,ENSG00000215966,28863626.0,28863706.0,9,(-),microRNA 876,,X,6,0,,,,,
SNORD104,ENSG00000199753,64146083.0,64146152.0,17,(+),"small nucleolar RNA, C/D box 104",,X,7,0,,,,,
ZYX,ENSG00000159840,143381076.0,143391111.0,7,(+),zyxin,X,X,8; 18,1,,,,,
APOO,ENSG00000184831,23833348.0,23908070.0,X,(-),apolipoprotein O,,X,8,0,,,,,
COX5A,ENSG00000178741,74919594.0,74939351.0,15,(-),cytochrome c oxidase subunit 5A,X,X,8; 5; 18,1,,,,,
PRKY,ENSG00000099725,7274313.0,7371868.0,Y,(+),protein kinase Y-linked (pseudogene),,X,5,0,,,,,
ZFY,ENSG00000067646,2935201.0,2982579.0,Y,(+),zinc finger protein Y-linked,,X,5,0,,,,,
DDX3Y,ENSG00000067048,12904108.0,12920478.0,Y,(+),DEAD-box helicase 3 Y-linked,,X,4; 5,0,,,,,
BOLA2,ENSG00000183336,29453587.0,29455012.0,16,(-),bolA family member 2,,X,5,0,,,,,
BANF1,ENSG00000175334,66001832.0,66004170.0,11,(+),barrier to autointegration nuclear assembly factor 1,X,X,5; 18,1,,,,,
TMEM11,ENSG00000178307,21193990.0,21214620.0,17,(-),transmembrane protein 11,,X,5,0,,,,,
DPM2,ENSG00000136908,127935090.0,127937879.0,9,(-),"dolichyl-phosphate mannosyltransferase subunit 2, regulatory",,X,5,0,,,,,
RACK1,ENSG00000204628,181235391.0,181248096.0,5,(-),receptor for activated C kinase 1,X,X,4; 5; 18,1,,,,,
CYC1,ENSG00000179091,144095039.0,144097525.0,8,(+),cytochrome c1,,X,5,0,,,,,
TSTD1,ENSG00000215845,161037619.0,161039118.0,1,(-),thiosulfate sulfurtransferase like domain containing 1,X,X,5; 18,1,,,,,
PSMA1,ENSG00000129084,14504211.0,14643635.0,11,(-),proteasome 20S subunit alpha 1,,X,5,0,,,,,
FXYD5,ENSG00000089327,35154440.0,35171796.0,19,(+),FXYD domain containing ion transport regulator 5,X,X,5; 18,1,,,,,
SUMO1,ENSG00000116030,202206171.0,202238604.0,2,(-),small ubiquitin like modifier 1,,X,5,0,,,,,
UQCC3,ENSG00000204922,62670273.0,62674001.0,11,(+),ubiquinol-cytochrome c reductase complex assembly factor 3,,X,5,0,,,,,
SSBP4,ENSG00000130511,18418864.0,18434563.0,19,(+),single stranded DNA binding protein 4,X,X,5; 18,1,,,,,
JAGN1,ENSG00000171135,9890569.0,9894349.0,3,(+),jagunal vesicle mediated transporter 1,,X,5,0,,,,,
NDUFS6,ENSG00000145494,1801363.0,1816051.0,5,(+),NADH:ubiquinone oxidoreductase subunit S6,X,X,5; 18,1,,,,,
TXNL1,ENSG00000091164,56597209.0,56651600.0,18,(-),thioredoxin like 1,,X,5,0,,,,,
SURF2,ENSG00000148291,133356520.0,133362917.0,9,(+),surfeit 2,,X,5,0,,,,,
ARL6IP4,ENSG00000182196,122980045.0,122983480.0,12,(+),ARF like GTPase 6 interacting protein 4,,X,5,0,,,,,
MRPL52,ENSG00000172590,22829871.0,22836024.0,14,(+),mitochondrial ribosomal protein L52,,X,5,0,,,,,
POLR2G,ENSG00000168002,62761453.0,62766715.0,11,(+),RNA polymerase II subunit G,,X,5,0,,,,,
HINT1,ENSG00000169567,131155383.0,131224468.0,5,(-),histidine triad nucleotide binding protein 1,X,X,4; 5; 18,1,,,,,
WASH6P,ENSG00000292372,57207346.0,57212230.0,Y,(+),"WASP family homolog 6, pseudogene",,X,4; 5,0,,,,,
TTC1,ENSG00000113312,160009100.0,160065550.0,5,(+),tetratricopeptide repeat domain 1,,X,5,0,,,,,
CHCHD2,ENSG00000106153,56094567.0,56106531.0,7,(-),coiled-coil-helix-coiled-coil-helix domain containing 2,X,X,5; 18,1,,,,,
LSM10,ENSG00000181817,36388814.0,36397945.0,1,(-),"LSM10, U7 small nuclear RNA associated",,X,5,0,,,,,
PRDX4,ENSG00000123131,23664262.0,23700980.0,X,(+),peroxiredoxin 4,,X,5,0,,,,,
CRIP1,ENSG00000213145,105480346.0,105488947.0,14,(+),cysteine rich protein 1,X,X,5; 18,1,,,,,
RPS16,ENSG00000105193,39433136.0,39436131.0,19,(-),ribosomal protein S16,X,X,5; 18,1,,,,,
DNAJC8,ENSG00000126698,28198626.0,28233087.0,1,(-),DnaJ heat shock protein family (Hsp40) member C8,,X,5,0,,,,,
POLR2F,ENSG00000100142,37952607.0,38041932.0,22,(+),"RNA polymerase II, I and III subunit F",,X,5,0,,,,,
NSMCE1,ENSG00000169189,27222306.0,27268788.0,16,(-),NSE1 component of SMC5/6 complex,X,X,5; 18,1,,,,,
NDUFA11,ENSG00000174886,5891207.0,5904006.0,19,(-),NADH:ubiquinone oxidoreductase subunit A11,X,X,5; 18,1,,,,,
IDH3B,ENSG00000101365,2658393.0,2664219.0,20,(-),isocitrate dehydrogenase (NAD(+)) 3 non-catalytic subunit beta,,X,5,0,,,,,
TOMM6,ENSG00000214736,41787620.0,41872570.0,6,(+),translocase of outer mitochondrial membrane 6,,X,5,0,,,,,
SUMO2,ENSG00000188612,75165586.0,75182991.0,17,(-),small ubiquitin like modifier 2,X,X,5; 18,1,,,,,
PPA2,ENSG00000138777,105357684.0,105474113.0,4,(-),inorganic pyrophosphatase 2,,X,5,0,,,,,
ALG5,ENSG00000120697,36949564.0,37000763.0,13,(-),ALG5 dolichyl-phosphate beta-glucosyltransferase,,X,5,0,,,,,
THAP7,ENSG00000184436,20999104.0,21002196.0,22,(-),THAP domain containing 7,,X,5,0,,,,,
SNRPC,ENSG00000124562,34757097.0,34774045.0,6,(+),small nuclear ribonucleoprotein polypeptide C,,X,5,0,,,,,
RPS20,ENSG00000008988,56020034.0,56074575.0,8,(-),ribosomal protein S20,X,X,5; 18,1,,,,,
TMEM141,ENSG00000244187,136791303.0,136793317.0,9,(+),transmembrane protein 141,,X,5,0,,,,,
COPS9,ENSG00000172428,240126563.0,240136807.0,2,(-),COP9 signalosome subunit 9,X,X,5; 18,1,,,,,
ATP8A2P3,ENSG00000233963,26094724.0,26154175.0,13,(-),ATPase phospholipid transporting 8A2 pseudogene 3,,X,5,0,,,,,
ANAPC15,ENSG00000110200,72106370.0,72113688.0,11,(-),anaphase promoting complex subunit 15,,X,5,0,,,,,
SHLD1,ENSG00000171984,5750334.0,5865795.0,20,(+),shieldin complex subunit 1,,X,5,0,,,,,
RBM34,ENSG00000188739,235131183.0,235161627.0,1,(-),RNA binding motif protein 34,,X,5,0,,,,,
RFNG,ENSG00000169733,82047902.0,82051871.0,17,(-),RFNG O-fucosylpeptide 3-beta-N-acetylglucosaminyltransferase,,X,5,0,,,,,
MRPS28,ENSG00000147586,79918401.0,80030376.0,8,(-),mitochondrial ribosomal protein S28,,X,5,0,,,,,
MAF1,ENSG00000179632,144103112.0,144107618.0,8,(+),MAF1 negative regulator of RNA polymerase III,,X,5,0,,,,,
RPLP1,ENSG00000137818,69452656.0,69456205.0,15,(+),ribosomal protein lateral stalk subunit P1,X,X,5; 18,1,,,,,
ZFAS1,ENSG00000177410,49277054.0,49299600.0,20,(+),ZNFX1 antisense RNA 1,,X,5,0,,,,,
PRR22,ENSG00000212123,5782960.0,5784752.0,19,(-),proline rich 22,,X,5,0,,,,,
NDUFB8,ENSG00000166136,100523668.0,100530000.0,10,(-),NADH:ubiquinone oxidoreductase subunit B8,X,X,5; 18,1,,,,,
SF3B5,ENSG00000169976,144094884.0,144095573.0,6,(-),splicing factor 3b subunit 5,,X,5,0,,,,,
NTMT1,ENSG00000148335,129587810.0,129636744.0,9,(+),N-terminal Xaa-Pro-Lys N-methyltransferase 1,,X,5,0,,,,,
HRAS,ENSG00000174775,532242.0,537343.0,11,(-),"HRas proto-oncogene, GTPase",,X,5,0,,,,,
NDUFC2,ENSG00000151366,78068297.0,78081871.0,11,(-),NADH:ubiquinone oxidoreductase subunit C2,X,X,5; 18,1,,,,,
CENPX,ENSG00000169689,82018590.0,82024107.0,17,(-),centromere protein X,X,X,5; 18,1,,,,,
SDHB,ENSG00000117118,17018664.0,17054210.0,1,(-),succinate dehydrogenase complex iron sulfur subunit B,,X,5,0,,,,,
BAG1,ENSG00000107262,33247820.0,33264720.0,9,(-),BAG cochaperone 1,,X,5,0,,,,,
MZT2B,ENSG00000152082,130181737.0,130190729.0,2,(+),mitotic spindle organizing protein 2B,X,X,5; 18,1,,,,,
EEF1D,ENSG00000104529,143579697.0,143599541.0,8,(-),eukaryotic translation elongation factor 1 delta,X,X,5; 18,1,,,,,
RPLP2,ENSG00000177600,799414.0,812891.0,11,(+),ribosomal protein lateral stalk subunit P2,X,X,5; 18,1,,,,,
TUBA1B,ENSG00000123416,49127780.0,49131398.0,12,(-),tubulin alpha 1b,X,X,5; 18,1,,,,,
GPS1,ENSG00000169727,82050691.0,82058063.0,17,(+),G protein pathway suppressor 1,,X,5,0,,,,,
HAX1,ENSG00000143575,154272326.0,154275882.0,1,(+),HCLS1 associated protein X-1,,X,5,0,,,,,
ZNF622,ENSG00000173545,16451511.0,16465811.0,5,(-),zinc finger protein 622,,X,5,0,,,,,
RPS27,ENSG00000177954,153990749.0,153992344.0,1,(+),ribosomal protein S27,X,X,4; 5; 18,1,,,,,
TSSC4,ENSG00000184281,2400488.0,2403878.0,11,(+),tumor suppressing subtransferable candidate 4,,X,5,0,,,,,
DHPS,ENSG00000095059,12673411.0,12681901.0,19,(-),deoxyhypusine synthase,,X,5,0,,,,,
CFAP410,ENSG00000160226,44328943.0,44339427.0,21,(-),cilia and flagella associated protein 410,,X,5,0,,,,,
MTFP1,ENSG00000242114,30425623.0,30429058.0,22,(+),mitochondrial fission process 1,,X,5,0,,,,,
ECI1,ENSG00000167969,2239376.0,2252300.0,16,(-),enoyl-CoA delta isomerase 1,X,X,5; 18,1,,,,,
INSL3,ENSG00000248099,17816512.0,17821574.0,19,(-),insulin like 3,,X,5,0,,,,,
FASTK,ENSG00000164896,151076585.0,151080881.0,7,(-),Fas activated serine/threonine kinase,,X,4; 5,0,,,,,
EIF3K,ENSG00000178982,38619055.0,38636959.0,19,(+),eukaryotic translation initiation factor 3 subunit K,,X,5,0,,,,,
MRPL41,ENSG00000182154,137550424.0,137552555.0,9,(+),mitochondrial ribosomal protein L41,,X,5,0,,,,,
HAUS7,ENSG00000213397,153447655.0,153495529.0,X,(-),HAUS augmin like complex subunit 7,,X,5,0,,,,,
PSMC4,ENSG00000013275,39970990.0,39982814.0,19,(+),"proteasome 26S subunit, ATPase 4",,X,5,0,,,,,
RPL37A,ENSG00000197756,216498797.0,216580097.0,2,(+),ribosomal protein L37a,X,X,5; 18,1,,,,,
MRPS21,ENSG00000266472,150293848.0,150309828.0,1,(+),mitochondrial ribosomal protein S21,,X,5,0,,,,,
NDUFAF3,ENSG00000178057,49020459.0,49027593.0,3,(+),NADH:ubiquinone oxidoreductase complex assembly factor 3,,X,5,0,,,,,
H2AZ1,ENSG00000164032,99948051.0,99950540.0,4,(-),H2A.Z variant histone 1,X,X,5; 18,1,,,,,
EIF3I,ENSG00000084623,32221077.0,32245397.0,1,(+),eukaryotic translation initiation factor 3 subunit I,,X,5,0,,,,,
EXOSC4,ENSG00000178896,144078560.0,144081408.0,8,(+),exosome component 4,,X,5,0,,,,,
SNHG19,ENSG00000260260,2151103.0,2155672.0,16,(-),small nucleolar RNA host gene 19,,X,5,0,,,,,
RPA2,ENSG00000117748,27891524.0,27914751.0,1,(-),replication protein A2,,X,5,0,,,,,
NELFE,ENSG00000204356,31952087.0,31959079.0,6,(-),negative elongation factor complex member E,,X,5,0,,,,,
CIAO2B,ENSG00000166595,66931938.0,66934929.0,16,(-),cytosolic iron-sulfur assembly component 2B,,X,5,0,,,,,
PRRX2,ENSG00000167157,129665524.0,129722674.0,9,(+),paired related homeobox 2,,X,5,0,,,,,
TATDN1,ENSG00000147687,124488485.0,124539458.0,8,(-),TatD DNase domain containing 1,,X,5,0,,,,,
CCDC12,ENSG00000160799,46916634.0,46982010.0,3,(-),coiled-coil domain containing 12,,X,5,0,,,,,
COA6,ENSG00000168275,234373438.0,234385080.0,1,(+),cytochrome c oxidase assembly factor 6,,X,5,0,,,,,
RPL7A,ENSG00000148303,133347950.0,133351435.0,9,(+),ribosomal protein L7a,X,X,5; 18,1,,,,,
RPL12,ENSG00000197958,127447422.0,127452094.0,9,(-),ribosomal protein L12,X,X,5; 18,1,,,,,
URM1,ENSG00000167118,128371341.0,128392017.0,9,(+),ubiquitin related modifier 1,,X,5,0,,,,,
RTRAF,ENSG00000087302,51989441.0,52012737.0,14,(+),"RNA transcription, translation and transport factor",,X,5,0,,,,,
SNRPB,ENSG00000125835,2461634.0,2470884.0,20,(-),small nuclear ribonucleoprotein polypeptides B and B1,X,X,5; 18,1,,,,,
IGBP1,ENSG00000089289,70133345.0,70166327.0,X,(+),immunoglobulin binding protein 1,,X,5,0,,,,,
TMSB4Y,ENSG00000154620,13702892.0,13707652.0,Y,(+),thymosin beta 4 Y-linked,,X,4; 5,0,,,,,
SELENOH,ENSG00000211450,57741491.0,57743554.0,11,(+),selenoprotein H,X,X,5; 18,1,,,,,
PYM1,ENSG00000170473,55901413.0,55932618.0,12,(-),PYM1 exon junction complex associated factor,,X,5,0,,,,,
SAC3D1,ENSG00000168061,65040897.0,65047320.0,11,(+),SAC3 domain containing 1,X,X,5; 18,1,,,,,
NDUFB7,ENSG00000099795,14566078.0,14572079.0,19,(-),NADH:ubiquinone oxidoreductase subunit B7,,X,5,0,,,,,
RSPO4,ENSG00000101282,958452.0,1002510.0,20,(-),R-spondin 4,,X,5,0,,,,,
ATP5MG,ENSG00000167283,118401345.0,118433278.0,11,(+),ATP synthase membrane subunit g,X,X,5; 18,1,,,,,
FAAP20,ENSG00000162585,2184411.0,2212720.0,1,(-),FA core complex associated protein 20,,X,5,0,,,,,
PMVK,ENSG00000163344,154924732.0,154937008.0,1,(-),phosphomevalonate kinase,,X,5,0,,,,,
CKLF,ENSG00000217555,66552563.0,66566251.0,16,(+),chemokine like factor,X,X,5; 13; 18,1,,,,,
FAM174C,ENSG00000228300,1276021.0,1279244.0,19,(+),family with sequence similarity 174 member C,,X,5,0,,,,,
BRMS1,ENSG00000174744,66337332.0,66345136.0,11,(-),BRMS1 transcriptional repressor and anoikis regulator,,X,5,0,,,,,
RPL23,ENSG00000125691,38847860.0,38868644.0,17,(-),ribosomal protein L23,X,X,5; 13; 18,1,,,,,
MALSU1,ENSG00000156928,23298739.0,23311729.0,7,(+),mitochondrial assembly of ribosomal large subunit 1,,X,5,0,,,,,
PRPF31,ENSG00000105618,54115410.0,54131719.0,19,(+),pre-mRNA processing factor 31,,X,5,0,,,,,
ISY1,ENSG00000240682,129127415.0,129161349.0,3,(-),ISY1 spliceosome associated protein,,X,5,0,,,,,
GEMIN7,ENSG00000142252,45075575.0,45091518.0,19,(+),gem nuclear organelle associated protein 7,,X,5,0,,,,,
HES6,ENSG00000144485,238237903.0,238240680.0,2,(-),hes family bHLH transcription factor 6,,X,5,0,,,,,
PTPMT1,ENSG00000110536,47565430.0,47573461.0,11,(+),protein tyrosine phosphatase mitochondrial 1,,X,5,0,,,,,
OR7E38P,ENSG00000183444,97966090.0,97967074.0,7,(-),olfactory receptor family 7 subfamily E member 38 pseudogene,,X,5,0,,,,,
DIABLO,ENSG00000184047,122207394.0,122226083.0,12,(-),diablo IAP-binding mitochondrial protein,,X,5,0,,,,,
SYNGR2,ENSG00000108639,78168545.0,78176005.0,17,(+),synaptogyrin 2,,X,5,0,,,,,
COX6A1,ENSG00000111775,120438090.0,120440742.0,12,(+),cytochrome c oxidase subunit 6A1,X,X,5; 18,1,,,,,
ZNF511,ENSG00000198546,133308885.0,133313163.0,10,(+),zinc finger protein 511,,X,5,0,,,,,
RPL13A,ENSG00000142541,49487510.0,49493057.0,19,(+),ribosomal protein L13a,X,X,4; 5; 18,1,,,,,
BLOC1S2,ENSG00000196072,100272797.0,100286708.0,10,(-),biogenesis of lysosomal organelles complex 1 subunit 2,,X,5,0,,,,,
AURKAIP1,ENSG00000175756,1373710.0,1375521.0,1,(-),aurora kinase A interacting protein 1,,X,5,0,,,,,
NDUFS7,ENSG00000115286,1383527.0,1395590.0,19,(+),NADH:ubiquinone oxidoreductase core subunit S7,,X,5,0,,,,,
NDUFS8,ENSG00000110717,68030617.0,68036649.0,11,(+),NADH:ubiquinone oxidoreductase core subunit S8,,X,5,0,,,,,
PFDN6,ENSG00000204220,33288680.0,33298441.0,6,(+),prefoldin subunit 6,,X,5,0,,,,,
GTF2F1,ENSG00000125651,6379545.0,6393981.0,19,(-),general transcription factor IIF subunit 1,,X,5,0,,,,,
LSM1,ENSG00000175324,38161436.0,38176730.0,8,(-),"LSM1 homolog, mRNA degradation associated",,X,5,0,,,,,
CCNQ,ENSG00000262919,153587925.0,153600045.0,X,(-),cyclin Q,,X,5,0,,,,,
SNRPA,ENSG00000077312,40750585.0,40765393.0,19,(+),small nuclear ribonucleoprotein polypeptide A,X,X,5; 18,1,,,,,
POLR2L,ENSG00000177700,837356.0,842727.0,11,(-),"RNA polymerase II, I and III subunit L",X,X,5; 18,1,,,,,
LAGE3,ENSG00000196976,154477598.0,154479291.0,X,(-),L antigen family member 3,X,X,5; 18,1,,,,,
CNPY2,ENSG00000257727,56308024.0,56316363.0,12,(-),canopy FGF signaling regulator 2,,X,5,0,,,,,
VHL,ENSG00000134086,10141764.0,10153676.0,3,(+),von Hippel-Lindau tumor suppressor,,X,5,0,,,,,
VEGFB,ENSG00000173511,64234406.0,64239264.0,11,(+),vascular endothelial growth factor B,X,X,5; 18,1,,,,,
RWDD1,ENSG00000111832,116571386.0,116598204.0,6,(+),RWD domain containing 1,X,X,5; 13,1,,,,,
ARMH1,ENSG00000198520,44674692.0,44725591.0,1,(+),armadillo like helical domain containing 1,X,X,5; 18,1,,,,,
MDH1,ENSG00000014641,63588557.0,63607273.0,2,(+),malate dehydrogenase 1,X,X,5; 18,1,,,,,
SF3B6,ENSG00000115128,24066654.0,24076476.0,2,(-),splicing factor 3b subunit 6,,X,5,0,,,,,
POLR2I,ENSG00000105258,36111817.0,36115213.0,19,(-),RNA polymerase II subunit I,,X,5,0,,,,,
COMMD6,ENSG00000188243,75525214.0,75549439.0,13,(-),COMM domain containing 6,X,X,5; 18,1,,,,,
POP4,ENSG00000105171,29606283.0,29617237.0,19,(+),POP4 ribonuclease P/MRP subunit,,X,5,0,,,,,
SDF2L1,ENSG00000128228,21642261.0,21644299.0,22,(+),stromal cell derived factor 2 like 1,,X,5,0,,,,,
USE1,ENSG00000053501,17215337.0,17220245.0,19,(+),unconventional SNARE in the ER 1,,X,5,0,,,,,
PSMG3,ENSG00000157778,1567332.0,1571078.0,7,(-),proteasome assembly chaperone 3,,X,5,0,,,,,
PAXX,ENSG00000310560,136992400.0,136994074.0,9,(+),PAXX non-homologous end joining factor,,X,5,0,,,,,
RPL38,ENSG00000172809,74202841.0,74212852.0,17,(+),ribosomal protein L38,X,X,5; 18,1,,,,,
PDCD5,ENSG00000105185,32581062.0,32587453.0,19,(+),programmed cell death 5,X,X,5; 18,1,,,,,
SNRPB2,ENSG00000125870,16729958.0,16742564.0,20,(+),small nuclear ribonucleoprotein polypeptide B2,X,X,5; 18,1,,,,,
RPS10,ENSG00000124614,34417447.0,34426237.0,6,(-),ribosomal protein S10,,X,5,0,,,,,
RPL36A,ENSG00000241343,101390824.0,101396155.0,X,(+),ribosomal protein L36a,X,X,5; 18,1,,,,,
THAP4,ENSG00000176946,241584405.0,241637581.0,2,(-),THAP domain containing 4,,X,5,0,,,,,
LSM7,ENSG00000130332,2321507.0,2328630.0,19,(-),"LSM7 homolog, U6 small nuclear RNA and mRNA degradation associated",,X,5,0,,,,,
SCNM1,ENSG00000163156,151156664.0,151179006.0,1,(+),sodium channel modifier 1,,X,5,0,,,,,
LSM4,ENSG00000130520,18306231.0,18323112.0,19,(-),"LSM4 homolog, U6 small nuclear RNA and mRNA degradation associated",X,X,5; 18,1,,,,,
TMEM14B,ENSG00000137210,10747695.0,10866590.0,6,(+),transmembrane protein 14B,,X,5,0,,,,,
VDAC3,ENSG00000078668,42391624.0,42407493.0,8,(+),voltage dependent anion channel 3,X,X,5; 18,1,,,,,
PARL,ENSG00000175193,183826489.0,183884933.0,3,(-),presenilin associated rhomboid like,,X,5,0,,,,,
LRR1,ENSG00000165501,49598480.0,49614673.0,14,(+),leucine rich repeat protein 1,X,X,5; 18,1,,,,,
MTLN,ENSG00000175701,110211528.0,110245420.0,2,(-),mitoregulin,,X,5,0,,,,,
PBDC1,ENSG00000102390,76172863.0,76194595.0,X,(+),polysaccharide biosynthesis domain containing 1,,X,5,0,,,,,
RPS11,ENSG00000142534,49496233.0,49499903.0,19,(+),ribosomal protein S11,X,X,5; 18,1,,,,,
ATP5F1D,ENSG00000099624,1241734.0,1244828.0,19,(+),ATP synthase F1 subunit delta,,X,5,0,,,,,
OSTC,ENSG00000198856,108650577.0,108668418.0,4,(+),oligosaccharyltransferase complex non-catalytic subunit,X,X,5; 18,1,,,,,
SNRPD2,ENSG00000125743,45677907.0,45692569.0,19,(-),small nuclear ribonucleoprotein D2 polypeptide,X,X,4; 5; 18,1,,,,,
COX4I1,ENSG00000131143,85798633.0,85810195.0,16,(+),cytochrome c oxidase subunit 4I1,X,X,5; 18,1,,,,,
FKBP3,ENSG00000100442,45112188.0,45135319.0,14,(-),FKBP prolyl isomerase 3,,X,5,0,,,,,
RPL29,ENSG00000162244,51993522.0,51996021.0,3,(-),ribosomal protein L29,X,X,5; 18,1,,,,,
MRPL18,ENSG00000112110,159789812.0,159799027.0,6,(+),mitochondrial ribosomal protein L18,X,X,5; 18,1,,,,,
BTBD6,ENSG00000184887,105248533.0,105251125.0,14,(+),BTB domain containing 6,X,X,5; 18,1,,,,,
EIF3H,ENSG00000147677,116642130.0,116766925.0,8,(-),eukaryotic translation initiation factor 3 subunit H,X,X,5; 18,1,,,,,
SART1,ENSG00000175467,65961681.0,65980137.0,11,(+),"spliceosome associated factor 1, recruiter of U4/U6.U5 tri-snRNP",,X,5,0,,,,,
ZNRD2,ENSG00000173465,65570459.0,65574203.0,11,(+),zinc ribbon domain containing 2,,X,5,0,,,,,
UBA52,ENSG00000221983,18571722.0,18577550.0,19,(+),ubiquitin A-52 residue ribosomal protein fusion product 1,X,X,5; 18,1,,,,,
RPS4X,ENSG00000198034,72255661.0,72277344.0,X,(-),ribosomal protein S4 X-linked,X,X,5; 18,1,,,,,
MICOS13,ENSG00000174917,5678414.0,5680940.0,19,(-),mitochondrial contact site and cristae organizing system subunit 13,,X,5,0,,,,,
NAA10,ENSG00000102030,153928799.0,153935083.0,X,(-),"N-alpha-acetyltransferase 10, NatA catalytic subunit",,X,5,0,,,,,
MRFAP1,ENSG00000179010,6640091.0,6642731.0,4,(+),Morf4 family associated protein 1,,X,5,0,,,,,
BABAM1,ENSG00000105393,17267343.0,17281249.0,19,(+),BRISC and BRCA1 A complex member 1,,X,5,0,,,,,
LINC03018,ENSG00000254139,57746126.0,57750199.0,8,(+),long intergenic non-protein coding RNA 3018,,X,5,0,,,,,
STK32C,ENSG00000165752,132207483.0,132331894.0,10,(-),serine/threonine kinase 32C,,X,5,0,,,,,
FAU,ENSG00000149806,65120182.0,65122221.0,11,(-),FAU ubiquitin like and ribosomal protein S30 fusion,X,X,5; 18,1,,,,,
C1DP5,ENSG00000254965,83111060.0,83111442.0,11,(-),C1D nuclear receptor corepressor pseudogene 5,,X,5,0,,,,,
KARS1,ENSG00000065427,75624160.0,75648663.0,16,(-),lysyl-tRNA synthetase 1,,X,5,0,,,,,
FDX2,ENSG00000267673,10309898.0,10316026.0,19,(-),ferredoxin 2,,X,5,0,,,,,
GET3,ENSG00000198356,12737139.0,12748325.0,19,(+),"guided entry of tail-anchored proteins factor 3, ATPase",,X,5,0,,,,,
CYTOR,ENSG00000222041,87454781.0,87636740.0,2,(+),cytoskeleton regulator RNA,,X,5,0,,,,,
AATF,ENSG00000275700,36948925.0,37056874.0,17,(+),apoptosis antagonizing transcription factor,,X,5,0,,,,,
DCXR,ENSG00000169738,82035136.0,82037777.0,17,(-),dicarbonyl and L-xylulose reductase,X,X,5; 18,1,,,,,
PUF60,ENSG00000179950,143816344.0,143830709.0,8,(-),poly(U) binding splicing factor 60,,X,5,0,,,,,
GPATCH3,ENSG00000198746,26890488.0,26900478.0,1,(-),G-patch domain containing 3,,X,5,0,,,,,
TXNL4A,ENSG00000141759,79970691.0,80033949.0,18,(-),thioredoxin like 4A,,X,4; 5,0,,,,,
NAT14,ENSG00000090971,55484949.0,55487578.0,19,(+),N-acetyltransferase 14 (putative),,X,5,0,,,,,
PTRHD1,ENSG00000184924,24788911.0,24793395.0,2,(-),peptidyl-tRNA hydrolase domain containing 1,X,X,5; 18,1,,,,,
SPRYD3,ENSG00000167778,53064316.0,53079414.0,12,(-),SPRY domain containing 3,,X,5,0,,,,,
R3HCC1,ENSG00000104679,23270120.0,23296279.0,8,(+),R3H domain and coiled-coil containing 1,,X,5,0,,,,,
COA3,ENSG00000183978,42793154.0,42798719.0,17,(-),cytochrome c oxidase assembly factor 3,X,X,5; 18,1,,,,,
FUNDC2,ENSG00000165775,155025980.0,155065641.0,X,(+),FUN14 domain containing 2,,X,5,0,,,,,
RPL13,ENSG00000167526,89560637.0,89567834.0,16,(+),ribosomal protein L13,X,X,4; 5; 18,1,,,,,
THAP3,ENSG00000041988,6624845.0,6635612.0,1,(+),THAP domain containing 3,,X,5,0,,,,,
BBLN,ENSG00000171159,128160219.0,128163928.0,9,(+),bublin coiled coil protein,,X,5,0,,,,,
NOP53,ENSG00000105373,47745481.0,47758208.0,19,(+),NOP53 ribosome biogenesis factor,X,X,5; 18,1,,,,,
TMEM147,ENSG00000105677,35545600.0,35547527.0,19,(+),transmembrane protein 147,,X,5,0,,,,,
YIF1A,ENSG00000174851,66284253.0,66289688.0,11,(-),"Yip1 interacting factor homolog A, membrane trafficking protein",,X,5,0,,,,,
POLR2E,ENSG00000099817,1085104.0,1095486.0,19,(-),"RNA polymerase II, I and III subunit E",X,X,4; 5; 18,1,,,,,
MRPL33,ENSG00000243147,27771683.0,27781484.0,2,(+),mitochondrial ribosomal protein L33,,X,5,0,,,,,
CWC15,ENSG00000150316,94962620.0,94975715.0,11,(-),CWC15 spliceosome associated protein,,X,5,0,,,,,
TIMM10,ENSG00000134809,57524761.0,57531031.0,11,(-),translocase of inner mitochondrial membrane 10,,X,5,0,,,,,
ZNF428,ENSG00000131116,43607223.0,43619914.0,19,(-),zinc finger protein 428,,X,5,0,,,,,
COMMD3,ENSG00000148444,22315980.0,22320430.0,10,(+),COMM domain containing 3,,X,5,0,,,,,
EMC6,ENSG00000127774,3668794.0,3672835.0,17,(+),ER membrane protein complex subunit 6,,X,5,0,,,,,
JTB,ENSG00000143543,153974269.0,153978011.0,1,(-),jumping translocation breakpoint,,X,5,0,,,,,
SMPD2,ENSG00000135587,109440678.0,109446515.0,6,(+),sphingomyelin phosphodiesterase 2,,X,5,0,,,,,
MRPS15,ENSG00000116898,36455718.0,36464418.0,1,(-),mitochondrial ribosomal protein S15,,X,5,0,,,,,
PRADC1,ENSG00000135617,73228008.0,73233262.0,2,(-),protease associated domain containing 1,,X,5,0,,,,,
MRPL20,ENSG00000242485,1401907.0,1407306.0,1,(-),mitochondrial ribosomal protein L20,,X,5,0,,,,,
SLX9,ENSG00000160256,44939938.0,44977014.0,21,(+),SLX9 ribosome biogenesis factor,,X,5,0,,,,,
LSM2,ENSG00000204392,31797019.0,31806992.0,6,(-),"LSM2 homolog, U6 small nuclear RNA and mRNA degradation associated",X,X,5; 18,1,,,,,
B3GAT3,ENSG00000149541,62614993.0,62622180.0,11,(-),"beta-1,3-glucuronyltransferase 3",,X,5,0,,,,,
MRPL21,ENSG00000197345,68862382.0,68903841.0,11,(-),mitochondrial ribosomal protein L21,,X,5,0,,,,,
CLPP,ENSG00000125656,6361427.0,6370242.0,19,(+),caseinolytic mitochondrial matrix peptidase proteolytic subunit,,X,5,0,,,,,
RANGRF,ENSG00000108961,8288631.0,8290092.0,17,(+),RAN guanine nucleotide release factor,,X,5,0,,,,,
MRPL43,ENSG00000055950,100968131.0,100990450.0,10,(-),mitochondrial ribosomal protein L43,,X,5,0,,,,,
PSMC3,ENSG00000165916,47418765.0,47426488.0,11,(-),"proteasome 26S subunit, ATPase 3",X,X,5; 18,1,,,,,
ALYREF,ENSG00000183684,81887830.0,81891835.0,17,(-),Aly/REF export factor,X,X,5; 18,1,,,,,
GTF2A2,ENSG00000140307,59638058.0,59657541.0,15,(-),general transcription factor IIA subunit 2,,X,5,0,,,,,
THOC7,ENSG00000163634,63833870.0,63864350.0,3,(-),THO complex subunit 7,,X,5,0,,,,,
SLC39A4,ENSG00000147804,144409742.0,144416894.0,8,(-),solute carrier family 39 member 4,,X,5,0,,,,,
RPL17,ENSG00000265681,49488346.0,49492564.0,18,(-),ribosomal protein L17,X,X,5; 18,1,,,,,
ZFR2,ENSG00000105278,3804024.0,3869055.0,19,(-),zinc finger RNA binding protein 2,,X,5,0,,,,,
TPRKB,ENSG00000144034,73709704.0,73737421.0,2,(-),TP53RK binding protein,,X,5,0,,,,,
PRDX1,ENSG00000117450,45510914.0,45542816.0,1,(-),peroxiredoxin 1,X,X,5; 18,1,,,,,
EIF3G,ENSG00000130811,10115010.0,10119951.0,19,(-),eukaryotic translation initiation factor 3 subunit G,,X,5,0,,,,,
NELFB,ENSG00000188986,137255210.0,137273542.0,9,(+),negative elongation factor complex member B,,X,5,0,,,,,
PSMD9,ENSG00000110801,121888725.0,121918297.0,12,(+),"proteasome 26S subunit, non-ATPase 9",,X,5,0,,,,,
POLE4,ENSG00000115350,74958636.0,75147205.0,2,(+),"DNA polymerase epsilon 4, accessory subunit",,X,5,0,,,,,
RPL18,ENSG00000063177,48615284.0,48619213.0,19,(-),ribosomal protein L18,X,X,5; 18,1,,,,,
SRP19,ENSG00000153037,112861188.0,112898371.0,5,(+),signal recognition particle 19,,X,5,0,,,,,
ATP5PB,ENSG00000116459,111448111.0,111468527.0,1,(+),ATP synthase peripheral stalk-membrane subunit b,X,X,5; 18,1,,,,,
NCAPH2,ENSG00000025770,50508127.0,50524781.0,22,(+),non-SMC condensin II complex subunit H2,X,X,5; 18,1,,,,,
CALM2,ENSG00000143933,47160084.0,47176921.0,2,(-),calmodulin 2,X,X,5; 18,1,,,,,
NDUFV2,ENSG00000178127,9102433.0,9134570.0,18,(+),NADH:ubiquinone oxidoreductase core subunit V2,X,X,5; 18,1,,,,,
PQBP1,ENSG00000102103,48890197.0,48903640.0,X,(+),polyglutamine binding protein 1,,X,5,0,,,,,
EIF3D,ENSG00000100353,36510847.0,36529245.0,22,(-),eukaryotic translation initiation factor 3 subunit D,,X,5,0,,,,,
GFER,ENSG00000127554,1983699.0,1987749.0,16,(+),"growth factor, augmenter of liver regeneration",,X,4; 5,0,,,,,
SDHAF2,ENSG00000167985,61430032.0,61473614.0,11,(+),succinate dehydrogenase complex assembly factor 2,,X,5,0,,,,,
THOC6,ENSG00000131652,3022541.0,3027755.0,16,(+),THO complex subunit 6,,X,5,0,,,,,
MDH2,ENSG00000146701,76048037.0,76067508.0,7,(+),malate dehydrogenase 2,X,X,5; 18,1,,,,,
SSBP1,ENSG00000106028,141731899.0,141787922.0,7,(+),single stranded DNA binding protein 1,,X,5,0,,,,,
NOSIP,ENSG00000142546,49555207.0,49592927.0,19,(-),nitric oxide synthase interacting protein,X,X,5; 18,1,,,,,
GATD3,ENSG00000160221,44133610.0,44210114.0,21,(+),glutamine amidotransferase class 1 domain containing 3,,X,5,0,,,,,
ZNF579,ENSG00000218891,55576774.0,55580921.0,19,(-),zinc finger protein 579,,X,5,0,,,,,
STIP1,ENSG00000168439,64185272.0,64204549.0,11,(+),stress induced phosphoprotein 1,,X,5,0,,,,,
ARHGAP4,ENSG00000089820,153907367.0,153934999.0,X,(-),Rho GTPase activating protein 4,,X,5,0,,,,,
NDUFB10,ENSG00000140990,1959500.0,1962105.0,16,(+),NADH:ubiquinone oxidoreductase subunit B10,X,X,5; 18,1,,,,,
PSMC1,ENSG00000100764,90256506.0,90275429.0,14,(+),"proteasome 26S subunit, ATPase 1",,X,5,0,,,,,
MRPL28,ENSG00000086504,365449.0,371289.0,16,(-),mitochondrial ribosomal protein L28,,X,5,0,,,,,
BUD31,ENSG00000106245,99408610.0,99419618.0,7,(+),BUD31 spliceosome associated protein,,X,5,0,,,,,
POLR1H,ENSG00000066379,30058899.0,30064909.0,6,(+),RNA polymerase I subunit H,,X,5,0,,,,,
NECAB2,ENSG00000103154,83968244.0,84002776.0,16,(+),N-terminal EF-hand calcium binding protein 2,,X,5,0,,,,,
ARHGAP15,ENSG00000075884,143091362.0,143768370.0,2,(+),Rho GTPase activating protein 15,X,X,5; 18,1,,,,,
ATG101,ENSG00000123395,52069246.0,52077495.0,12,(+),autophagy related 101,,X,4; 5,0,,,,,
NDUFAB1,ENSG00000004779,23580952.0,23596328.0,16,(-),NADH:ubiquinone oxidoreductase subunit AB1,,X,5,0,,,,,
COA8,ENSG00000256053,103562355.0,103613948.0,14,(+),cytochrome c oxidase assembly factor 8,,X,5,0,,,,,
MTX1,ENSG00000173171,155208695.0,155213824.0,1,(+),metaxin 1,,X,5,0,,,,,
CISD3,ENSG00000277972,38730151.0,38735605.0,17,(+),CDGSH iron sulfur domain 3,,X,5,0,,,,,
NDUFB6,ENSG00000165264,32552903.0,32573189.0,9,(-),NADH:ubiquinone oxidoreductase subunit B6,X,X,5; 18,1,,,,,
TSR3,ENSG00000007520,1349236.0,1351898.0,16,(-),TSR3 ribosome maturation factor,,X,5,0,,,,,
CENPB,ENSG00000125817,3783851.0,3786740.0,20,(-),centromere protein B,,X,5,0,,,,,
CD2BP2,ENSG00000169217,30341365.0,30355851.0,16,(-),CD2 cytoplasmic tail binding protein 2,,X,5,0,,,,,
SRA1,ENSG00000213523,140536450.0,140557920.0,5,(-),steroid receptor RNA activator 1,,X,5,0,,,,,
SEC22A,ENSG00000121542,123201859.0,123275509.0,3,(+),"SEC22 homolog A, vesicle trafficking protein",,X,5,0,,,,,
RPL28,ENSG00000108107,55383856.0,55403342.0,19,(+),ribosomal protein L28,X,X,5; 18,1,,,,,
REX1BD,ENSG00000006015,18588685.0,18592342.0,19,(+),required for excision 1-B domain containing,,X,5,0,,,,,
CCDC85B,ENSG00000175602,65890673.0,65891635.0,11,(+),coiled-coil domain containing 85B,,X,5,0,,,,,
GTF3C5,ENSG00000148308,133030675.0,133058503.0,9,(+),general transcription factor IIIC subunit 5,,X,5,0,,,,,
KIR2DS4,ENSG00000221957,54832676.0,54848569.0,19,(+),"killer cell immunoglobulin like receptor, two Ig domains and short cytoplasmic tail 4 (gene/pseudogene)",,X,6,0,,,,,
KYNUP1,ENSG00000261987,19166896.0,19169668.0,17,(-),kynureninase pseudogene 1,,X,6,0,,,,,
DDX6P2,ENSG00000277914,86275493.0,86277262.0,13,(+),DEAD-box helicase 6 pseudogene 2,,X,6,0,,,,,
LGR5,ENSG00000139292,71439795.0,71586310.0,12,(+),leucine rich repeat containing G protein-coupled receptor 5,,X,6,0,,,,,
TRIML2,ENSG00000179046,188091247.0,188109637.0,4,(-),tripartite motif family like 2,,X,6,0,,,,,
GCOM2,ENSG00000227725,68038544.0,68039647.0,4,(+),POLR2M pseudogene 1,,X,6,0,,,,,
ADCY4,ENSG00000129467,24318091.0,24335208.0,14,(-),adenylate cyclase 4,,X,6,0,,,,,
DNAJB13,ENSG00000187726,73951014.0,73970366.0,11,(+),DnaJ heat shock protein family (Hsp40) member B13,,X,6,0,,,,,
CA8,ENSG00000178538,60185412.0,60281573.0,8,(-),carbonic anhydrase 8,,X,6,0,,,,,
SRPK3,ENSG00000184343,153781001.0,153785768.0,X,(+),SRSF protein kinase 3,,X,6,0,,,,,
TRIM55,ENSG00000147573,66126872.0,66175750.0,8,(+),tripartite motif containing 55,,X,6,0,,,,,
CSNK2A3,ENSG00000254598,11351942.0,11353250.0,11,(-),casein kinase 2 alpha 3,,X,6,0,,,,,
DCDC2B,ENSG00000222046,32209079.0,32216196.0,1,(+),doublecortin domain containing 2B,,X,6,0,,,,,
GTF2IP20,ENSG00000272645,223982754.0,223988154.0,1,(-),general transcription factor IIi pseudogene 20,,X,6,0,,,,,
SH3D21,ENSG00000214193,36306314.0,36329340.0,1,(+),SH3 domain containing 21,,X,6,0,,,,,
THSD7A,ENSG00000005108,11370365.0,11832450.0,7,(-),thrombospondin type 1 domain containing 7A,,X,6,0,,,,,
RPL23P2,ENSG00000176054,28997613.0,28998033.0,21,(-),ribosomal protein L23 pseudogene 2,,X,6,0,,,,,
USP9YP4,ENSG00000238154,9189629.0,9204611.0,Y,(-),USP9Y pseudogene 4,,X,6,0,,,,,
RPS10P5,ENSG00000101278,839447.0,839977.0,20,(-),ribosomal protein S10 pseudogene 5,,X,6,0,,,,,
CICP15,ENSG00000274553,181329049.0,181331839.0,5,(-),capicua transcriptional repressor pseudogene 15,,X,6,0,,,,,
NUTF2P7,ENSG00000229324,71016531.0,71016905.0,X,(-),nuclear transport factor 2 pseudogene 7,,X,6,0,,,,,
OR6K5P,ENSG00000226949,158742146.0,158743415.0,1,(-),olfactory receptor family 6 subfamily K member 5 pseudogene,,X,6,0,,,,,
MTCYBP2,ENSG00000217179,18872102.0,18872272.0,Y,(+),MT-CYB pseudogene 2,,X,6,0,,,,,
VN1R85P,ENSG00000269345,22174766.0,22175191.0,19,(-),vomeronasal 1 receptor 85 pseudogene,,X,6,0,,,,,
TUBA3D,ENSG00000075886,131476118.0,131482935.0,2,(+),tubulin alpha 3d,,X,6,0,,,,,
PEAK3,ENSG00000188305,2274626.0,2282209.0,19,(-),PEAK family member 3,,X,6,0,,,,,
GRM5,ENSG00000168959,88504576.0,89065990.0,11,(-),glutamate metabotropic receptor 5,,X,6,0,,,,,
RPS12P20,ENSG00000244134,72708186.0,72708565.0,11,(+),ribosomal protein S12 pseudogene 20,,X,6,0,,,,,
OR4M1,ENSG00000176299,19773504.0,19783696.0,14,(+),olfactory receptor family 4 subfamily M member 1,,X,6,0,,,,,
RNA5SP217,ENSG00000251768,127317883.0,127317973.0,6,(-),"RNA, 5S ribosomal pseudogene 217",,X,6,0,,,,,
OR2A4,ENSG00000180658,131699644.0,131701401.0,6,(-),olfactory receptor family 2 subfamily A member 4,,X,6,0,,,,,
BMP8A,ENSG00000183682,39491069.0,39529869.0,1,(+),bone morphogenetic protein 8a,,X,6,0,,,,,
CASC4P1,ENSG00000238132,19563589.0,19564900.0,13,(-),GOLM2 pseudogene 1,,X,6,0,,,,,
MTCO1P53,ENSG00000230916,126471705.0,126472403.0,X,(+),MT-CO1 pseudogene 53,,X,6,0,,,,,
PABPC1P1,ENSG00000231707,39973444.0,39974338.0,4,(+),poly(A) binding protein cytoplasmic 1 pseudogene 1,,X,6,0,,,,,
SLC17A7,ENSG00000104888,49429399.0,49443197.0,19,(-),solute carrier family 17 member 7,,X,6,0,,,,,
SFTA3,ENSG00000257520,36473207.0,36521149.0,14,(-),surfactant associated 3,,X,6,0,,,,,
LNCDAT,ENSG00000288638,166167920.0,166171376.0,6,(+),lncRNA divergent activator of TBXT,,X,6,0,,,,,
PRELID3BP5,ENSG00000251656,42908208.0,42908667.0,5,(-),PRELI domain containing 3B pseudogene 5,,X,6,0,,,,,
OR7E22P,ENSG00000179799,75356467.0,75357501.0,3,(-),olfactory receptor family 7 subfamily E member 22 pseudogene,,X,6,0,,,,,
HCG9P5,ENSG00000227758,29748289.0,29748513.0,6,(+),HLA complex group 9 pseudogene 5,,X,6,0,,,,,
PVALEF,ENSG00000225180,81165507.0,81183166.0,17,(+),parvalbumin like EF-hand containing,,X,6,0,,,,,
FAM90A26,ENSG00000229924,9170409.0,9176730.0,4,(+),family with sequence similarity 90 member A26,,X,6,0,,,,,
GLUD1P3,ENSG00000250959,73731176.0,73737311.0,10,(+),glutamate dehydrogenase 1 pseudogene 3,,X,6,0,,,,,
OR5H1,ENSG00000231192,98130721.0,98138548.0,3,(+),olfactory receptor family 5 subfamily H member 1,,X,6,0,,,,,
SEPTIN7P11,ENSG00000255042,50284949.0,50295334.0,11,(-),septin 7 pseudogene 11,,X,6,0,,,,,
MIR3127,ENSG00000264157,96798278.0,96798353.0,2,(+),microRNA 3127,,X,6,0,,,,,
RPLP0P12,ENSG00000267669,59824025.0,59825261.0,18,(+),ribosomal protein lateral stalk subunit P0 pseudogene 12,,X,6,0,,,,,
LINC01347,ENSG00000214837,243087710.0,243097299.0,1,(-),long intergenic non-protein coding RNA 1347,,X,6,0,,,,,
SCG5,ENSG00000166922,32641385.0,32697613.0,15,(+),secretogranin V,,X,6,0,,,,,
BAIAP2L2,ENSG00000128298,38084652.0,38111015.0,22,(-),BAR/IMD domain containing adaptor protein 2 like 2,,X,6,0,,,,,
HSPD1P4,ENSG00000257576,56511002.0,56512703.0,12,(+),heat shock protein family D (Hsp60) member 1 pseudogene 4,,X,6,0,,,,,
ZSCAN5B,ENSG00000197213,56189686.0,56197815.0,19,(-),zinc finger and SCAN domain containing 5B,,X,6,0,,,,,
MIR3192,ENSG00000265137,18470615.0,18470691.0,20,(+),microRNA 3192,,X,6,0,,,,,
CCDC180,ENSG00000197816,97307304.0,97378751.0,9,(+),coiled-coil domain containing 180,,X,6,0,,,,,
DUX4L26,ENSG00000236138,75668931.0,75670185.0,3,(+),double homeobox 4 like 26 (pseudogene),,X,6,0,,,,,
TNNI1,ENSG00000159173,201403784.0,201429866.0,1,(-),"troponin I1, slow skeletal type",,X,6,0,,,,,
ZIM2,ENSG00000269699,56754335.0,56840755.0,19,(-),zinc finger imprinted 2,,X,6,0,,,,,
COL6A5,ENSG00000172752,130345516.0,130484846.0,3,(+),collagen type VI alpha 5 chain,,X,6,0,,,,,
NBPF13P,ENSG00000283342,147099482.0,147124285.0,1,(-),"NBPF member 13, pseudogene",,X,6,0,,,,,
CRISP2,ENSG00000124490,49692358.0,49714703.0,6,(-),cysteine rich secretory protein 2,,X,6,0,,,,,
TTYH1,ENSG00000167614,54415219.0,54436904.0,19,(+),tweety family member 1,,X,6,0,,,,,
CLTRN,ENSG00000147003,15627084.0,15675377.0,X,(-),"collectrin, amino acid transport regulator",,X,6,0,,,,,
TUBA3FP,ENSG00000284130,21007199.0,21014301.0,22,(-),tubulin alpha 3f pseudogene,,X,6,0,,,,,
RPS2P48,ENSG00000233380,53756989.0,53757870.0,17,(-),ribosomal protein S2 pseudogene 48,,X,6,0,,,,,
IL31,ENSG00000204671,122172029.0,122174221.0,12,(-),interleukin 31,,X,6,0,,,,,
OSTCP1,ENSG00000293101,158841117.0,158857632.0,6,(-),oligosaccharyltransferase complex subunit pseudogene 1,,X,6,0,,,,,
NRBF2P4,ENSG00000253228,107983116.0,107983965.0,8,(+),nuclear receptor binding factor 2 pseudogene 4,,X,6,0,,,,,
FAM106A,ENSG00000273018,18511221.0,18625681.0,17,(-),family with sequence similarity 106 member A,,X,6,0,,,,,
TMEFF2,ENSG00000144339,191904245.0,192195246.0,2,(-),transmembrane protein with EGF like and two follistatin like domains 2,,X,6,0,,,,,
SLC24A4,ENSG00000140090,92322581.0,92501481.0,14,(+),solute carrier family 24 member 4,,X,6,0,,,,,
STRA6,ENSG00000137868,74179466.0,74212267.0,15,(-),signaling receptor and transporter of retinol STRA6,,X,6,0,,,,,
MIR4779,ENSG00000265420,86193026.0,86193108.0,2,(-),microRNA 4779,,X,6,0,,,,,
STEAP2,ENSG00000157214,90167590.0,90243408.0,7,(+),STEAP2 metalloreductase,,X,6,0,,,,,
ORM1,ENSG00000229314,114322951.0,114326970.0,9,(+),orosomucoid 1,,X,6,0,,,,,
CKS1BP2,ENSG00000225976,29697935.0,29698174.0,10,(+),CDC28 protein kinase regulatory subunit 1B pseudogene 2,,X,6,0,,,,,
SLC25A34,ENSG00000162461,15736176.0,15741392.0,1,(+),solute carrier family 25 member 34,,X,6,0,,,,,
ELOCP21,ENSG00000226186,70955899.0,70956234.0,2,(-),elongin C pseudogene 21,,X,6,0,,,,,
FAUP1,ENSG00000235297,74389884.0,74390297.0,18,(-),FAU pseudogene 1,,X,6,0,,,,,
ATOH7,ENSG00000179774,68230595.0,68232113.0,10,(-),atonal bHLH transcription factor 7,,X,6,0,,,,,
RND2,ENSG00000108830,43025210.0,43047509.0,17,(+),Rho family GTPase 2,,X,6,0,,,,,
MIR5196,ENSG00000284034,35345513.0,35345627.0,19,(+),microRNA 5196,,X,6,0,,,,,
STAR,ENSG00000147465,38138571.0,38151102.0,8,(-),steroidogenic acute regulatory protein,,X,6,0,,,,,
OR8J3,ENSG00000167822,56134721.0,56140201.0,11,(-),olfactory receptor family 8 subfamily J member 3,,X,6,0,,,,,
OR4F15,ENSG00000182854,101812202.0,101820197.0,15,(+),olfactory receptor family 4 subfamily F member 15,,X,6,0,,,,,
DLEC1,ENSG00000008226,38039190.0,38124025.0,3,(+),DLEC1 cilia and flagella associated protein,,X,6,0,,,,,
YWHAZP4,ENSG00000213131,127355756.0,127356789.0,6,(+),tyrosine 3-monooxygenase/tryptophan 5-monooxygenase activation protein zeta pseudogene 4,,X,6,0,,,,,
TMEM238L,ENSG00000263429,10794908.0,10804104.0,17,(-),transmembrane protein 238 like,,X,6,0,,,,,
H1-8,ENSG00000178804,129543175.0,129551467.0,3,(+),H1.8 linker histone,,X,6,0,,,,,
CENATAC,ENSG00000186166,118998051.0,119015811.0,11,(+),centrosomal AT-AC splicing factor,,X,6,0,,,,,
PRSS12,ENSG00000164099,118280038.0,118353230.0,4,(-),serine protease 12,,X,6,0,,,,,
CYP11A1,ENSG00000140459,74337746.0,74367884.0,15,(-),cytochrome P450 family 11 subfamily A member 1,,X,6,0,,,,,
CT66,ENSG00000234215,69592225.0,69598016.0,7,(-),cancer/testis associated transcript 66,,X,6,0,,,,,
ARFGEF3,ENSG00000112379,138161692.0,138344663.0,6,(+),ARFGEF family member 3,,X,6,0,,,,,
CFAP57,ENSG00000243710,43172326.0,43254358.0,1,(+),cilia and flagella associated protein 57,,X,6,0,,,,,
MYT1,ENSG00000196132,64102222.0,64242253.0,20,(+),myelin transcription factor 1,,X,6,0,,,,,
BSNDP2,ENSG00000274973,25845497.0,25845862.0,20,(+),BSND pseudogene 2,,X,6,0,,,,,
TRIM51EP,ENSG00000237706,89981441.0,89989559.0,11,(-),"tripartite motif-containing 51E, pseudogene",,X,6,0,,,,,
GOLGA2P3Y,ENSG00000172297,25454561.0,25460572.0,Y,(+),GOLGA2 pseudogene 3 Y-linked,,X,6,0,,,,,
NNMT,ENSG00000166741,114257765.0,114360039.0,11,(+),nicotinamide N-methyltransferase,,X,6,0,,,,,
MIR1261,ENSG00000221586,90869121.0,90869202.0,11,(-),microRNA 1261,,X,6,0,,,,,
MTND3P10,ENSG00000233286,120212935.0,120213275.0,2,(+),MT-ND3 pseudogene 10,,X,6,0,,,,,
GRIA4,ENSG00000152578,105609535.0,105982090.0,11,(+),glutamate ionotropic receptor AMPA type subunit 4,,X,6,0,,,,,
WDR91,ENSG00000105875,135183838.0,135211557.0,7,(-),WD repeat domain 91,,X,6,0,,,,,
GCNAP1,ENSG00000256912,9817350.0,9818025.0,12,(-),GCNA pseudogene 1,,X,6,0,,,,,
ASB16,ENSG00000161664,44170447.0,44179373.0,17,(+),ankyrin repeat and SOCS box containing 16,,X,4; 6,0,,,,,
HIGD1B,ENSG00000131097,44844763.0,44850480.0,17,(+),HIG1 hypoxia inducible domain family member 1B,,X,6,0,,,,,
NEPNP,ENSG00000218233,117633706.0,117645087.0,6,(+),"nephrocan, pseudogene",,X,6,0,,,,,
HCG25,ENSG00000232940,33248510.0,33260681.0,6,(+),HLA complex group 25,,X,6,0,,,,,
SH3PXD2A,ENSG00000107957,103594027.0,103855773.0,10,(-),SH3 and PX domains 2A,,X,6,0,,,,,
MTND2P17,ENSG00000258239,41698495.0,41699182.0,12,(-),MT-ND2 pseudogene 17,,X,6,0,,,,,
LRRN4CL,ENSG00000177363,62686406.0,62689609.0,11,(-),LRRN4 C-terminal like,,X,6,0,,,,,
SYT15,ENSG00000204176,46578217.0,46597107.0,10,(+),synaptotagmin 15,,X,6,0,,,,,
MYLK2,ENSG00000101306,31819287.0,31834689.0,20,(+),myosin light chain kinase 2,,X,6,0,,,,,
RBISP1,ENSG00000226209,13308145.0,13308447.0,10,(-),RBIS pseudogene 1,,X,6,0,,,,,
EEF1A1P27,ENSG00000179460,20582072.0,20583206.0,7,(+),eukaryotic translation elongation factor 1 alpha 1 pseudogene 27,,X,6,0,,,,,
MIR646,ENSG00000207802,60308474.0,60308567.0,20,(+),microRNA 646,,X,6,0,,,,,
SRGAP3,ENSG00000196220,8980591.0,9363053.0,3,(-),SLIT-ROBO Rho GTPase activating protein 3,,X,6,0,,,,,
SLC6A6P1,ENSG00000226818,19244543.0,19246392.0,21,(+),solute carrier family 6 member 6 pseudogene 1,,X,6,0,,,,,
GPR31,ENSG00000120436,167155247.0,167157980.0,6,(-),G protein-coupled receptor 31,,X,6,0,,,,,
RPS21P1,ENSG00000229795,235432985.0,235433231.0,1,(+),ribosomal protein S21 pseudogene 1,,X,6,0,,,,,
LENG8,ENSG00000167615,54449157.0,54462022.0,19,(+),leukocyte receptor cluster member 8,,X,6,0,,,,,
HCG27,ENSG00000206344,31197715.0,31211696.0,6,(+),HLA complex group 27,,X,6,0,,,,,
CDHR5,ENSG00000099834,616405.0,626078.0,11,(-),cadherin related family member 5,,X,6,0,,,,,
SKA2P1,ENSG00000232387,122761844.0,122762233.0,9,(+),spindle and kinetochore associated complex subunit 2 pseudogene 1,,X,6,0,,,,,
LIVAR,ENSG00000266304,70335496.0,70337337.0,18,(-),liver cell viability associated lncRNA,,X,6,0,,,,,
DYNLL1P4,ENSG00000257231,113789542.0,113789807.0,12,(-),dynein light chain LC8-type 1 pseudogene 4,,X,6,0,,,,,
PPL,ENSG00000118898,4879449.0,4960741.0,16,(-),periplakin,,X,6,0,,,,,
RARS1P1,ENSG00000257037,27496937.0,27498589.0,12,(+),arginyl-tRNA synthetase 1 pseudogene 1,,X,6,0,,,,,
SYCE2,ENSG00000161860,12898786.0,12919306.0,19,(-),synaptonemal complex central element protein 2,,X,6,0,,,,,
SPRY4,ENSG00000187678,142310420.0,142326455.0,5,(-),sprouty RTK signaling antagonist 4,,X,6,0,,,,,
SLC47A1P2,ENSG00000231625,19615789.0,19633132.0,17,(+),SLC47A1 pseudogene 2,,X,6,0,,,,,
LY6G5B,ENSG00000240053,31669976.0,31673776.0,6,(+),lymphocyte antigen 6 family member G5B,,X,6,0,,,,,
ENTPD2,ENSG00000054179,137048107.0,137054069.0,9,(-),ectonucleoside triphosphate diphosphohydrolase 2,,X,6,0,,,,,
ANO7,ENSG00000146205,241188509.0,241227338.0,2,(+),anoctamin 7,,X,6,0,,,,,
MIR4316,ENSG00000264060,77396984.0,77397054.0,17,(-),microRNA 4316,,X,6,0,,,,,
SOX10,ENSG00000100146,37970686.0,37987422.0,22,(-),SRY-box transcription factor 10,,X,6,0,,,,,
NCLP1,ENSG00000213212,136812788.0,136815536.0,9,(-),nucleolin pseudogene 1,,X,6,0,,,,,
KCND1,ENSG00000102057,48960982.0,48971916.0,X,(-),potassium voltage-gated channel subfamily D member 1,,X,6,0,,,,,
FSHR,ENSG00000170820,48962157.0,49154527.0,2,(-),follicle stimulating hormone receptor,,X,6,0,,,,,
RIPPLY3,ENSG00000183145,37006150.0,37019662.0,21,(+),ripply transcriptional repressor 3,,X,6,0,,,,,
GRTP1,ENSG00000139835,113320007.0,113364165.0,13,(-),growth hormone regulated TBC protein 1,,X,6,0,,,,,
OR7E46P,ENSG00000234485,71037685.0,71038703.0,2,(+),olfactory receptor family 7 subfamily E member 46 pseudogene,,X,6,0,,,,,
FSD1,ENSG00000105255,4304587.0,4323844.0,19,(+),fibronectin type III and SPRY domain containing 1,,X,6,0,,,,,
MIR4736,ENSG00000264399,58335976.0,58336022.0,17,(-),microRNA 4736,,X,6,0,,,,,
FSCN2,ENSG00000186765,81528372.0,81542415.0,17,(+),"fascin actin-bundling protein 2, retinal",,X,6,0,,,,,
RPL3P10,ENSG00000243095,39157538.0,39158701.0,8,(-),ribosomal protein L3 pseudogene 10,,X,6,0,,,,,
PGC,ENSG00000096088,41736703.0,41754109.0,6,(-),progastricsin,,X,6,0,,,,,
AATK,ENSG00000181409,81110487.0,81166228.0,17,(-),apoptosis associated tyrosine kinase,,X,6,0,,,,,
PDE10A,ENSG00000112541,165327287.0,165988117.0,6,(-),phosphodiesterase 10A,,X,6,0,,,,,
PLCXD1,ENSG00000292344,276322.0,303358.0,Y,(+),phosphatidylinositol specific phospholipase C X domain containing 1,,X,6,0,,,,,
PLEKHD1,ENSG00000175985,69484692.0,69531551.0,14,(+),pleckstrin homology and coiled-coil domain containing D1,,X,6,0,,,,,
ANAPC10P1,ENSG00000213735,52253621.0,52254176.0,1,(+),anaphase promoting complex subunit 10 pseudogene 1,,X,6,0,,,,,
MIR181A2HG,ENSG00000224020,124658400.0,124698635.0,9,(+),MIR181A2 host gene,,X,6,0,,,,,
SRSF6P2,ENSG00000235554,16616848.0,16617881.0,17,(-),SRSF6 pseudogene 2,,X,6,0,,,,,
SLC27A2,ENSG00000140284,50182196.0,50236450.0,15,(+),solute carrier family 27 member 2,,X,6,0,,,,,
LRRK1,ENSG00000154237,100918893.0,101078257.0,15,(+),leucine rich repeat kinase 1,,X,6,0,,,,,
PRPF38AP2,ENSG00000236582,17577362.0,17578212.0,10,(+),PRP38 domain containing A pseudogene 2,,X,6,0,,,,,
SRP68P3,ENSG00000237911,20415792.0,20416697.0,17,(-),signal recognition particle 68 pseudogene 3,,X,6,0,,,,,
CCDC33,ENSG00000140481,74202705.0,74336472.0,15,(+),coiled-coil domain containing 33,,X,6,0,,,,,
MTCO1P27,ENSG00000232579,12504665.0,12504890.0,19,(+),MT-CO1 pseudogene 27,,X,6,0,,,,,
GXYLT1P4,ENSG00000275026,66026528.0,66027719.0,9,(-),GXYLT1 pseudogene 4,,X,6,0,,,,,
MYO1H,ENSG00000174527,109347900.0,109455523.0,12,(+),myosin IH,,X,6,0,,,,,
SPINK1,ENSG00000164266,147824572.0,147831679.0,5,(-),serine peptidase inhibitor Kazal type 1,,X,6,0,,,,,
MED14P1,ENSG00000233774,12618983.0,12634402.0,Y,(-),mediator complex subunit 14 pseudogene 1,,X,6,0,,,,,
ZNF454,ENSG00000178187,178940827.0,178966649.0,5,(+),zinc finger protein 454,,X,6,0,,,,,
ACAA2P1,ENSG00000233585,48775993.0,48776970.0,X,(-),ACAA2 pseudogene 1,,X,6,0,,,,,
CCER2,ENSG00000262484,38908980.0,38912252.0,19,(-),coiled-coil glutamate rich protein 2,,X,6,0,,,,,
THNSL2,ENSG00000144115,88170295.0,88189578.0,2,(+),threonine synthase like 2,,X,6,0,,,,,
MRPL45P2,ENSG00000228782,47482992.0,47492459.0,17,(-),mitochondrial ribosomal protein L45 pseudogene 2,,X,6,0,,,,,
SPDYE22P,ENSG00000266537,59174983.0,59181787.0,17,(-),"speedy/RINGO cell cycle regulator family member E22, pseudogene",,X,6,0,,,,,
VSTM4,ENSG00000165633,49014236.0,49115555.0,10,(-),V-set and transmembrane domain containing 4,,X,6,0,,,,,
NANOGP8,ENSG00000255192,35083410.0,35085295.0,15,(-),Nanog homeobox retrogene P8,,X,6,0,,,,,
NOS2P1,ENSG00000265788,27651334.0,27665712.0,17,(-),nitric oxide synthase 2 pseudogene 1,,X,6,0,,,,,
CLCN6,ENSG00000011021,11806096.0,11848080.0,1,(+),chloride voltage-gated channel 6,,X,6,0,,,,,
EGFL8,ENSG00000241404,32163918.0,32171980.0,6,(+),EGF like domain multiple 8,,X,6,0,,,,,
RAPGEFL1,ENSG00000108352,40177010.0,40195656.0,17,(+),Rap guanine nucleotide exchange factor like 1,,X,6,0,,,,,
FGFR2,ENSG00000066468,121478331.0,121598770.0,10,(-),fibroblast growth factor receptor 2,,X,6,0,,,,,
ABAT,ENSG00000183044,8674596.0,8784575.0,16,(+),4-aminobutyrate aminotransferase,,X,6,0,,,,,
GABRR2,ENSG00000111886,89254464.0,89315299.0,6,(-),gamma-aminobutyric acid type A receptor subunit rho2,,X,6,0,,,,,
RPS23P6,ENSG00000241641,12081237.0,12081902.0,16,(+),ribosomal protein S23 pseudogene 6,,X,6,0,,,,,
L3MBTL1,ENSG00000185513,43489442.0,43550954.0,20,(+),L3MBTL histone methyl-lysine binding protein 1,,X,6,0,,,,,
KCNIP3,ENSG00000115041,95297305.0,95386081.0,2,(+),potassium voltage-gated channel interacting protein 3,,X,6,0,,,,,
CYP21A1P,ENSG00000204338,32005689.0,32008399.0,6,(+),"cytochrome P450 family 21 subfamily A member 1, pseudogene",,X,6,0,,,,,
TMEM8B,ENSG00000137103,35814451.0,35865518.0,9,(+),transmembrane protein 8B,,X,6,0,,,,,
OR51I1,ENSG00000167359,5440570.0,5441514.0,11,(-),olfactory receptor family 51 subfamily I member 1,,X,6,0,,,,,
TTTY2,ENSG00000212855,9717162.0,9758661.0,Y,(+),"testis expressed transcript, Y-linked 2",,X,6,0,,,,,
GSDMB,ENSG00000073605,39904595.0,39919854.0,17,(-),gasdermin B,,X,6,0,,,,,
H2BP6,ENSG00000226908,21483834.0,21484174.0,13,(-),H2B histone pseudogene 6,,X,6,0,,,,,
PSG11,ENSG00000243130,43000002.0,43026570.0,19,(-),pregnancy specific beta-1-glycoprotein 11,,X,6,0,,,,,
OR1D3P,ENSG00000262106,3265611.0,3266541.0,17,(+),olfactory receptor family 1 subfamily D member 3 pseudogene,,X,6,0,,,,,
RN7SL391P,ENSG00000265388,6344554.0,6344837.0,12,(+),"RNA, 7SL, cytoplasmic 391, pseudogene",,X,6,0,,,,,
PMS2P9,ENSG00000233448,77039944.0,77043776.0,7,(+),"PMS1 homolog 2, mismatch repair system component pseudogene 9",,X,6,0,,,,,
BEST2,ENSG00000039987,12751673.0,12758458.0,19,(+),bestrophin 2,,X,6,0,,,,,
OLA1P2,ENSG00000213671,20775642.0,20776905.0,17,(+),OLA1 pseudogene 2,,X,6,0,,,,,
DNAH17,ENSG00000187775,78423697.0,78577396.0,17,(-),dynein axonemal heavy chain 17,,X,6,0,,,,,
UVSSA,ENSG00000163945,1345691.0,1395989.0,4,(+),UV stimulated scaffold protein A,,X,6,0,,,,,
MMP13,ENSG00000137745,102942994.0,102955740.0,11,(-),matrix metallopeptidase 13,,X,6,0,,,,,
LSMEM2,ENSG00000179564,50279030.0,50288116.0,3,(+),leucine rich single-pass membrane protein 2,,X,6,0,,,,,
DNAH2,ENSG00000183914,7717728.0,7833742.0,17,(+),dynein axonemal heavy chain 2,,X,6,0,,,,,
RSKR,ENSG00000167524,28455752.0,28614210.0,17,(-),ribosomal protein S6 kinase related,,X,6,0,,,,,
SLC2A10,ENSG00000197496,46709577.0,46737312.0,20,(+),solute carrier family 2 member 10,,X,6,0,,,,,
ADAMTS12,ENSG00000151388,33523535.0,33892113.0,5,(-),ADAM metallopeptidase with thrombospondin type 1 motif 12,,X,6,0,,,,,
CCDC200,ENSG00000236383,43216941.0,43305397.0,17,(-),coiled-coil domain containing 200,,X,6,0,,,,,
SLC9A5,ENSG00000135740,67237683.0,67272191.0,16,(+),solute carrier family 9 member A5,,X,6,0,,,,,
MIR6752,ENSG00000276769,67490245.0,67490315.0,11,(+),microRNA 6752,,X,6,0,,,,,
MIR3667,ENSG00000264139,49543393.0,49543466.0,22,(-),microRNA 3667,,X,6,0,,,,,
UNC5A,ENSG00000113763,176810451.0,176880898.0,5,(+),unc-5 netrin receptor A,,X,6,0,,,,,
HNF1A,ENSG00000135100,120978543.0,121002512.0,12,(+),HNF1 homeobox A,,X,6,0,,,,,
EMX1,ENSG00000135638,72916184.0,72936071.0,2,(+),empty spiracles homeobox 1,,X,6,0,,,,,
MIR6504,ENSG00000275109,81611348.0,81611408.0,16,(+),microRNA 6504,,X,6,0,,,,,
MIR3137,ENSG00000265333,195134506.0,195134580.0,3,(-),microRNA 3137,,X,6,0,,,,,
CDH22,ENSG00000149654,46173737.0,46309009.0,20,(-),cadherin 22,,X,6,0,,,,,
ENPP3,ENSG00000154269,131628292.0,131749043.0,6,(+),ectonucleotide pyrophosphatase/phosphodiesterase 3,,X,6,0,,,,,
MTCO2P21,ENSG00000236689,93926615.0,93927569.0,1,(-),MT-CO2 pseudogene 21,,X,6,0,,,,,
PRSS41,ENSG00000215148,2798470.0,2805304.0,16,(+),serine protease 41,,X,6,0,,,,,
CYP2D7,ENSG00000205702,42140203.0,42149500.0,22,(-),cytochrome P450 family 2 subfamily D member 7 (gene/pseudogene),,X,6,0,,,,,
GOLGA8M,ENSG00000261480,28719377.0,28738431.0,15,(-),golgin A8 family member M,,X,6,0,,,,,
ELAVL3,ENSG00000196361,11451326.0,11481051.0,19,(-),ELAV like RNA binding protein 3,,X,6,0,,,,,
TRIM60P19,ENSG00000235737,66268997.0,66270458.0,13,(+),tripartite motif containing 60 pseudogene 19,,X,6,0,,,,,
ZNF789,ENSG00000198556,99472794.0,99503650.0,7,(+),zinc finger protein 789,,X,6,0,,,,,
RPL12P1,ENSG00000204194,33400059.0,33400556.0,6,(-),ribosomal protein L12 pseudogene 1,,X,6,0,,,,,
RPL12P31,ENSG00000241228,35997226.0,35997675.0,11,(-),ribosomal protein L12 pseudogene 31,,X,6,0,,,,,
ACER1,ENSG00000167769,6306030.0,6333612.0,19,(-),alkaline ceramidase 1,,X,6,0,,,,,
NME5,ENSG00000112981,138114412.0,138139443.0,5,(-),NME/NM23 family member 5,,X,6,0,,,,,
ANKK1,ENSG00000170209,113387774.0,113400585.0,11,(+),ankyrin repeat and kinase domain containing 1,,X,6,0,,,,,
TRPV5,ENSG00000127412,142904277.0,142933746.0,7,(-),transient receptor potential cation channel subfamily V member 5,,X,6,0,,,,,
TMPRSS5,ENSG00000166682,113687543.0,113706390.0,11,(-),transmembrane serine protease 5,,X,6,0,,,,,
PPIEL,ENSG00000243970,39531838.0,39558707.0,1,(-),peptidylprolyl isomerase E like (pseudogene),,X,6,0,,,,,
SYP,ENSG00000102003,49187807.0,49200218.0,X,(-),synaptophysin,,X,6,0,,,,,
TMEM74,ENSG00000164841,108606850.0,108787624.0,8,(-),transmembrane protein 74,,X,6,0,,,,,
ANKRD2,ENSG00000165887,97572495.0,97583896.0,10,(+),ankyrin repeat domain 2,,X,6,0,,,,,
ETFB,ENSG00000105379,51345161.0,51366449.0,19,(-),electron transfer flavoprotein subunit beta,,X,4,0,,,,,
KNTC1,ENSG00000184445,122527246.0,122628182.0,12,(+),kinetochore associated 1,X,X,4; 18,1,,,,,
ASB8,ENSG00000177981,48147789.0,48181213.0,12,(-),ankyrin repeat and SOCS box containing 8,,X,4,0,,,,,
SLC4A1AP,ENSG00000163798,27663426.0,27695756.0,2,(+),solute carrier family 4 member 1 adaptor protein,,X,4,0,,,,,
TMEM44-AS1,ENSG00000231770,194583969.0,194590263.0,3,(+),TMEM44 antisense RNA 1,,X,4,0,,,,,
NAV2,ENSG00000166833,19349903.0,20121601.0,11,(+),neuron navigator 2,,X,4,0,,,,,
SGSM1,ENSG00000167037,24806067.0,24932150.0,22,(+),small G protein signaling modulator 1,,X,4,0,,,,,
SIRPG-AS1,ENSG00000237914,1633508.0,1648472.0,20,(+),SIRPG antisense RNA 1,,X,4,0,,,,,
ACOT9,ENSG00000123130,23699396.0,23766475.0,X,(-),acyl-CoA thioesterase 9,,X,4,0,,,,,
CD48,ENSG00000117091,160678746.0,160711831.0,1,(-),CD48 molecule,,X,4,0,,,,,
ERMARD,ENSG00000130023,169751567.0,169781600.0,6,(+),ER membrane associated RNA degradation,,X,4,0,,,,,
DIPK1B,ENSG00000165716,136712302.0,136724742.0,9,(+),divergent protein kinase domain 1B,,X,4,0,,,,,
LINC01255,ENSG00000267252,11486205.0,11540148.0,18,(+),long intergenic non-protein coding RNA 1255,,X,4,0,,,,,
SLBP,ENSG00000163950,1692731.0,1712344.0,4,(-),stem-loop histone mRNA binding protein,X,X,4; 18,1,,,,,
CBFA2T3,ENSG00000129993,88874858.0,88977207.0,16,(-),CBFA2/RUNX1 partner transcriptional co-repressor 3,,X,4,0,,,,,
G3BP1,ENSG00000145907,151770951.0,151812911.0,5,(+),G3BP stress granule assembly factor 1,,X,4,0,,,,,
RNASEL,ENSG00000135828,182563015.0,182589272.0,1,(-),ribonuclease L,,X,4,0,,,,,
FCHO2,ENSG00000157107,72955527.0,73090522.0,5,(+),FCH and mu domain containing endocytic adaptor 2,,X,4,0,,,,,
ARMC2,ENSG00000118690,108841937.0,108974551.0,6,(+),armadillo repeat containing 2,,X,4,0,,,,,
RCCD1,ENSG00000166965,90954825.0,90964809.0,15,(+),RCC1 domain containing 1,,X,4,0,,,,,
PIK3AP1,ENSG00000155629,96591882.0,96720902.0,10,(-),phosphoinositide-3-kinase adaptor protein 1,,X,4,0,,,,,
ITGA5,ENSG00000161638,54395261.0,54419515.0,12,(-),integrin subunit alpha 5,,X,4,0,,,,,
ORC6,ENSG00000091651,46689301.0,46698399.0,16,(+),origin recognition complex subunit 6,,X,4,0,,,,,
RPL10P4,ENSG00000238003,201978642.0,201978949.0,1,(+),ribosomal protein L10 pseudogene 4,,X,4,0,,,,,
RNF123,ENSG00000164068,49688740.0,49723389.0,3,(+),ring finger protein 123,,X,4,0,,,,,
PAPLN,ENSG00000100767,73236338.0,73345508.0,14,(+),"papilin, proteoglycan like sulfated glycoprotein",,X,4,0,,,,,
EEFSEC,ENSG00000132394,128153174.0,128427044.0,3,(+),"eukaryotic elongation factor, selenocysteine-tRNA specific",,X,4,0,,,,,
MAP3K13,ENSG00000073803,185282941.0,185489094.0,3,(+),mitogen-activated protein kinase kinase kinase 13,,X,4,0,,,,,
GLRX5,ENSG00000182512,95533503.0,95544724.0,14,(+),glutaredoxin 5,X,X,4; 18,1,,,,,
MVP,ENSG00000013364,29820394.0,29848039.0,16,(+),major vault protein,X,X,4; 18,1,,,,,
MSANTD3,ENSG00000066697,100426693.0,100471524.0,9,(+),Myb/SANT DNA binding domain containing 3,,X,4,0,,,,,
NDUFAF1,ENSG00000137806,41387218.0,41409403.0,15,(-),NADH:ubiquinone oxidoreductase complex assembly factor 1,,X,4,0,,,,,
RN7SL764P,ENSG00000240317,219102434.0,219102719.0,2,(+),"RNA, 7SL, cytoplasmic 764, pseudogene",,X,4,0,,,,,
MFSD2A,ENSG00000168389,39955112.0,39972134.0,1,(+),"MFSD2 lysolipid transporter A, lysophospholipid",,X,4,0,,,,,
SMARCC2,ENSG00000139613,56162359.0,56189587.0,12,(-),SWI/SNF related BAF chromatin remodeling complex subunit C2,,X,4,0,,,,,
FGL2,ENSG00000127951,77193182.0,77199884.0,7,(-),fibrinogen like 2,,X,4,0,,,,,
GOLGA6D,ENSG00000140478,75282835.0,75295530.0,15,(+),golgin A6 family member D,,X,4,0,,,,,
PDP2,ENSG00000172840,66878589.0,66895754.0,16,(+),pyruvate dehydrogenase phosphatase catalytic subunit 2,,X,4,0,,,,,
HDHD5,ENSG00000069998,17132107.0,17165287.0,22,(-),haloacid dehalogenase like hydrolase domain containing 5,,X,4,0,,,,,
LINC01483,ENSG00000227517,69563386.0,69903566.0,17,(+),long intergenic non-protein coding RNA 1483,,X,4,0,,,,,
IGIP,ENSG00000182700,140125937.0,140129392.0,5,(+),IgA inducing protein,,X,4,0,,,,,
PPP3CC,ENSG00000120910,22440746.0,22544727.0,8,(+),protein phosphatase 3 catalytic subunit gamma,,X,4,0,,,,,
LINC00665,ENSG00000232677,36259540.0,36331770.0,19,(-),long intergenic non-protein coding RNA 665,,X,4,0,,,,,
RASSF3,ENSG00000153179,64507001.0,64697567.0,12,(+),Ras association domain family member 3,,X,4,0,,,,,
NAT10,ENSG00000135372,34105583.0,34147670.0,11,(+),N-acetyltransferase 10,,X,4,0,,,,,
CST3,ENSG00000101439,23626706.0,23638556.0,20,(-),cystatin C,,X,4,0,,,,,
ZC3H3,ENSG00000014164,143437655.0,143541578.0,8,(-),zinc finger CCCH-type containing 3,,X,4,0,,,,,
ARHGEF10L,ENSG00000074964,17539368.0,17697876.0,1,(+),Rho guanine nucleotide exchange factor 10 like,,X,4,0,,,,,
GRAMD2A,ENSG00000175318,72159806.0,72197830.0,15,(-),GRAM domain containing 2A,,X,4,0,,,,,
USP32,ENSG00000170832,60177184.0,60422470.0,17,(-),ubiquitin specific peptidase 32,,X,4,0,,,,,
ACP1,ENSG00000143727,264140.0,280057.0,2,(+),acid phosphatase 1,,X,4,0,,,,,
UROD,ENSG00000126088,45010950.0,45015577.0,1,(+),uroporphyrinogen decarboxylase,,X,4,0,,,,,
FNTA,ENSG00000168522,43034194.0,43085793.0,8,(+),"farnesyltransferase, CAAX box, subunit alpha",,X,4,0,,,,,
RHOC,ENSG00000155366,112699765.0,112707897.0,1,(-),ras homolog family member C,X,X,4; 18,1,,,,,
GPC5,ENSG00000179399,91398585.0,92873682.0,13,(+),glypican 5,,X,4,0,,,,,
RBMXP5,ENSG00000217835,65956289.0,65957196.0,X,(-),RBMX pseudogene 5,,X,4,0,,,,,
ATG7,ENSG00000197548,11272309.0,11557665.0,3,(+),autophagy related 7,,X,4,0,,,,,
CHMP6,ENSG00000176108,80991598.0,81031356.0,17,(+),charged multivesicular body protein 6,,X,4,0,,,,,
LINC02822,ENSG00000286021,90576181.0,90889917.0,12,(+),long intergenic non-protein coding RNA 2822,,X,4,0,,,,,
DNAJA4,ENSG00000140403,78264086.0,78282196.0,15,(+),DnaJ heat shock protein family (Hsp40) member A4,,X,4,0,,,,,
CTNNA1,ENSG00000044115,138610967.0,138935039.0,5,(+),catenin alpha 1,,X,4,0,,,,,
ZFHX3,ENSG00000140836,72782885.0,73891871.0,16,(-),zinc finger homeobox 3,,X,4,0,,,,,
DUSP3,ENSG00000108861,43763629.0,43779000.0,17,(-),dual specificity phosphatase 3,,X,4,0,,,,,
RAI1,ENSG00000108557,17681323.0,17811453.0,17,(+),retinoic acid induced 1,,X,4,0,,,,,
TMEM106C,ENSG00000134291,47963543.0,47970504.0,12,(+),transmembrane protein 106C,X,X,4; 18,1,,,,,
LINC00559,ENSG00000261446,90060247.0,90119719.0,13,(-),long intergenic non-protein coding RNA 559,,X,4,0,,,,,
SLC4A4,ENSG00000080493,71062644.0,71572087.0,4,(+),solute carrier family 4 member 4,,X,4,0,,,,,
UBE2K,ENSG00000078140,39697879.0,39782792.0,4,(+),ubiquitin conjugating enzyme E2 K,,X,4,0,,,,,
NARF,ENSG00000141562,82458180.0,82490542.0,17,(+),nuclear prelamin A recognition factor,,X,4,0,,,,,
OR6Y1,ENSG00000197532,158544550.0,158554405.0,1,(-),olfactory receptor family 6 subfamily Y member 1,,X,4,0,,,,,
TMEM223,ENSG00000168569,62771629.0,62792022.0,11,(-),transmembrane protein 223,,X,4,0,,,,,
CREB5,ENSG00000146592,28299321.0,28825894.0,7,(+),cAMP responsive element binding protein 5,,X,4,0,,,,,
SELENOF,ENSG00000183291,86861214.0,86914424.0,1,(-),selenoprotein F,,X,4,0,,,,,
ALMS1,ENSG00000116127,73385758.0,73625166.0,2,(+),ALMS1 centrosome and basal body associated protein,,X,4,0,,,,,
KLHL21,ENSG00000162413,6590724.0,6614607.0,1,(-),kelch like family member 21,,X,4,0,,,,,
BMS1P23,ENSG00000286156,94196057.0,94203287.0,2,(-),BMS1 pseudogene 23,,X,4,0,,,,,
EPB42,ENSG00000166947,43191351.0,43221053.0,15,(-),erythrocyte membrane protein band 4.2,,X,4,0,,,,,
CCNT2,ENSG00000082258,134918235.0,134999446.0,2,(+),cyclin T2,,X,4,0,,,,,
DYNC1I2,ENSG00000077380,171687409.0,171750179.0,2,(+),dynein cytoplasmic 1 intermediate chain 2,,X,4,0,,,,,
FSTL1,ENSG00000163430,120392293.0,120596764.0,3,(-),follistatin like 1,,X,4,0,,,,,
PCDH1,ENSG00000156453,141853090.0,141879246.0,5,(-),protocadherin 1,,X,4,0,,,,,
CDH20,ENSG00000101542,61333425.0,61555779.0,18,(+),cadherin 20,,X,4,0,,,,,
UBA7,ENSG00000182179,49805205.0,49814151.0,3,(-),ubiquitin like modifier activating enzyme 7,,X,4,0,,,,,
CLEC1B,ENSG00000165682,9985642.0,10013424.0,12,(-),C-type lectin domain family 1 member B,,X,4,0,,,,,
CIZ1,ENSG00000148337,128161233.0,128204482.0,9,(-),CDKN1A interacting zinc finger protein 1,,X,4,0,,,,,
ABTB1,ENSG00000114626,127672894.0,127683197.0,3,(+),ankyrin repeat and BTB domain containing 1,,X,4,0,,,,,
CSF1R,ENSG00000182578,150053291.0,150113372.0,5,(-),colony stimulating factor 1 receptor,,X,4,0,,,,,
PLCB1,ENSG00000182621,8077251.0,8968360.0,20,(+),phospholipase C beta 1,X,X,4; 18,1,,,,,
TERF2IP,ENSG00000166848,75647725.0,75761872.0,16,(+),TERF2 interacting protein,X,X,4; 18,1,,,,,
LINC01856,ENSG00000237574,129923096.0,129953743.0,2,(+),long intergenic non-protein coding RNA 1856,,X,4,0,,,,,
TRAPPC2L,ENSG00000167515,88856220.0,88862686.0,16,(+),trafficking protein particle complex subunit 2L,,X,4,0,,,,,
HIVEP1,ENSG00000095951,12008762.0,12164999.0,6,(+),HIVEP zinc finger 1,,X,4,0,,,,,
TCF7L1,ENSG00000152284,85133348.0,85310388.0,2,(+),transcription factor 7 like 1,,X,4,0,,,,,
PPCS,ENSG00000127125,42456117.0,42473417.0,1,(+),phosphopantothenoylcysteine synthetase,,X,4,0,,,,,
KAT6A,ENSG00000083168,41929479.0,42051998.0,8,(-),lysine acetyltransferase 6A,,X,4,0,,,,,
KDM4A,ENSG00000066135,43649256.0,43705518.0,1,(+),lysine demethylase 4A,,X,4,0,,,,,
ISLR,ENSG00000129009,74172414.0,74176872.0,15,(+),immunoglobulin superfamily containing leucine rich repeat,,X,4,0,,,,,
TUT4,ENSG00000134744,52408282.0,52553504.0,1,(-),terminal uridylyl transferase 4,,X,4,0,,,,,
DNASE2,ENSG00000105612,12875209.0,12881595.0,19,(-),"deoxyribonuclease 2, lysosomal",,X,4,0,,,,,
RANBP1,ENSG00000099901,20115877.0,20128037.0,22,(+),RAN binding protein 1,X,X,4; 18,1,,,,,
DUT,ENSG00000128951,48331011.0,48343373.0,15,(+),deoxyuridine triphosphatase,X,X,4; 18,1,,,,,
PWWP2B,ENSG00000171813,132396390.0,132417863.0,10,(+),PWWP domain containing 2B,,X,4,0,,,,,
NUCKS1,ENSG00000069275,205710543.0,205750270.0,1,(-),nuclear casein kinase and cyclin dependent kinase substrate 1,X,X,4; 18,1,,,,,
PHF20,ENSG00000025293,35771947.0,35950385.0,20,(+),PHD finger protein 20,,X,4,0,,,,,
CCNY,ENSG00000108100,35247025.0,35572669.0,10,(+),cyclin Y,,X,4,0,,,,,
CASS4,ENSG00000087589,56412029.0,56460387.0,20,(+),Cas scaffold protein family member 4,,X,4,0,,,,,
PYGB,ENSG00000100994,25248030.0,25298014.0,20,(+),glycogen phosphorylase B,,X,4,0,,,,,
AXIN1,ENSG00000103126,287440.0,352734.0,16,(-),axin 1,,X,4,0,,,,,
SLC9A6,ENSG00000198689,135973841.0,136047269.0,X,(+),solute carrier family 9 member A6,,X,4,0,,,,,
LINC02976,ENSG00000231113,42940364.0,42948360.0,6,(+),long intergenic non-protein coding RNA 2976,,X,4,0,,,,,
SNCA,ENSG00000145335,89700345.0,89838321.0,4,(-),synuclein alpha,,X,4,0,,,,,
CDH23,ENSG00000107736,71396884.0,71815947.0,10,(+),cadherin related 23,,X,4,0,,,,,
BICD1,ENSG00000151746,32106643.0,32383633.0,12,(+),BICD cargo adaptor 1,,X,4,0,,,,,
DLST,ENSG00000119689,74881891.0,74903966.0,14,(+),dihydrolipoamide S-succinyltransferase,,X,4,0,,,,,
TMEM41A,ENSG00000163900,185475950.0,185499096.0,3,(-),transmembrane protein 41A,,X,4,0,,,,,
CHD1L,ENSG00000131778,147242643.0,147295767.0,1,(+),chromodomain helicase DNA binding protein 1 like,,X,4,0,,,,,
TCEA1,ENSG00000187735,53966552.0,54022508.0,8,(-),transcription elongation factor A1,,X,4,0,,,,,
CDS2,ENSG00000101290,5126879.0,5197887.0,20,(+),CDP-diacylglycerol synthase 2,,X,4,0,,,,,
ATG3,ENSG00000144848,112531772.0,112562318.0,3,(-),autophagy related 3,,X,4,0,,,,,
DPY19L3,ENSG00000178904,32405543.0,32485895.0,19,(+),dpy-19 like C-mannosyltransferase 3,,X,4,0,,,,,
PKD1P5,ENSG00000254681,18374521.0,18401940.0,16,(-),"polycystin 1, transient receptor potential channel interacting pseudogene 5",,X,4,0,,,,,
GLG1,ENSG00000090863,74447427.0,74607144.0,16,(-),golgi glycoprotein 1,,X,4,0,,,,,
CDKN2A,ENSG00000147889,21966924.0,21995301.0,9,(-),cyclin dependent kinase inhibitor 2A,X,X,4; 18,1,,,,,
PRKAR1A,ENSG00000108946,68511740.0,68551319.0,17,(+),protein kinase cAMP-dependent type I regulatory subunit alpha,,X,4,0,,,,,
BLMH,ENSG00000108578,30248193.0,30292152.0,17,(-),bleomycin hydrolase,,X,4,0,,,,,
LILRB1,ENSG00000104972,54616309.0,54638022.0,19,(+),leukocyte immunoglobulin like receptor B1,,X,4,0,,,,,
NUP210L,ENSG00000143552,153992690.0,154155116.0,1,(-),nucleoporin 210 like,,X,4,0,,,,,
TAFAZZIN,ENSG00000102125,154409456.0,154421726.0,X,(+),"tafazzin, phospholipid-lysophospholipid transacylase",,X,4,0,,,,,
RN7SL2,ENSG00000274012,49862550.0,49862849.0,14,(-),RNA component of signal recognition particle 7SL2,,X,4,0,,,,,
HLA-V,ENSG00000181126,29792234.0,29793136.0,6,(+),"major histocompatibility complex, class I, V (pseudogene)",,X,4,0,,,,,
SYNJ2,ENSG00000078269,157981824.0,158099176.0,6,(+),synaptojanin 2,,X,4,0,,,,,
PODN,ENSG00000174348,53061293.0,53093681.0,1,(+),podocan,,X,4,0,,,,,
UTY,ENSG00000183878,13234577.0,13480673.0,Y,(-),"ubiquitously transcribed tetratricopeptide repeat containing, Y-linked",,X,4,0,,,,,
MTND5P10,ENSG00000271687,100046977.0,100048785.0,5,(-),MT-ND5 pseudogene 10,,X,4,0,,,,,
CLPTM1L,ENSG00000049656,1316821.0,1345100.0,5,(-),CLPTM1 like,,X,4,0,,,,,
GGTA1,ENSG00000204136,121444988.0,121513399.0,9,(-),glycoprotein alpha-galactosyltransferase 1 (inactive),,X,4,0,,,,,
NEK4,ENSG00000114904,52708444.0,52770973.0,3,(-),NIMA related kinase 4,,X,4,0,,,,,
MARK2P17,ENSG00000244065,128843564.0,128844404.0,3,(-),MARK2 pseudogene 17,,X,4,0,,,,,
LINC00293,ENSG00000253314,46822174.0,46907309.0,8,(+),long intergenic non-protein coding RNA 293,,X,4,0,,,,,
TUBBP5,ENSG00000159247,138175045.0,138177264.0,9,(+),tubulin beta pseudogene 5,,X,4,0,,,,,
CRTC1,ENSG00000105662,18683575.0,18782333.0,19,(+),CREB regulated transcription coactivator 1,,X,4,0,,,,,
KDM4C,ENSG00000107077,6720863.0,7175648.0,9,(+),lysine demethylase 4C,,X,4,0,,,,,
ZBTB18,ENSG00000179456,244048547.0,244057476.0,1,(+),zinc finger and BTB domain containing 18,,X,4,0,,,,,
DNAJC18,ENSG00000170464,139408588.0,139444491.0,5,(-),DnaJ heat shock protein family (Hsp40) member C18,,X,4,0,,,,,
UXT,ENSG00000126756,47651792.0,47659301.0,X,(-),ubiquitously expressed prefoldin like chaperone,X,X,4; 18,1,,,,,
TMX4,ENSG00000125827,7976690.0,8019829.0,20,(-),thioredoxin related transmembrane protein 4,X,X,4; 18,1,,,,,
SEMA7A,ENSG00000138623,74409289.0,74433965.0,15,(-),semaphorin 7A (JohnMiltonHagen blood group),,X,4,0,,,,,
ZNRF2P1,ENSG00000237004,32728569.0,32729011.0,7,(+),zinc and ring finger 2 pseudogene 1,,X,4,0,,,,,
FAM120C,ENSG00000184083,54068324.0,54183581.0,X,(-),family with sequence similarity 120 member C,,X,4,0,,,,,
CCDC186,ENSG00000165813,114120862.0,114174237.0,10,(-),coiled-coil domain containing 186,,X,4,0,,,,,
TMCC2,ENSG00000133069,205227912.0,205285632.0,1,(+),transmembrane and coiled-coil domain family 2,,X,4,0,,,,,
AP2M1,ENSG00000161203,184174689.0,184184214.0,3,(+),adaptor related protein complex 2 subunit mu 1,,X,4,0,,,,,
POLR1B,ENSG00000125630,112541915.0,112579818.0,2,(+),RNA polymerase I subunit B,,X,4,0,,,,,
MICU1,ENSG00000107745,72355297.0,72626134.0,10,(-),mitochondrial calcium uptake 1,,X,4,0,,,,,
GANAB,ENSG00000089597,62624821.0,62646726.0,11,(-),glucosidase II alpha subunit,,X,4,0,,,,,
GAPVD1,ENSG00000165219,125261780.0,125367207.0,9,(+),GTPase activating protein and VPS9 domains 1,,X,4,0,,,,,
TXNL4B,ENSG00000140830,72084853.0,72094431.0,16,(-),thioredoxin like 4B,,X,4,0,,,,,
SBF1,ENSG00000100241,50443219.0,50483923.0,22,(-),SET binding factor 1,,X,4,0,,,,,
RELT,ENSG00000054967,73376325.0,73397474.0,11,(+),RELT TNF receptor,,X,4,0,,,,,
EEF1G,ENSG00000254772,62559593.0,62574086.0,11,(-),eukaryotic translation elongation factor 1 gamma,X,X,4; 18,1,,,,,
STARD13,ENSG00000133121,33103137.0,33350685.0,13,(-),StAR related lipid transfer domain containing 13,,X,4,0,,,,,
VPS11,ENSG00000160695,119067789.0,119082753.0,11,(+),VPS11 core subunit of CORVET and HOPS complexes,,X,4,0,,,,,
MIDN,ENSG00000167470,1248316.0,1259145.0,19,(+),midnolin,,X,4,0,,,,,
USP4,ENSG00000114316,49277144.0,49340712.0,3,(-),ubiquitin specific peptidase 4,,X,4,0,,,,,
WDR7,ENSG00000091157,56651248.0,57029811.0,18,(+),WD repeat domain 7,,X,4,0,,,,,
TUBBP6,ENSG00000235207,55645620.0,55646951.0,7,(+),tubulin beta class I pseudogene 6,,X,4,0,,,,,
SLC6A20,ENSG00000163817,45748903.0,45796654.0,3,(-),solute carrier family 6 member 20,,X,4,0,,,,,
CTU2,ENSG00000174177,88706470.0,88717853.0,16,(+),cytosolic thiouridylase subunit 2,,X,4,0,,,,,
RPL7P47,ENSG00000228071,17932720.0,17933275.0,16,(+),ribosomal protein L7 pseudogene 47,,X,4,0,,,,,
PA2G4,ENSG00000170515,56104349.0,56116329.0,12,(+),proliferation-associated 2G4,X,X,4; 18,1,,,,,
UBE2G2,ENSG00000184787,44768580.0,44801826.0,21,(-),ubiquitin conjugating enzyme E2 G2,,X,4,0,,,,,
EMC1,ENSG00000127463,19215660.0,19251552.0,1,(-),ER membrane protein complex subunit 1,,X,4,0,,,,,
ZNF778,ENSG00000170100,89217683.0,89237141.0,16,(+),zinc finger protein 778,,X,4,0,,,,,
ACSS1,ENSG00000154930,25003364.0,25058980.0,20,(-),acyl-CoA synthetase short chain family member 1,,X,4,0,,,,,
RBM22,ENSG00000086589,150690790.0,150701097.0,5,(-),RNA binding motif protein 22,,X,4,0,,,,,
UQCRC1,ENSG00000010256,48598990.0,48610976.0,3,(-),ubiquinol-cytochrome c reductase core protein 1,X,X,4; 18,1,,,,,
DUSP19,ENSG00000162999,183078559.0,183101060.0,2,(+),dual specificity phosphatase 19,,X,4,0,,,,,
PRPF19,ENSG00000110107,60890547.0,60906607.0,11,(-),pre-mRNA processing factor 19,,X,4,0,,,,,
FLACC1,ENSG00000155749,201287397.0,201357398.0,2,(-),flagellum associated containing coiled-coil domains 1,,X,4,0,,,,,
RAC1P2,ENSG00000249936,46723830.0,46724408.0,4,(-),Rac family small GTPase 1 pseudogene 2,,X,4,0,,,,,
ZNF48,ENSG00000180035,30378106.0,30400108.0,16,(+),zinc finger protein 48,,X,4,0,,,,,
OPRL1,ENSG00000125510,64079967.0,64100649.0,20,(+),opioid related nociceptin receptor 1,,X,4,0,,,,,
SRSF11,ENSG00000116754,70205670.0,70253052.0,1,(+),serine and arginine rich splicing factor 11,,X,4,0,,,,,
EEF1DP3,ENSG00000229715,31952580.0,31953361.0,13,(+),eukaryotic translation elongation factor 1 delta pseudogene 3,,X,4,0,,,,,
SLC39A3,ENSG00000141873,2732204.0,2740071.0,19,(-),solute carrier family 39 member 3,,X,4,0,,,,,
MFNG,ENSG00000100060,37464544.0,37486432.0,22,(-),MFNG O-fucosylpeptide 3-beta-N-acetylglucosaminyltransferase,,X,4,0,,,,,
ATE1,ENSG00000107669,121709393.0,121928801.0,10,(-),arginyltransferase 1,,X,4,0,,,,,
LITAF,ENSG00000189067,11546224.0,11640269.0,16,(-),lipopolysaccharide induced TNF factor,X,X,4; 18,1,,,,,
TGIF2,ENSG00000118707,36571894.0,36593950.0,20,(+),TGFB induced factor homeobox 2,,X,4,0,,,,,
MED25,ENSG00000104973,49818269.0,49840384.0,19,(+),mediator complex subunit 25,,X,4,0,,,,,
BICDL1,ENSG00000135127,119988862.0,120094496.0,12,(+),BICD family like cargo adaptor 1,,X,4,0,,,,,
DMAC2L,ENSG00000125375,50311516.0,50356756.0,14,(+),distal membrane arm assembly component 2 like,,X,4,0,,,,,
SIGLEC10,ENSG00000142512,51410020.0,51417858.0,19,(-),sialic acid binding Ig like lectin 10,,X,4,0,,,,,
TRIM37,ENSG00000108395,58982633.0,59106921.0,17,(-),tripartite motif containing 37,,X,4,0,,,,,
DPYSL2,ENSG00000092964,26514031.0,26658178.0,8,(+),dihydropyrimidinase like 2,,X,4,0,,,,,
BCLAF1,ENSG00000029363,136256627.0,136289852.0,6,(-),BCL2 associated transcription factor 1,,X,4,0,,,,,
SIPA1,ENSG00000213445,65638086.0,65650930.0,11,(+),signal-induced proliferation-associated 1,X,X,4; 18,1,,,,,
LINC01949,ENSG00000288569,87205336.0,87251656.0,5,(-),long intergenic non-protein coding RNA 1949,,X,4,0,,,,,
MATR3,ENSG00000015479,139273752.0,139332518.0,5,(+),matrin 3,,X,4,0,,,,,
CDCA7L,ENSG00000164649,21828570.0,21946219.0,7,(-),cell division cycle associated 7 like,X,X,4; 18,1,,,,,
OR10J3,ENSG00000196266,159313720.0,159314659.0,1,(-),olfactory receptor family 10 subfamily J member 3 (gene/pseudogene),,X,4,0,,,,,
DLGAP4,ENSG00000080845,36306302.0,36528637.0,20,(+),DLG associated protein 4,,X,4,0,,,,,
LYPLAL1,ENSG00000143353,219173821.0,219327124.0,1,(+),lysophospholipase like 1,,X,4,0,,,,,
MKNK2,ENSG00000099875,2037465.0,2061220.0,19,(-),MAPK interacting serine/threonine kinase 2,,X,4,0,,,,,
STYX,ENSG00000198252,52730043.0,52775008.0,14,(+),serine/threonine/tyrosine interacting protein,,X,4,0,,,,,
RBM14,ENSG00000239306,66616594.0,66629934.0,11,(+),RNA binding motif protein 14,,X,4,0,,,,,
PRKCA,ENSG00000154229,66302567.0,66810743.0,17,(+),protein kinase C alpha,,X,4,0,,,,,
CCT2,ENSG00000166226,69585423.0,69601580.0,12,(+),chaperonin containing TCP1 subunit 2,,X,4,0,,,,,
TMEM43,ENSG00000170876,14124998.0,14143681.0,3,(+),transmembrane protein 43,,X,4,0,,,,,
ZNF783,ENSG00000204946,149262022.0,149297303.0,7,(+),zinc finger protein 783,,X,4,0,,,,,
BRF1,ENSG00000185024,105209277.0,105315589.0,14,(-),BRF1 general transcription factor IIIB subunit,,X,4,0,,,,,
SELENBP1,ENSG00000143416,151364157.0,151372716.0,1,(-),selenium binding protein 1,,X,4,0,,,,,
RFLNB,ENSG00000183688,439978.0,445939.0,17,(-),refilin B,,X,4,0,,,,,
DMWD,ENSG00000185800,45782944.0,45792949.0,19,(-),"DM1 locus, WD repeat containing",,X,4,0,,,,,
PPFIA4,ENSG00000143847,203026470.0,203078740.0,1,(+),PPFI scaffold protein A4,,X,4,0,,,,,
FBXL17,ENSG00000145743,107859035.0,108382363.0,5,(-),F-box and leucine rich repeat protein 17,,X,4,0,,,,,
MRPL51,ENSG00000111639,6490204.0,6493856.0,12,(-),mitochondrial ribosomal protein L51,X,X,4; 18,1,,,,,
SLC25A46,ENSG00000164209,110738136.0,110765173.0,5,(+),solute carrier family 25 member 46,,X,4,0,,,,,
TRAPPC12,ENSG00000171853,3379669.0,3485094.0,2,(+),trafficking protein particle complex subunit 12,,X,4,0,,,,,
SUSD1,ENSG00000106868,112040777.0,112175535.0,9,(-),sushi domain containing 1,,X,4,0,,,,,
QTRT1,ENSG00000213339,10701430.0,10713747.0,19,(+),queuine tRNA-ribosyltransferase catalytic subunit 1,,X,4,0,,,,,
METTL25B,ENSG00000143303,156728442.0,156736960.0,1,(+),methyltransferase like 25B,,X,4,0,,,,,
TAGAP,ENSG00000164691,159034481.0,159095823.0,6,(-),T cell activation RhoGTPase activating protein,X,X,4; 18,1,,,,,
INTS8,ENSG00000164941,94813311.0,94881746.0,8,(+),integrator complex subunit 8,,X,4,0,,,,,
CLIP1,ENSG00000130779,122271432.0,122422778.0,12,(-),CAP-Gly domain containing linker protein 1,,X,4,0,,,,,
SPIDR,ENSG00000164808,47260568.0,47737022.0,8,(+),scaffold protein involved in DNA repair,,X,4,0,,,,,
SNRPN,ENSG00000128739,24823627.0,24978723.0,15,(+),small nuclear ribonucleoprotein polypeptide N,,X,4,0,,,,,
TBC1D22B,ENSG00000065491,37257713.0,37332970.0,6,(+),TBC1 domain family member 22B,,X,4,0,,,,,
SNORD3C,ENSG00000264940,19189665.0,19190245.0,17,(-),"small nucleolar RNA, C/D box 3C",,X,4,0,,,,,
TPCN1,ENSG00000186815,113221050.0,113301325.0,12,(+),two pore segment channel 1,,X,4,0,,,,,
LINC01278,ENSG00000235437,63222993.0,63561095.0,X,(-),long intergenic non-protein coding RNA 1278,,X,4,0,,,,,
GPR137B,ENSG00000077585,236142148.0,236253151.0,1,(+),G protein-coupled receptor 137B,,X,4,0,,,,,
OGG1,ENSG00000114026,9749938.0,9791067.0,3,(+),8-oxoguanine DNA glycosylase,,X,4,0,,,,,
IGFN1,ENSG00000163395,201190824.0,201228952.0,1,(+),immunoglobulin like and fibronectin type III domain containing 1,,X,4,0,,,,,
CATSPER2,ENSG00000166762,43628503.0,43668118.0,15,(-),cation channel sperm associated 2,,X,4,0,,,,,
RAP1GAP2,ENSG00000132359,2755629.0,3037741.0,17,(+),RAP1 GTPase activating protein 2,,X,4,0,,,,,
ZNF609,ENSG00000180357,64460549.0,64686068.0,15,(+),zinc finger protein 609,,X,4,0,,,,,
ESYT2,ENSG00000117868,158730992.0,158830253.0,7,(-),extended synaptotagmin 2,X,X,4; 18,1,,,,,
DHDDS,ENSG00000117682,26432273.0,26471322.0,1,(+),dehydrodolichyl diphosphate synthase subunit,,X,4,0,,,,,
IFNAR1,ENSG00000142166,33324387.0,33359864.0,21,(+),interferon alpha and beta receptor subunit 1,,X,4,0,,,,,
ODC1,ENSG00000115758,10435417.0,10450116.0,2,(-),ornithine decarboxylase 1,X,X,4; 18,1,,,,,
PITX1,ENSG00000069011,135027734.0,135034813.0,5,(-),paired like homeodomain 1,,X,4,0,,,,,
KLHL2,ENSG00000109466,165207470.0,165323157.0,4,(+),kelch like family member 2,,X,4,0,,,,,
HNRNPM,ENSG00000099783,8444767.0,8489118.0,19,(+),heterogeneous nuclear ribonucleoprotein M,X,X,4; 18,1,,,,,
ITM2C,ENSG00000135916,230864639.0,230879248.0,2,(+),integral membrane protein 2C,X,X,4; 18,1,,,,,
RPL23AP95,ENSG00000236848,103152007.0,103152325.0,7,(-),ribosomal protein L23a pseudogene 95,,X,4,0,,,,,
ZFP62,ENSG00000196670,180843577.0,180861285.0,5,(-),ZFP62 zinc finger protein,,X,4,0,,,,,
ARHGAP1,ENSG00000175220,46677075.0,46700977.0,11,(-),Rho GTPase activating protein 1,,X,4,0,,,,,
OR4E1,ENSG00000276240,21667886.0,21673818.0,14,(-),olfactory receptor family 4 subfamily E member 1,,X,4,0,,,,,
LINC02535,ENSG00000234155,85320314.0,85404911.0,6,(-),long intergenic non-protein coding RNA 2535,,X,4,0,,,,,
ZNF418,ENSG00000196724,57920526.0,57935413.0,19,(-),zinc finger protein 418,,X,4,0,,,,,
MTND6P4,ENSG00000249119,134924123.0,134924644.0,5,(+),MT-ND6 pseudogene 4,,X,4,0,,,,,
BLVRB,ENSG00000090013,40446758.0,40465826.0,19,(-),biliverdin reductase B,,X,4,0,,,,,
CD244,ENSG00000122223,160829075.0,160862904.0,1,(-),CD244 molecule,,X,4,0,,,,,
ZMYM2,ENSG00000121741,19958673.0,20091856.0,13,(+),zinc finger MYM-type containing 2,,X,4,0,,,,,
ANKRD36,ENSG00000135976,97113112.0,97264521.0,2,(+),ankyrin repeat domain 36,,X,4,0,,,,,
PALS1,ENSG00000072415,67240713.0,67336061.0,14,(+),"protein associated with LIN7 1, MAGUK p55 family member",,X,4,0,,,,,
MSTO1,ENSG00000125459,155563235.0,155616644.0,1,(+),misato mitochondrial distribution and morphology regulator 1,,X,4,0,,,,,
SMG7,ENSG00000116698,183471871.0,183598246.0,1,(+),SMG7 nonsense mediated mRNA decay factor,,X,4,0,,,,,
PRR14L,ENSG00000183530,31676256.0,31750207.0,22,(-),proline rich 14 like,,X,4,0,,,,,
NME1,ENSG00000239672,51152949.0,51162737.0,17,(+),NME/NM23 nucleoside diphosphate kinase 1,X,X,8; 18,1,,,,,
LTV1,ENSG00000135521,143843302.0,143864329.0,6,(+),LTV1 ribosome biogenesis factor,,X,8,0,,,,,
LINC02629,ENSG00000223470,33909238.0,33917804.0,10,(+),long intergenic non-protein coding RNA 2629,,X,8,0,,,,,
FAHD1,ENSG00000180185,1826967.0,1842053.0,16,(+),fumarylacetoacetate hydrolase domain containing 1,,X,8,0,,,,,
LINC02092,ENSG00000234721,73737854.0,73800966.0,17,(+),long intergenic non-protein coding RNA 2092,,X,6,0,,,,,
ZNF846,ENSG00000196605,9749546.0,9793180.0,19,(-),zinc finger protein 846,,X,6,0,,,,,
NUDT11,ENSG00000196368,51490011.0,51496860.0,X,(-),nudix hydrolase 11,,X,6,0,,,,,
CFAP46,ENSG00000171811,132806494.0,132942823.0,10,(-),cilia and flagella associated protein 46,,X,6,0,,,,,
LINC02239,ENSG00000248908,24835280.0,24840583.0,5,(-),long intergenic non-protein coding RNA 2239,,X,6,0,,,,,
CARF,ENSG00000138380,202912214.0,202988263.0,2,(+),calcium responsive transcription factor,,X,6,0,,,,,
CTBP2P6,ENSG00000213697,43522036.0,43523264.0,11,(+),CTBP2 pseudogene 6,,X,6,0,,,,,
MAFA,ENSG00000182759,143419182.0,143430732.0,8,(-),MAF bZIP transcription factor A,,X,6,0,,,,,
DYDC1,ENSG00000170788,80336105.0,80356760.0,10,(-),DPY30 domain containing 1,,X,6,0,,,,,
TRGV10,ENSG00000211694,38299810.0,38300280.0,7,(-),T cell receptor gamma variable 10 (non-functional),,X,6,0,,,,,
ANKRD18CP,ENSG00000159712,97156570.0,97221235.0,9,(-),"ankyrin repeat domain 18C, pseudogene",,X,6,0,,,,,
OR4D2,ENSG00000255713,58166982.0,58171411.0,17,(+),olfactory receptor family 4 subfamily D member 2,,X,6,0,,,,,
CASP1P1,ENSG00000255430,105122661.0,105123339.0,11,(-),caspase 1 pseudogene 1,,X,6,0,,,,,
BPIFB9P,ENSG00000125997,33347720.0,33354444.0,20,(+),"BPI fold containing family B member 9, pseudogene",,X,6,0,,,,,
FAN1,ENSG00000198690,30890559.0,30946209.0,15,(+),FANCD2 and FANCI associated nuclease 1,,X,6,0,,,,,
MIR6509,ENSG00000277138,135206994.0,135207078.0,7,(-),microRNA 6509,,X,6,0,,,,,
RBFOX2,ENSG00000100320,35738736.0,36028824.0,22,(-),RNA binding fox-1 homolog 2,,X,6,0,,,,,
PPIAP60,ENSG00000226961,11351627.0,11352118.0,2,(+),peptidylprolyl isomerase A pseudogene 60,,X,6,0,,,,,
TIGD4,ENSG00000169989,152767910.0,152779778.0,4,(-),tigger transposable element derived 4,,X,6,0,,,,,
SIAH3,ENSG00000215475,45777242.0,45851767.0,13,(-),siah E3 ubiquitin protein ligase family member 3,,X,6,0,,,,,
USP13,ENSG00000058056,179652730.0,179804368.0,3,(+),ubiquitin specific peptidase 13,,X,6,0,,,,,
NBPF1,ENSG00000219481,16562319.0,16613562.0,1,(-),NBPF member 1,,X,6,0,,,,,
MIR374A,ENSG00000199168,74287286.0,74287357.0,X,(-),microRNA 374a,,X,6,0,,,,,
PI4KAP1,ENSG00000274602,18534005.0,18548798.0,22,(-),phosphatidylinositol 4-kinase alpha pseudogene 1,,X,6,0,,,,,
DEFB109F,ENSG00000244050,8199599.0,8206710.0,12,(-),defensin beta 109F (pseudogene),,X,6,0,,,,,
NR0B2,ENSG00000131910,26911484.0,26914073.0,1,(-),nuclear receptor subfamily 0 group B member 2,,X,6,0,,,,,
ALG1L9P,ENSG00000254978,71800541.0,71804640.0,11,(-),"ALG1 like 9, pseudogene",,X,6,0,,,,,
LINC01450,ENSG00000232458,40964667.0,40979939.0,7,(-),long intergenic non-protein coding RNA 1450,,X,6,0,,,,,
SLAMF9,ENSG00000162723,159951492.0,159954237.0,1,(-),SLAM family member 9,,X,6,0,,,,,
TBC1D27P,ENSG00000128438,16923996.0,16932505.0,17,(-),"TBC1 domain family member 27, pseudogene",,X,6,0,,,,,
KLHL23,ENSG00000213160,169694435.0,169792697.0,2,(+),kelch like family member 23,,X,6,0,,,,,
CCAT2,ENSG00000280997,127400399.0,127402150.0,8,(+),colon cancer associated transcript 2,,X,6,0,,,,,
CLCA4,ENSG00000016602,86547076.0,86580758.0,1,(+),chloride channel accessory 4,,X,6,0,,,,,
MRPL30P1,ENSG00000276576,57029521.0,57029988.0,6,(+),mitochondrial ribosomal protein L30 pseudogene 1,,X,6,0,,,,,
MIR7847,ENSG00000284594,1880045.0,1880147.0,11,(+),microRNA 7847,,X,6,0,,,,,
CABP7,ENSG00000100314,29719998.0,29731833.0,22,(+),calcium binding protein 7,,X,6,0,,,,,
LINC02090,ENSG00000230969,16988329.0,17023501.0,17,(+),long intergenic non-protein coding RNA 2090,,X,6,0,,,,,
GSTA6P,ENSG00000223622,52805613.0,52813460.0,6,(-),"glutathione S-transferase alpha 6, pseudogene",,X,6,0,,,,,
TPMTP1,ENSG00000267156,47630112.0,47630848.0,18,(+),thiopurine S-methyltransferase pseudogene 1,,X,6,0,,,,,
PKLR,ENSG00000143627,155289265.0,155301443.0,1,(-),pyruvate kinase L/R,,X,6,0,,,,,
FAM236B,ENSG00000268994,72781858.0,72782798.0,X,(-),family with sequence similarity 236 member B,,X,6,0,,,,,
UNC13C,ENSG00000137766,53978201.0,54631744.0,15,(+),unc-13 homolog C,,X,6,0,,,,,
LINC02156,ENSG00000257906,47377638.0,47420192.0,12,(+),long intergenic non-protein coding RNA 2156,,X,6,0,,,,,
AK3P2,ENSG00000250115,143057060.0,143057816.0,8,(-),AK3 pseudogene 2,,X,6,0,,,,,
OR2X1P,ENSG00000224830,247938973.0,247939659.0,1,(+),olfactory receptor family 2 subfamily X member 1 pseudogene,,X,6,0,,,,,
KCNK17,ENSG00000124780,39298998.0,39314461.0,6,(-),potassium two pore domain channel subfamily K member 17,,X,6,0,,,,,
ARL14,ENSG00000179674,160677160.0,160678448.0,3,(+),ARF like GTPase 14,,X,6,0,,,,,
NPM1P35,ENSG00000255213,62330946.0,62331813.0,11,(+),nucleophosmin 1 pseudogene 35,,X,6,0,,,,,
SERBP1P5,ENSG00000249565,78180866.0,78182046.0,4,(-),SERPINE1 mRNA binding protein 1 pseudogene 5,,X,6,0,,,,,
RASSF6,ENSG00000169435,73571550.0,73620631.0,4,(-),Ras association domain family member 6,,X,6,0,,,,,
ZNF299P,ENSG00000219368,23090028.0,23091831.0,21,(-),"zinc finger protein 299, pseudogene",,X,6,0,,,,,
GSTA8P,ENSG00000220377,52687930.0,52703825.0,6,(-),"glutathione S-transferase alpha 8, pseudogene",,X,6,0,,,,,
HIGD1AP8,ENSG00000237303,11481383.0,11481656.0,12,(+),HIG1 hypoxia inducible domain family member 1A pseudogene 8,,X,6,0,,,,,
NPTX2,ENSG00000106236,98617254.0,98629870.0,7,(+),neuronal pentraxin 2,,X,6,0,,,,,
MIR186,ENSG00000207721,71067631.0,71067716.0,1,(-),microRNA 186,,X,6,0,,,,,
CTAGE1,ENSG00000212710,22413599.0,22417915.0,18,(-),cutaneous T cell lymphoma-associated antigen 1,,X,6,0,,,,,
SLC2A7,ENSG00000197241,9002973.0,9026423.0,1,(-),solute carrier family 2 member 7,,X,6,0,,,,,
THRAP3P3,ENSG00000235920,11820317.0,11821294.0,7,(-),THRAP3 pseudogene 3,,X,6,0,,,,,
LINC03008,ENSG00000229196,130141481.0,130143428.0,7,(+),long intergenic non-protein coding RNA 3008,,X,6,0,,,,,
ZNF254,ENSG00000213096,24033405.0,24179008.0,19,(+),zinc finger protein 254,,X,6,0,,,,,
NDUFB1P2,ENSG00000234523,222945725.0,222945900.0,1,(+),NADH:ubiquinone oxidoreductase subunit B1 pseudogene 2,,X,6,0,,,,,
ZNF37BP,ENSG00000234420,42519695.0,42521046.0,10,(-),"zinc finger protein 37B, pseudogene",,X,6,0,,,,,
ADHFE1,ENSG00000147576,66432459.0,66470469.0,8,(+),alcohol dehydrogenase iron containing 1,,X,6,0,,,,,
RGPD8,ENSG00000169629,112368369.0,112434488.0,2,(-),RANBP2 like and GRIP domain containing 8,,X,6,0,,,,,
ARHGEF35,ENSG00000213214,144182888.0,144195879.0,7,(-),Rho guanine nucleotide exchange factor 35,,X,6,0,,,,,
DIP2A,ENSG00000160305,46458841.0,46572746.0,21,(+),disco interacting protein 2 homolog A,,X,6,0,,,,,
CYP2C8,ENSG00000138115,95034359.0,95069603.0,10,(-),cytochrome P450 family 2 subfamily C member 8,,X,6,0,,,,,
SNRPCP6,ENSG00000254683,7143632.0,7143841.0,8,(-),small nuclear ribonucleoprotein polypeptide C pseudogene 6,,X,6,0,,,,,
BCL2L10,ENSG00000137875,52109263.0,52112775.0,15,(-),BCL2 like 10,,X,6,0,,,,,
MIR6747,ENSG00000276102,62567011.0,62567071.0,11,(-),microRNA 6747,,X,6,0,,,,,
TBC1D26,ENSG00000214946,15732247.0,15746162.0,17,(+),TBC1 domain family member 26,,X,6,0,,,,,
MLF1,ENSG00000178053,158571151.0,158607255.0,3,(+),myeloid leukemia factor 1,,X,6,0,,,,,
SNORA48B,ENSG00000212214,3532117.0,3532251.0,X,(-),"small nucleolar RNA, H/ACA box 48B",,X,6,0,,,,,
RRN3P1,ENSG00000248124,21797750.0,21820384.0,16,(-),RRN3 pseudogene 1,,X,6,0,,,,,
MIR6855,ENSG00000276124,129869605.0,129869671.0,9,(+),microRNA 6855,,X,6,0,,,,,
SEPTIN7P2,ENSG00000214765,45736787.0,45765812.0,7,(-),septin 7 pseudogene 2,,X,6,0,,,,,
LINC02236,ENSG00000251365,6765885.0,6833120.0,5,(+),long intergenic non-protein coding RNA 2236,,X,6,0,,,,,
NCALD,ENSG00000104490,101686542.0,102124907.0,8,(-),neurocalcin delta,,X,6,0,,,,,
MIR3684,ENSG00000265213,98997387.0,98997460.0,4,(+),microRNA 3684,,X,6,0,,,,,
MIR1183,ENSG00000221783,21471058.0,21471146.0,7,(+),microRNA 1183,,X,6,0,,,,,
PFN1P4,ENSG00000225080,148129497.0,148129898.0,1,(+),profilin 1 pseudogene 4,,X,6,0,,,,,
RASA4DP,ENSG00000233297,102681836.0,102690469.0,7,(-),"RAS p21 protein activator 4D, pseudogene",,X,6,0,,,,,
HMGN2P48,ENSG00000229979,153052150.0,153052413.0,X,(-),high mobility group nucleosomal binding domain 2 pseudogene 48,,X,6,0,,,,,
ATP6V1G3,ENSG00000151418,198523211.0,198540945.0,1,(-),ATPase H+ transporting V1 subunit G3,,X,6,0,,,,,
ANAPC1P1,ENSG00000233673,86871301.0,86912978.0,2,(+),ANAPC1 pseudogene 1,,X,6,0,,,,,
HCG4,ENSG00000176998,29791753.0,29792750.0,6,(-),HLA complex group 4,,X,6,0,,,,,
IGF1,ENSG00000017427,102395874.0,102481857.0,12,(-),insulin like growth factor 1,,X,6,0,,,,,
CR2,ENSG00000117322,207453024.0,207489895.0,1,(+),complement C3d receptor 2,X,,9,0,,,,,
SDC1,ENSG00000115884,20200796.0,20225512.0,2,(-),syndecan 1,X,,9,0,,,,,
CXCL3,ENSG00000163734,74036589.0,74038807.0,4,(-),C-X-C motif chemokine ligand 3,X,,10,0,,,,,
CSF3,ENSG00000108342,40015361.0,40017816.0,17,(+),colony stimulating factor 3,X,,10,0,,,,,
IL17B,ENSG00000127743,149371324.0,149404202.0,5,(-),interleukin 17B,X,,12,0,,,,,
CIAO2A,ENSG00000166797,64072113.0,64094262.0,15,(-),cytosolic iron-sulfur assembly component 2A,X,,13,0,,,,,
DPM1,ENSG00000000419,50932897.0,50959145.0,20,(-),"dolichyl-phosphate mannosyltransferase subunit 1, catalytic",X,,13; 18,0,,,,,
GEMIN2,ENSG00000092208,39114285.0,39139037.0,14,(+),gem nuclear organelle associated protein 2,X,,13,0,,,,,
HAUS1,ENSG00000152240,46104326.0,46129589.0,18,(+),HAUS augmin like complex subunit 1,X,,13; 18,0,,,,,
PDCD10,ENSG00000114209,167677517.0,167735039.0,3,(-),programmed cell death 10,X,,13,0,,,,,
POLR2K,ENSG00000147669,100150610.0,100154005.0,8,(+),"RNA polymerase II, I and III subunit K",X,,13,0,,,,,
TRIAP1,ENSG00000170855,120443065.0,120446415.0,12,(-),TP53 regulated inhibitor of apoptosis 1,X,,13,0,,,,,
MMAA,ENSG00000151611,145599042.0,145660033.0,4,(+),metabolism of cobalamin associated A,X,,15,0,,,,,
DEFA1B,ENSG00000240247,6996766.0,6999206.0,8,(-),defensin alpha 1B,X,,15,0,,,,,
LRFN1,ENSG00000128011,39306566.0,39320966.0,19,(-),leucine rich repeat and fibronectin type III domain containing 1,X,,15,0,,,,,
BPI,ENSG00000101425,38260141.0,38337505.0,20,(+),bactericidal permeability increasing protein,X,,15,0,,,,,
CYSTM1,ENSG00000120306,140174924.0,140282212.0,5,(+),cysteine rich transmembrane module containing 1,X,,15,0,,,,,
ANKRD36C,ENSG00000174501,95836919.0,95991843.0,2,(-),ankyrin repeat domain 36C,X,,15,0,,,,,
ADGRG3,ENSG00000182885,57668106.0,57689378.0,16,(+),adhesion G protein-coupled receptor G3,X,,15,0,,,,,
PADI2,ENSG00000117115,17066761.0,17119459.0,1,(-),peptidyl arginine deiminase 2,X,,15,0,,,,,
TNFSF14,ENSG00000125735,6658085.0,6670621.0,19,(-),TNF superfamily member 14,X,,15,0,,,,,
NACA2,ENSG00000253506,61590421.0,61591219.0,17,(-),nascent polypeptide associated complex subunit alpha 2,X,,15,0,,,,,
FCAR,ENSG00000186431,54874227.0,54891420.0,19,(+),Fc alpha receptor,X,,15,0,,,,,
CEACAM8,ENSG00000124469,42580243.0,42595055.0,19,(-),CEA cell adhesion molecule 8,X,,15,0,,,,,
FRAT2,ENSG00000181274,97329255.0,97334729.0,10,(-),FRAT regulator of Wnt signaling pathway 2,X,,15,0,,,,,
PPIA,ENSG00000196262,44796620.0,44824564.0,7,(+),peptidylprolyl isomerase A,X,,16; 18,0,,,,,
IL9R,ENSG00000292373,57184171.0,57199537.0,Y,(+),interleukin 9 receptor,X,,16,0,,,,,
IL13RA1,ENSG00000131724,118727133.0,118805691.0,X,(+),interleukin 13 receptor subunit alpha 1,X,,16,0,,,,,
IL17RC,ENSG00000163702,9917040.0,9933630.0,3,(+),interleukin 17 receptor C,X,,16,0,,,,,
TGFBR2,ENSG00000163513,30606478.0,30694249.0,3,(+),transforming growth factor beta receptor 2,X,,16; 18,0,,,,,
APOD,ENSG00000189058,195568701.0,195584047.0,3,(-),apolipoprotein D,X,,16,0,,,,,
HOPX,ENSG00000171476,56647195.0,56681877.0,4,(-),HOP homeobox,X,,16; 18,0,,,,,
ZBTB32,ENSG00000011590,35704558.0,35717048.0,19,(+),zinc finger and BTB domain containing 32,X,,16,0,,,,,
ZBTB16,ENSG00000109906,114058335.0,114256765.0,11,(+),zinc finger and BTB domain containing 16,X,,16; 18,0,,,,,
S1PR1,ENSG00000170989,101235366.0,101243749.0,1,(+),sphingosine-1-phosphate receptor 1,X,,16; 18,0,,,,,
FAS,ENSG00000026103,88953813.0,89029605.0,10,(+),Fas cell surface death receptor,X,,16; 18,0,,,,,
ZNF683,ENSG00000176083,26361634.0,26374522.0,1,(-),zinc finger protein 683,X,,16; 18,0,,,,,
WDR19,ENSG00000157796,39182463.0,39285810.0,4,(+),WD repeat domain 19,X,,18,0,,,,,
KLF2,ENSG00000127528,16324613.0,16328685.0,19,(+),KLF transcription factor 2,X,,18,0,,,,,
CST7,ENSG00000077984,24949257.0,24961392.0,20,(+),cystatin F,X,,18,0,,,,,
DUSP2,ENSG00000158050,96143166.0,96145447.0,2,(-),dual specificity phosphatase 2,X,,18,0,,,,,
RPL3,ENSG00000100316,39312870.0,39320389.0,22,(-),ribosomal protein L3,X,,18,0,,,,,
PABPC1,ENSG00000070756,100685816.0,100722809.0,8,(-),poly(A) binding protein cytoplasmic 1,X,,18,0,,,,,
LYAR,ENSG00000145220,4267572.0,4290196.0,4,(-),Ly1 antibody reactive,X,,18,0,,,,,
RPS14,ENSG00000164587,150429756.0,150449952.0,5,(-),ribosomal protein S14,X,,18,0,,,,,
KLRG1,ENSG00000139187,8950044.0,9165627.0,12,(+),killer cell lectin like receptor G1,X,,18,0,,,,,
RPS2,ENSG00000140988,1961987.0,1965510.0,16,(-),ribosomal protein S2,X,,18,0,,,,,
RPL5,ENSG00000122406,92831990.0,92841924.0,1,(+),ribosomal protein L5,X,,18,0,,,,,
FCMR,ENSG00000162894,206903267.0,206923247.0,1,(-),Fc mu receptor,X,,18,0,,,,,
EEF1A1,ENSG00000156508,73489308.0,73525587.0,6,(-),eukaryotic translation elongation factor 1 alpha 1,X,,18,0,,,,,
SAMD3,ENSG00000164483,130144313.0,130365604.0,6,(-),sterile alpha motif domain containing 3,X,,18,0,,,,,
RPLP0,ENSG00000089157,120196698.0,120201235.0,12,(-),ribosomal protein lateral stalk subunit P0,X,,18,0,,,,,
CLDND1,ENSG00000080822,98496785.0,98523066.0,3,(-),claudin domain containing 1,X,,18,0,,,,,
H4C3,ENSG00000197061,26103933.0,26104337.0,6,(+),H4 clustered histone 3,X,,18,0,,,,,
RPL10A,ENSG00000198755,35468366.0,35470786.0,6,(+),ribosomal protein L10a,X,,18,0,,,,,
DNAJB1,ENSG00000132002,14513789.0,14560391.0,19,(-),DnaJ heat shock protein family (Hsp40) member B1,X,,18,0,,,,,
LEF1,ENSG00000138795,108045592.0,108169198.0,4,(-),lymphoid enhancer binding factor 1,X,,18,0,,,,,
RPSA,ENSG00000168028,39406709.0,39426255.0,3,(+),ribosomal protein SA,X,,18,0,,,,,
LYST,ENSG00000143669,235661041.0,235883724.0,1,(-),lysosomal trafficking regulator,X,,18,0,,,,,
EEF2,ENSG00000167658,3976044.0,3985479.0,19,(-),eukaryotic translation elongation factor 2,X,,18,0,,,,,
PTGER2,ENSG00000125384,52314226.0,52329822.0,14,(+),prostaglandin E receptor 2,X,,18,0,,,,,
RASA3,ENSG00000185989,113977783.0,114132775.0,13,(-),RAS p21 protein activator 3,X,,18,0,,,,,
KLRD1,ENSG00000134539,10226058.0,10329608.0,12,(+),killer cell lectin like receptor D1,X,,18,0,,,,,
YBX3,ENSG00000060138,10693264.0,10723689.0,12,(-),Y-box binding protein 3,X,,18,0,,,,,
GZMM,ENSG00000197540,544034.0,549924.0,19,(+),granzyme M,X,,18,0,,,,,
RPL4,ENSG00000174444,66498015.0,66524532.0,15,(-),ribosomal protein L4,X,,18,0,,,,,
SYNE2,ENSG00000054654,63761899.0,64228142.0,14,(+),spectrin repeat containing nuclear envelope protein 2,X,,18,0,,,,,
AUTS2,ENSG00000158321,69598296.0,70793506.0,7,(+),activator of transcription and developmental regulator AUTS2,X,,18,0,,,,,
EPB41,ENSG00000159023,28887073.0,29120052.0,1,(+),erythrocyte membrane protein band 4.1,X,,18,0,,,,,
ISG20,ENSG00000172183,88635605.0,88656483.0,15,(+),interferon stimulated exonuclease gene 20,X,,18,0,,,,,
APMAP,ENSG00000101474,24962924.0,24992784.0,20,(-),adipocyte plasma membrane associated protein,X,,18,0,,,,,
SMCHD1,ENSG00000101596,2655656.0,2805398.0,18,(+),structural maintenance of chromosomes flexible hinge domain containing 1,X,,18,0,,,,,
ATM,ENSG00000149311,108222788.0,108369102.0,11,(+),ATM serine/threonine kinase,X,,18,0,,,,,
GIMAP5,ENSG00000196329,150722253.0,150750033.0,7,(+),"GTPase, IMAP family member 5",X,,18,0,,,,,
MYCBP,ENSG00000214114,38862356.0,38873388.0,1,(-),MYC binding protein,X,,18,0,,,,,
MYCBP2,ENSG00000005810,77042474.0,77327105.0,13,(-),MYC binding protein 2,X,,18,0,,,,,
HLA-DMB,ENSG00000242574,32929338.0,32941490.0,6,(-),"major histocompatibility complex, class II, DM beta",X,,18,0,,,,,
ATP5IF1,ENSG00000130770,28236072.0,28246908.0,1,(+),ATP synthase inhibitory factor subunit 1,X,,18,0,,,,,
CTSW,ENSG00000172543,65879809.0,65883741.0,11,(+),cathepsin W,X,,18,0,,,,,
NINJ2,ENSG00000171840,562852.0,663753.0,12,(-),ninjurin 2,X,,18,0,,,,,
GZMH,ENSG00000100450,24606480.0,24609821.0,14,(-),granzyme H,X,,18,0,,,,,
LTB,ENSG00000227507,31580525.0,31582522.0,6,(-),lymphotoxin beta,X,,18,0,,,,,
CAPG,ENSG00000042493,85388144.0,85422017.0,2,(-),"capping actin protein, gelsolin like",X,,18,0,,,,,
EVL,ENSG00000196405,99971444.0,100144236.0,14,(+),Enah/Vasp-like,X,,18,0,,,,,
POLD3,ENSG00000077514,74493851.0,74669117.0,11,(+),"DNA polymerase delta 3, accessory subunit",X,,18,0,,,,,
POC1A,ENSG00000164087,52074590.0,52154746.0,3,(-),POC1 centriolar protein A,X,,18,0,,,,,
DYNLT2B,ENSG00000213123,196291219.0,196318328.0,3,(-),dynein light chain Tctex-type 2B,X,,18,0,,,,,
PRIM2,ENSG00000146143,57221513.0,57647924.0,6,(+),DNA primase subunit 2,X,,18,0,,,,,
SAMD1,ENSG00000141858,14086762.0,14091036.0,19,(-),sterile alpha motif domain containing 1,X,,18,0,,,,,
HNRNPLL,ENSG00000143889,38561891.0,38603586.0,2,(-),heterogeneous nuclear ribonucleoprotein L like,X,,18,0,,,,,
CORO1B,ENSG00000172725,67435510.0,67443828.0,11,(-),coronin 1B,X,,18,0,,,,,
DTHD1,ENSG00000197057,36281616.0,36347511.0,4,(+),death domain containing 1,X,,18,0,,,,,
SYPL1,ENSG00000008282,106086672.0,106112618.0,7,(-),synaptophysin like 1,X,,18,0,,,,,
CITED4,ENSG00000179862,40861054.0,40862363.0,1,(-),Cbp/p300 interacting transactivator with Glu/Asp rich carboxy-terminal domain 4,X,,18,0,,,,,
BEX4,ENSG00000102409,103215068.0,103217931.0,X,(+),brain expressed X-linked 4,X,,18,0,,,,,
FXYD7,ENSG00000221946,35143148.0,35154303.0,19,(+),FXYD domain containing ion transport regulator 7,X,,18,0,,,,,
ITGA6,ENSG00000091409,172234216.0,172506565.0,2,(+),integrin subunit alpha 6,X,,18,0,,,,,
CIRBP,ENSG00000099622,1259384.0,1274880.0,19,(+),cold inducible RNA binding protein,X,,18,0,,,,,
ACAA2,ENSG00000167315,49781714.0,49813965.0,18,(-),acetyl-CoA acyltransferase 2,X,,18,0,,,,,
TYROBP,ENSG00000011600,35904398.0,35908318.0,19,(-),transmembrane immune signaling adaptor TYROBP,X,,18,0,,,,,
PSME1,ENSG00000092010,24136142.0,24138967.0,14,(+),proteasome activator subunit 1,X,,18,0,,,,,
TUBA4A,ENSG00000127824,219249710.0,219277902.0,2,(-),tubulin alpha 4a,X,,18,0,,,,,
RSL1D1,ENSG00000171490,11833850.0,11851586.0,16,(-),ribosomal L1 domain containing 1,X,,18,0,,,,,
EIF3F,ENSG00000175390,7970251.0,8001862.0,11,(+),eukaryotic translation initiation factor 3 subunit F,X,,18,0,,,,,
R3HDM4,ENSG00000198858,896503.0,913245.0,19,(-),R3H domain containing 4,X,,18,0,,,,,
RCAN3,ENSG00000117602,24502320.0,24541040.0,1,(+),RCAN family member 3,X,,18,0,,,,,
ANP32B,ENSG00000136938,97983126.0,98017079.0,9,(+),acidic nuclear phosphoprotein 32 family member B,X,,18,0,,,,,
ALKBH7,ENSG00000125652,6372715.0,6377261.0,19,(+),alkB homolog 7,X,,18,0,,,,,
PLAC8,ENSG00000145287,83059493.0,83137075.0,4,(-),placenta associated 8,X,,18,0,,,,,
BUB3,ENSG00000154473,123154365.0,123313144.0,10,(+),BUB3 mitotic checkpoint protein,X,,18,0,,,,,
BHLHE40,ENSG00000134107,4978715.0,4985323.0,3,(+),basic helix-loop-helix family member e40,X,,18,0,,,,,
PPP1R14B,ENSG00000173457,64244478.0,64246956.0,11,(-),protein phosphatase 1 regulatory inhibitor subunit 14B,X,,18,0,,,,,
TMEM273,ENSG00000204161,49153753.0,49188585.0,10,(-),transmembrane protein 273,X,,18,0,,,,,
PRR5,ENSG00000186654,44668547.0,44737681.0,22,(+),proline rich 5,X,,18,0,,,,,
PCNX1,ENSG00000100731,70907368.0,71115382.0,14,(+),pecanex 1,X,,18,0,,,,,
DEK,ENSG00000124795,18223860.0,18265997.0,6,(-),DEK proto-oncogene,X,,18,0,,,,,
PAG1,ENSG00000076641,80967810.0,81112121.0,8,(-),phosphoprotein membrane anchor with glycosphingolipid microdomains 1,X,,18,0,,,,,
MGAT5,ENSG00000152127,134119892.0,134454621.0,2,(+),"alpha-1,6-mannosylglycoprotein 6-beta-N-acetylglucosaminyltransferase",X,,18,0,,,,,
RABAC1,ENSG00000105404,41956681.0,41959390.0,19,(-),Rab acceptor 1,X,,18,0,,,,,
SLC2A4RG,ENSG00000125520,63739758.0,63744603.0,20,(+),SLC2A4 regulator,X,,18,0,,,,,
INPP4B,ENSG00000109452,142023160.0,142847432.0,4,(-),inositol polyphosphate-4-phosphatase type II B,X,,18,0,,,,,
CMTM6,ENSG00000091317,32474175.0,32502858.0,3,(-),CKLF like MARVEL transmembrane domain containing 6,X,,18,0,,,,,
ODF2L,ENSG00000122417,86346824.0,86396343.0,1,(-),outer dense fiber of sperm tails 2 like,X,,18,0,,,,,
YWHAQ,ENSG00000134308,9583334.0,9639472.0,2,(-),tyrosine 3-monooxygenase/tryptophan 5-monooxygenase activation protein theta,X,,18,0,,,,,
TOB1,ENSG00000141232,50861311.0,50867978.0,17,(-),"transducer of ERBB2, 1",X,,18,0,,,,,
GTF3A,ENSG00000122034,27424584.0,27435823.0,13,(+),general transcription factor IIIA,X,,18,0,,,,,
TMEM14C,ENSG00000111843,10722915.0,10731141.0,6,(+),transmembrane protein 14C,X,,18,0,,,,,
F2R,ENSG00000181104,76715820.0,76735770.0,5,(+),coagulation factor II thrombin receptor,X,,18,0,,,,,
RNH1,ENSG00000023191,494510.0,507395.0,11,(-),ribonuclease/angiogenin inhibitor 1,X,,18,0,,,,,
TESC,ENSG00000088992,117038923.0,117099479.0,12,(-),tescalcin,X,,18,0,,,,,
PARP2,ENSG00000129484,20343541.0,20362074.0,14,(+),poly(ADP-ribose) polymerase 2,X,,18,0,,,,,
CHAMP1,ENSG00000198824,114314482.0,114337626.0,13,(+),chromosome alignment maintaining phosphoprotein 1,X,,18,0,,,,,
MAPRE1,ENSG00000101367,32819769.0,32856294.0,20,(+),microtubule associated protein RP/EB family member 1,X,,18,0,,,,,
ATAD3A,ENSG00000197785,1512118.0,1534689.0,1,(+),ATPase family AAA domain containing 3A,X,,18,0,,,,,
STOML2,ENSG00000165283,35099469.0,35103195.0,9,(-),stomatin like 2,X,,18,0,,,,,
NSL1,ENSG00000117697,212726153.0,212791799.0,1,(-),NSL1 component of MIS12 kinetochore complex,X,,18,0,,,,,
EXOC6,ENSG00000138190,92826831.0,93059493.0,10,(+),exocyst complex component 6,X,,18,0,,,,,
ZMYND19,ENSG00000165724,137582066.0,137590520.0,9,(-),zinc finger MYND-type containing 19,X,,18,0,,,,,
USP14,ENSG00000101557,158328.0,214629.0,18,(+),ubiquitin specific peptidase 14,X,,18,0,,,,,
CASP3,ENSG00000164305,184627695.0,184650418.0,4,(-),caspase 3,X,,18,0,,,,,
AARS1,ENSG00000090861,70251983.0,70289707.0,16,(-),alanyl-tRNA synthetase 1,X,,18,0,,,,,
CTNNBIP1,ENSG00000178585,9848269.0,9910378.0,1,(-),catenin beta interacting protein 1,X,,18,0,,,,,
ASH2L,ENSG00000129691,38105493.0,38144124.0,8,(+),"ASH2 like, histone lysine methyltransferase complex subunit",X,,18,0,,,,,
VANGL1,ENSG00000173218,115641854.0,115698224.0,1,(+),VANGL planar cell polarity protein 1,X,,18,0,,,,,
CYB561A3,ENSG00000162144,61348453.0,61362343.0,11,(-),cytochrome b561 family member A3,X,,18,0,,,,,
NUP155,ENSG00000113569,37288042.0,37371187.0,5,(-),nucleoporin 155,X,,18,0,,,,,
COMMD5,ENSG00000170619,144837760.0,144854229.0,8,(-),COMM domain containing 5,X,,18,0,,,,,
POLR2D,ENSG00000144231,127843553.0,127858163.0,2,(-),RNA polymerase II subunit D,X,,18,0,,,,,
CPSF3,ENSG00000119203,9423623.0,9473117.0,2,(+),cleavage and polyadenylation specific factor 3,X,,18,0,,,,,
PARVB,ENSG00000188677,43999211.0,44172939.0,22,(+),parvin beta,X,,18,0,,,,,
CDK19,ENSG00000155111,110609978.0,110815958.0,6,(-),cyclin dependent kinase 19,X,,18,0,,,,,
POLH,ENSG00000170734,43575537.0,43628361.0,6,(+),DNA polymerase eta,X,,18,0,,,,,
PPIL3,ENSG00000240344,200870907.0,200889358.0,2,(-),peptidylprolyl isomerase like 3,X,,18,0,,,,,
G2E3,ENSG00000092140,30559104.0,30620167.0,14,(+),G2/M-phase specific E3 ubiquitin protein ligase,X,,18,0,,,,,
ELP6,ENSG00000163832,47490710.0,47513738.0,3,(-),elongator acetyltransferase complex subunit 6,X,,18,0,,,,,
MRPL10,ENSG00000159111,47823272.0,47831545.0,17,(-),mitochondrial ribosomal protein L10,X,,18,0,,,,,
CDC42SE2,ENSG00000158985,131245493.0,131398447.0,5,(+),CDC42 small effector 2,X,,18,0,,,,,
CD8B2,ENSG00000254126,106487350.0,106544297.0,2,(+),CD8B family member 2,X,,18,0,,,,,
PEBP1,ENSG00000089220,118136066.0,118150564.0,12,(+),phosphatidylethanolamine binding protein 1,X,,18,0,,,,,
APOBEC3G,ENSG00000239713,39077054.0,39087744.0,22,(+),apolipoprotein B mRNA editing enzyme catalytic subunit 3G,X,,18,0,,,,,
PTMS,ENSG00000159335,6765516.0,6770952.0,12,(+),parathymosin,X,,18,0,,,,,
PIK3IP1,ENSG00000100100,31281594.0,31292544.0,22,(-),phosphoinositide-3-kinase interacting protein 1,X,,18,0,,,,,
CDK2AP2,ENSG00000167797,67506490.0,67508701.0,11,(-),cyclin dependent kinase 2 associated protein 2,X,,18,0,,,,,
SCAMP2,ENSG00000140497,74843728.0,74873374.0,15,(-),secretory carrier membrane protein 2,X,,18,0,,,,,
DYNLL1,ENSG00000088986,120468451.0,120498913.0,12,(+),dynein light chain LC8-type 1,X,,18,0,,,,,
NDUFA13,ENSG00000186010,19515728.0,19529054.0,19,(+),NADH:ubiquinone oxidoreductase subunit A13,X,,18,0,,,,,
PTTG1IP,ENSG00000183255,44849585.0,44873903.0,21,(-),PTTG1 interacting protein,X,,18,0,,,,,
ERGIC1,ENSG00000113719,172834251.0,172952792.0,5,(+),endoplasmic reticulum-golgi intermediate compartment 1,X,,18,0,,,,,
LTBP3,ENSG00000168056,65538556.0,65558930.0,11,(-),latent transforming growth factor beta binding protein 3,X,,18,0,,,,,
SNTA1,ENSG00000101400,33407955.0,33443897.0,20,(-),syntrophin alpha 1,X,,18,0,,,,,
RGS2,ENSG00000116741,192809038.0,192812283.0,1,(+),regulator of G protein signaling 2,X,,18,0,,,,,
DUSP16,ENSG00000111266,12473282.0,12563147.0,12,(-),dual specificity phosphatase 16,X,,18,0,,,,,
MAPKAPK2,ENSG00000162889,206684871.0,206734284.0,1,(+),MAPK activated protein kinase 2,X,,18,0,,,,,
TIFA,ENSG00000145365,112272966.0,112302436.0,4,(-),TRAF interacting protein with forkhead associated domain,X,,18,0,,,,,
IGFLR1,ENSG00000126246,35738798.0,35742459.0,19,(-),IGF like family receptor 1,X,,18,0,,,,,
TAGLN2,ENSG00000158710,159918106.0,159925546.0,1,(-),transgelin 2,X,,18,0,,,,,
TAGLN,ENSG00000149591,117197509.0,117207464.0,11,(+),transgelin,X,,18,0,,,,,
LCP2,ENSG00000043462,170246233.0,170297845.0,5,(-),lymphocyte cytosolic protein 2,X,,18,0,,,,,
BMAL1,ENSG00000133794,13276647.0,13388048.0,11,(+),basic helix-loop-helix ARNT like 1,X,,18,0,,,,,
CHD7,ENSG00000171316,60678715.0,60868031.0,8,(+),chromodomain helicase DNA binding protein 7,X,,18,0,,,,,
G3BP2,ENSG00000138757,75641849.0,75726301.0,4,(-),G3BP stress granule assembly factor 2,X,,18,0,,,,,
CELF2,ENSG00000048740,10798397.0,11336675.0,10,(+),CUGBP Elav-like family member 2,X,,18,0,,,,,
SEPTIN11,ENSG00000138758,76949700.0,77040942.0,4,(+),septin 11,X,,18,0,,,,,
ARF6,ENSG00000165527,49892608.0,49897202.0,14,(+),ARF GTPase 6,X,,18,0,,,,,
LMO4,ENSG00000143013,87328428.0,87348923.0,1,(+),LIM domain only 4,X,,18,0,,,,,
ZNRF1,ENSG00000186187,74999007.0,75110994.0,16,(+),zinc and ring finger 1,X,,18,0,,,,,
ACTB,ENSG00000075624,5526409.0,5563902.0,7,(-),actin beta,X,,18,0,,,,,
FANCD2,ENSG00000144554,10026370.0,10101937.0,3,(+),FA complementation group D2,X,,18,0,,,,,
SMARCD2,ENSG00000108604,63832078.0,63843065.0,17,(-),SWI/SNF related BAF chromatin remodeling complex subunit D2,X,,18,0,,,,,
NUDCD2,ENSG00000170584,163446526.0,163460404.0,5,(-),NudC domain containing 2,X,,18,0,,,,,
HLA-DQA2,ENSG00000237541,32741391.0,32747198.0,6,(+),"major histocompatibility complex, class II, DQ alpha 2",X,,18,0,,,,,
ITGB1,ENSG00000150093,32750310.0,33005792.0,10,(-),integrin subunit beta 1,X,,18,0,,,,,
MRPL12,ENSG00000262814,81703357.0,81711112.0,17,(+),mitochondrial ribosomal protein L12,X,,18,0,,,,,
H4C5,ENSG00000276966,26204610.0,26205021.0,6,(+),H4 clustered histone 5,X,,18,0,,,,,
WEE1,ENSG00000166483,9573540.0,9593457.0,11,(+),WEE1 G2 checkpoint kinase,X,,18,0,,,,,
SMARCB1,ENSG00000099956,23786931.0,23838009.0,22,(+),SWI/SNF related BAF chromatin remodeling complex subunit B1,X,,18,0,,,,,
RUSC1,ENSG00000160753,155320739.0,155331422.0,1,(+),RUN and SH3 domain containing 1,X,,18,0,,,,,
RAD54L,ENSG00000085999,46246461.0,46282459.0,1,(+),RAD54 like,X,,18,0,,,,,
CTDSPL2,ENSG00000137770,44427187.0,44529038.0,15,(+),CTD small phosphatase like 2,X,,18,0,,,,,
TMEM18,ENSG00000151353,663877.0,677470.0,2,(-),transmembrane protein 18,X,,18,0,,,,,
AKIP1,ENSG00000166452,8911108.0,8922406.0,11,(+),A-kinase interacting protein 1,X,,18,0,,,,,
NUTF2,ENSG00000102898,67844369.0,67872569.0,16,(+),nuclear transport factor 2,X,,18,0,,,,,
CTSZ,ENSG00000101160,58985686.0,59008238.0,20,(-),cathepsin Z,X,,18,0,,,,,
PHPT1,ENSG00000054148,136847994.0,136851043.0,9,(+),phosphohistidine phosphatase 1,X,,18,0,,,,,
EMC9,ENSG00000100908,24138958.0,24142023.0,14,(-),ER membrane protein complex subunit 9,X,,18,0,,,,,
HEBP1,ENSG00000013583,12974867.0,13000310.0,12,(-),heme binding protein 1,X,,18,0,,,,,
FANCB,ENSG00000181544,14690388.0,14873255.0,X,(-),FA complementation group B,X,,18,0,,,,,
PGRMC1,ENSG00000101856,119236226.0,119244468.0,X,(+),progesterone receptor membrane component 1,X,,18,0,,,,,
CCP110,ENSG00000103540,19523808.0,19553408.0,16,(+),centriolar coiled-coil protein 110,X,,18,0,,,,,
CISD1,ENSG00000122873,58269113.0,58291167.0,10,(+),CDGSH iron sulfur domain 1,X,,18,0,,,,,
SKP2,ENSG00000145604,36151989.0,36196849.0,5,(+),S-phase kinase associated protein 2,X,,18,0,,,,,
TRAIP,ENSG00000183763,49828595.0,49856597.0,3,(-),TRAF interacting protein,X,,18,0,,,,,
ATP23,ENSG00000166896,57906039.0,57959148.0,12,(+),ATP23 metallopeptidase and ATP synthase assembly factor homolog,X,,18,0,,,,,
PASK,ENSG00000115687,241106094.0,241150852.0,2,(-),PAS domain containing serine/threonine kinase,X,,18,0,,,,,
LDHB,ENSG00000111716,21635339.0,21757890.0,12,(-),lactate dehydrogenase B,X,,18,0,,,,,
FLT3LG,ENSG00000090554,49474150.0,49486233.0,19,(+),fms related receptor tyrosine kinase 3 ligand,X,,18,0,,,,,
MRPL39,ENSG00000154719,25572145.0,25607588.0,21,(-),mitochondrial ribosomal protein L39,X,,18,0,,,,,
RPL39L,ENSG00000163923,187120927.0,187180972.0,3,(-),ribosomal protein L39 like,X,,18,0,,,,,
MRPS16,ENSG00000182180,73248760.0,73252693.0,10,(-),mitochondrial ribosomal protein S16,X,,18,0,,,,,
MRPL11,ENSG00000174547,66435075.0,66466738.0,11,(-),mitochondrial ribosomal protein L11,X,,18,0,,,,,
MRPL37,ENSG00000116221,54184041.0,54225489.0,1,(+),mitochondrial ribosomal protein L37,X,,18,0,,,,,
RPS6KA3,ENSG00000177189,20149911.0,20267519.0,X,(-),ribosomal protein S6 kinase A3,X,,18,0,,,,,
SESN3,ENSG00000149212,95165513.0,95232541.0,11,(-),sestrin 3,X,,18,0,,,,,
MAL,ENSG00000172005,95025677.0,95054942.0,2,(+),"mal, T cell differentiation protein (MAL blood group)",X,,18,0,,,,,
PRPSAP1,ENSG00000161542,76309478.0,76384521.0,17,(-),phosphoribosyl pyrophosphate synthetase associated protein 1,X,,18,0,,,,,
TRADD,ENSG00000102871,67153969.0,67163760.0,16,(-),TNFRSF1A associated via death domain,X,,18,0,,,,,
AQP3,ENSG00000165272,33441156.0,33447596.0,9,(-),aquaporin 3 (Gill blood group),X,,18,0,,,,,
EIF3E,ENSG00000104408,108162787.0,108443496.0,8,(-),eukaryotic translation initiation factor 3 subunit E,X,,18,0,,,,,
NPM1,ENSG00000181163,171387086.0,171411952.0,5,(+),nucleophosmin 1,X,,18,0,,,,,
PIM3,ENSG00000198355,49956491.0,49991795.0,22,(+),"Pim-3 proto-oncogene, serine/threonine kinase",X,,18,0,,,,,
CD5,ENSG00000110448,61102466.0,61127952.0,11,(+),CD5 molecule,X,,18,0,,,,,
CD53,ENSG00000143119,110871170.0,110899936.0,1,(+),CD53 molecule,X,,18,0,,,,,
CD59,ENSG00000085063,33703010.0,33737293.0,11,(-),CD59 molecule (CD59 blood group),X,,18,0,,,,,
GSTK1,ENSG00000197448,143244093.0,143272483.0,7,(+),glutathione S-transferase kappa 1,X,,18,0,,,,,
RASGRP2,ENSG00000068831,64726905.0,64745456.0,11,(-),RAS guanyl releasing protein 2,X,,18,0,,,,,
SH3BP5,ENSG00000131370,15254254.0,15341368.0,3,(-),SH3 domain binding protein 5,X,,18,0,,,,,
MRPL17,ENSG00000158042,6680364.0,6683411.0,11,(-),mitochondrial ribosomal protein L17,X,,18,0,,,,,
NPDC1,ENSG00000107281,137037577.0,137046700.0,9,(-),"neural proliferation, differentiation and control 1",X,,18,0,,,,,
DGKA,ENSG00000065357,55927319.0,55954027.0,12,(+),diacylglycerol kinase alpha,X,,18,0,,,,,
RNASET2,ENSG00000026297,166922113.0,166957448.0,6,(-),ribonuclease T2,X,,18,0,,,,,
SERP1,ENSG00000120742,150518545.0,150603228.0,3,(-),stress associated endoplasmic reticulum protein 1,X,,18,0,,,,,
SORL1,ENSG00000137642,121451581.0,121633763.0,11,(+),sortilin related receptor 1,X,,18,0,,,,,
LATS2,ENSG00000150457,20973029.0,21061605.0,13,(-),large tumor suppressor kinase 2,X,,18,0,,,,,
LAT,ENSG00000213658,28984808.0,28990784.0,16,(+),linker for activation of T cells,X,,18,0,,,,,
FTL,ENSG00000087086,48965275.0,48967896.0,19,(+),ferritin light chain,X,,18,0,,,,,
PRMT2,ENSG00000160310,46635197.0,46666229.0,21,(+),protein arginine methyltransferase 2,X,,18,0,,,,,
BEX2,ENSG00000133134,103309345.0,103311298.0,X,(-),brain expressed X-linked 2,X,,18,0,,,,,
SAMHD1,ENSG00000101347,36890216.0,36951893.0,20,(-),SAM and HD domain containing deoxynucleoside triphosphate triphosphohydrolase 1,X,,18,0,,,,,
RGS10,ENSG00000148908,119499603.0,119543620.0,10,(-),regulator of G protein signaling 10,X,,18,0,,,,,
S1PR4,ENSG00000125910,3172346.0,3180332.0,19,(+),sphingosine-1-phosphate receptor 4,X,,18,0,,,,,
ARID5A,ENSG00000196843,96536699.0,96552639.0,2,(+),AT-rich interaction domain 5A,X,,18,0,,,,,
EIF5A,ENSG00000132507,7306944.0,7312506.0,17,(+),eukaryotic translation initiation factor 5A,X,,18,0,,,,,
NSD3,ENSG00000147548,38269704.0,38383021.0,8,(-),nuclear receptor binding SET domain protein 3,X,,18,0,,,,,
EIF3L,ENSG00000100129,37848868.0,37889407.0,22,(+),eukaryotic translation initiation factor 3 subunit L,X,,18,0,,,,,
BTF3,ENSG00000145741,73498408.0,73507479.0,5,(+),basic transcription factor 3,X,,18,0,,,,,
EMP3,ENSG00000142227,48321310.0,48330560.0,19,(+),epithelial membrane protein 3 (MAM blood group),X,,18,0,,,,,
HMGA1,ENSG00000137309,34235618.0,34246236.0,6,(+),high mobility group AT-hook 1,X,,18,0,,,,,
SRP14,ENSG00000140319,40032985.0,40039186.0,15,(-),signal recognition particle 14,X,,18,0,,,,,
LSR,ENSG00000105699,35248330.0,35267967.0,19,(+),lipolysis stimulated lipoprotein receptor,X,,18,0,,,,,
EMB,ENSG00000170571,50382390.0,50443248.0,5,(-),embigin,X,,18,0,,,,,
MYL12A,ENSG00000101608,3247481.0,3256730.0,18,(+),myosin light chain 12A,X,,18,0,,,,,
ZEB2,ENSG00000169554,144364364.0,144521057.0,2,(-),zinc finger E-box binding homeobox 2,X,,18,0,,,,,
B2M,ENSG00000166710,44711253.0,44718851.0,15,(+),beta-2-microglobulin,X,,18,0,,,,,
SYTL3,ENSG00000164674,158644387.0,158768361.0,6,(+),synaptotagmin like 3,X,,18,0,,,,,
CBLB,ENSG00000114423,105655461.0,105869552.0,3,(-),Cbl proto-oncogene B,X,,18,0,,,,,
BLOC1S1,ENSG00000135441,55715911.0,55720087.0,12,(+),biogenesis of lysosomal organelles complex 1 subunit 1,X,,18,0,,,,,
APOBEC3H,ENSG00000100298,39096257.0,39104071.0,22,(+),apolipoprotein B mRNA editing enzyme catalytic subunit 3H,X,,18,0,,,,,
RASAL3,ENSG00000105122,15451624.0,15464583.0,19,(-),RAS protein activator like 3,X,,18,0,,,,,
TLN1,ENSG00000137076,35696925.0,35732212.0,9,(-),talin 1,X,,18,0,,,,,
IKZF2,ENSG00000030419,212999691.0,213152427.0,2,(-),IKAROS family zinc finger 2,X,,18,0,,,,,
ARPC2,ENSG00000163466,218216630.0,218254356.0,2,(+),actin related protein 2/3 complex subunit 2,X,,18,0,,,,,
GYG1,ENSG00000163754,148991332.0,149031775.0,3,(+),glycogenin 1,X,,18,0,,,,,
HNRNPA3,ENSG00000170144,177212587.0,177226106.0,2,(+),heterogeneous nuclear ribonucleoprotein A3,X,,18,0,,,,,
UBB,ENSG00000170315,16378898.0,16382745.0,17,(+),ubiquitin B,X,,18,0,,,,,
CAP1,ENSG00000131236,40039735.0,40072767.0,1,(+),cyclase associated actin cytoskeleton regulatory protein 1,X,,18,0,,,,,
ACAP1,ENSG00000072818,7332960.0,7351478.0,17,(+),"ArfGAP with coiled-coil, ankyrin repeat and PH domains 1",X,,18,0,,,,,
PYHIN1,ENSG00000163564,158930779.0,158977059.0,1,(+),pyrin and HIN domain family member 1,X,,18,0,,,,,
S100A10,ENSG00000197747,151981697.0,151993891.0,1,(-),S100 calcium binding protein A10,X,,18,0,,,,,
SYTL2,ENSG00000137501,85694224.0,85811182.0,11,(-),synaptotagmin like 2,X,,18,0,,,,,
ARHGAP9,ENSG00000123329,57472260.0,57488831.0,12,(-),Rho GTPase activating protein 9,X,,18,0,,,,,
APOBEC3C,ENSG00000244509,39014163.0,39020352.0,22,(+),apolipoprotein B mRNA editing enzyme catalytic subunit 3C,X,,18,0,,,,,
IQGAP1,ENSG00000140575,90388207.0,90502239.0,15,(+),IQ motif containing GTPase activating protein 1,X,,18,0,,,,,
DENND4A,ENSG00000174485,65658046.0,65792307.0,15,(-),DENN domain containing 4A,X,,18,0,,,,,
MATK,ENSG00000007264,3777969.0,3802129.0,19,(-),megakaryocyte-associated tyrosine kinase,X,,18,0,,,,,
SEPTIN7,ENSG00000122545,35800932.0,35907110.0,7,(+),septin 7,X,,18,0,,,,,
ADGRE5,ENSG00000123146,14380501.0,14408729.0,19,(+),adhesion G protein-coupled receptor E5,X,,18,0,,,,,
ATP6V0E1,ENSG00000113732,172983755.0,173037672.0,5,(+),ATPase H+ transporting V0 subunit e1,X,,18,0,,,,,
ATP6AP1,ENSG00000071553,154428618.0,154436517.0,X,(+),ATPase H+ transporting accessory protein 1,X,,18,0,,,,,
HLA-DMA,ENSG00000204257,32948613.0,32969094.0,6,(-),"major histocompatibility complex, class II, DM alpha",X,,18,0,,,,,
TOX,ENSG00000198846,58805412.0,59119310.0,8,(-),thymocyte selection associated high mobility group box,X,,18,0,,,,,
PFN1,ENSG00000108518,4945652.0,4950517.0,17,(-),profilin 1,X,,18,0,,,,,
LCP1,ENSG00000136167,46125920.0,46211871.0,13,(-),lymphocyte cytosolic protein 1,X,,18,0,,,,,
HLA-DQA1,ENSG00000196735,32628179.0,32659533.0,6,(+),"major histocompatibility complex, class II, DQ alpha 1",X,,18,0,,,,,
ITGB2,ENSG00000160255,44885948.0,44932079.0,21,(-),integrin subunit beta 2,X,,18,0,,,,,
COX20,ENSG00000203667,244835301.0,244845480.0,1,(+),cytochrome c oxidase assembly factor COX20,X,,18,0,,,,,
LAG3,ENSG00000089692,6772360.0,6778455.0,12,(+),lymphocyte activating 3,X,,18,0,,,,,
COX17,ENSG00000138495,119654513.0,119677621.0,3,(-),cytochrome c oxidase copper chaperone COX17,X,,18,0,,,,,
ATP8B4,ENSG00000104043,49858238.0,50182947.0,15,(-),ATPase phospholipid transporting 8B4 (putative),X,,18,0,,,,,
ATP8A1,ENSG00000124406,42408373.0,42657144.0,4,(-),ATPase phospholipid transporting 8A1,X,,18,0,,,,,
UBC,ENSG00000150991,124910297.0,124939924.0,12,(-),ubiquitin C,X,,18,0,,,,,
MYL6,ENSG00000092841,56158322.0,56166572.0,12,(+),myosin light chain 6,X,,18,0,,,,,
MYL6B,ENSG00000196465,56151966.0,56159647.0,12,(+),myosin light chain 6B,X,,18,0,,,,,
STMN1,ENSG00000117632,25884181.0,25908470.0,1,(-),stathmin 1,X,,18,0,,,,,
HCST,ENSG00000126264,35899017.0,35904377.0,19,(+),hematopoietic cell signal transducer,X,,18,0,,,,,
ALOX5AP,ENSG00000132965,30713478.0,30765072.0,13,(+),arachidonate 5-lipoxygenase activating protein,X,,18,0,,,,,
LGALS1,ENSG00000100097,37675587.0,37683414.0,22,(+),galectin 1,X,,18,0,,,,,
HLA-DRA,ENSG00000204287,32439870.0,32445181.0,6,(+),"major histocompatibility complex, class II, DR alpha",X,,18,0,,,,,
AKNA,ENSG00000106948,114334156.0,114394405.0,9,(-),AT-hook transcription factor,X,,18,0,,,,,
GGA2,ENSG00000103365,23462213.0,23521995.0,16,(-),"golgi associated, gamma adaptin ear containing, ARF binding protein 2",X,,18,0,,,,,
CYBA,ENSG00000051523,88643275.0,88651083.0,16,(-),cytochrome b-245 alpha chain,X,,18,0,,,,,
PRKCH,ENSG00000027075,61187559.0,61550980.0,14,(+),protein kinase C eta,X,,18,0,,,,,
TENT5C,ENSG00000183508,117605926.0,117628389.0,1,(+),terminal nucleotidyltransferase 5C,X,,18,0,,,,,
CEMIP2,ENSG00000135048,71681395.0,71816690.0,9,(-),cell migration inducing hyaluronidase 2,X,,18,0,,,,,
SLA2,ENSG00000101082,36612318.0,36646219.0,20,(-),Src like adaptor 2,X,,18,0,,,,,
PSAT1,ENSG00000135069,78297094.0,78356024.0,9,(+),phosphoserine aminotransferase 1,X,,18,0,,,,,
PLEKHO1,ENSG00000023902,150149183.0,150164720.0,1,(+),pleckstrin homology domain containing O1,X,,18,0,,,,,
TSPYL2,ENSG00000184205,53081937.0,53088542.0,X,(+),TSPY like 2,X,,18,0,,,,,
FAM107B,ENSG00000065809,14518557.0,14774897.0,10,(-),family with sequence similarity 107 member B,X,,18,0,,,,,
VAMP8,ENSG00000118640,85561562.0,85582032.0,2,(+),vesicle associated membrane protein 8,X,,18,0,,,,,
ATF7IP2,ENSG00000166669,10326434.0,10483640.0,16,(+),activating transcription factor 7 interacting protein 2,X,,18,0,,,,,
OXNAD1,ENSG00000154814,16265160.0,16352093.0,3,(+),oxidoreductase NAD binding domain containing 1,X,,18,0,,,,,
ABRACL,ENSG00000146386,139013371.0,139046816.0,6,(+),ABRA C-terminal like,X,,18,0,,,,,
CD82,ENSG00000085117,44564414.0,44621071.0,11,(+),CD82 molecule,X,,18,0,,,,,
FKBP11,ENSG00000134285,48921518.0,48927909.0,12,(-),FKBP prolyl isomerase 11,X,,18,0,,,,,
LY6E,ENSG00000160932,143012722.0,143023835.0,8,(+),lymphocyte antigen 6 family member E,X,,18,0,,,,,
UBALD2,ENSG00000185262,76265197.0,76271298.0,17,(+),UBA like domain containing 2,X,,18,0,,,,,
RAC2,ENSG00000128340,37225270.0,37259594.0,22,(-),Rac family small GTPase 2,X,,18,0,,,,,
HSP90AB1,ENSG00000096384,44237395.0,44253888.0,6,(+),heat shock protein 90 alpha family class B member 1,X,,18,0,,,,,
ACTG1,ENSG00000184009,81509413.0,81523847.0,17,(-),actin gamma 1,X,,18,0,,,,,
TUBB,ENSG00000196230,30717435.0,30725538.0,6,(+),tubulin beta class I,X,,18,0,,,,,
TUBB4B,ENSG00000188229,137241278.0,137243713.0,9,(+),tubulin beta 4B class IVb,X,,18,0,,,,,
SLC4A10,ENSG00000144290,161424332.0,161985329.0,2,(+),solute carrier family 4 member 10,X,,18,0,,,,,
TLE1,ENSG00000196781,81582313.0,81689681.0,9,(-),"TLE family member 1, transcriptional corepressor",X,,18,0,,,,,
LTK,ENSG00000062524,41503634.0,41513887.0,15,(-),leukocyte receptor tyrosine kinase,X,,18,0,,,,,
MYBL1,ENSG00000185697,66562175.0,66614247.0,8,(-),MYB proto-oncogene like 1,X,,18,0,,,,,
SATB1,ENSG00000182568,18345056.0,18445621.0,3,(-),SATB homeobox 1,X,,18,0,,,,,
TTC39C,ENSG00000168234,23992773.0,24135970.0,18,(+),tetratricopeptide repeat domain 39C,X,,18,0,,,,,
IL18RAP,ENSG00000115607,102418570.0,102452567.0,2,(+),interleukin 18 receptor accessory protein,X,,18,0,,,,,
SESN1,ENSG00000080546,108984309.0,109095097.0,6,(-),sestrin 1,X,,18,0,,,,,
PRNP,ENSG00000171867,4685730.0,4701590.0,20,(+),prion protein (Kanno blood group),X,,18,0,,,,,
ME1,ENSG00000065833,83210389.0,83431370.0,6,(-),malic enzyme 1,X,,18,0,,,,,
LIME1,ENSG00000203896,63736283.0,63739108.0,20,(+),Lck interacting transmembrane adaptor 1,X,,18,0,,,,,
MGME1,ENSG00000125871,17968093.0,17991136.0,20,(+),mitochondrial genome maintenance exonuclease 1,X,,18,0,,,,,
PDE4DIP,ENSG00000178104,148808140.0,149048286.0,1,(+),phosphodiesterase 4D interacting protein,X,,18,0,,,,,
CERK,ENSG00000100422,46684409.0,46738319.0,22,(-),ceramide kinase,X,,18,0,,,,,
BLK,ENSG00000136573,11486894.0,11564599.0,8,(+),"BLK proto-oncogene, Src family tyrosine kinase",X,,18,0,,,,,
NSG1,ENSG00000168824,4348140.0,4479327.0,4,(+),neuronal vesicle trafficking associated 1,X,,18,0,,,,,
CDC42EP3,ENSG00000163171,37641882.0,37738468.0,2,(-),CDC42 effector protein 3,X,,18,0,,,,,
CXXC5,ENSG00000171604,139646375.0,139683882.0,5,(+),CXXC finger protein 5,X,,18,0,,,,,
BCL2,ENSG00000171791,63123346.0,63320215.0,18,(-),BCL2 apoptosis regulator,X,,18,0,,,,,
BCL2L12,ENSG00000126453,49664622.0,49673917.0,19,(+),BCL2 like 12,X,,18,0,,,,,
SCART1,ENSG00000214279,133453928.0,133523558.0,10,(+),scavenger receptor family member expressed on T cells 1,X,,18,0,,,,,
KIF5C,ENSG00000168280,148875227.0,149026759.0,2,(+),kinesin family member 5C,X,,18,0,,,,,
GCHFR,ENSG00000137880,40764043.0,40767872.0,15,(+),GTP cyclohydrolase I feedback regulator,X,,18,0,,,,,
DBN1,ENSG00000113758,177456225.0,177474401.0,5,(-),drebrin 1,X,,18,0,,,,,
IVNS1ABP,ENSG00000116679,185292931.0,185317862.0,1,(-),influenza virus NS1A binding protein,X,,18,0,,,,,
RBMS1,ENSG00000153250,160272151.0,160494100.0,2,(-),RNA binding motif single stranded interacting protein 1,X,,18,0,,,,,
PLXND1,ENSG00000004399,129555213.0,129606826.0,3,(-),plexin D1,X,,18,0,,,,,
ADAM10,ENSG00000137845,58588809.0,58749871.0,15,(-),ADAM metallopeptidase domain 10,X,,18,0,,,,,
DYNLT3,ENSG00000165169,37836611.0,37847593.0,X,(-),dynein light chain Tctex-type 3,X,,18,0,,,,,
CCDC107,ENSG00000159884,35658277.0,35661524.0,9,(+),coiled-coil domain containing 107,X,,18,0,,,,,
TXK,ENSG00000074966,48063158.0,48134265.0,4,(-),TXK tyrosine kinase,X,,18,0,,,,,
ARL14EP,ENSG00000152219,30323049.0,30338967.0,11,(+),ARF like GTPase 14 effector protein,X,,18,0,,,,,
TMED10,ENSG00000170348,75131106.0,75176652.0,14,(-),transmembrane p24 trafficking protein 10,X,,18,0,,,,,
SNX9,ENSG00000130340,157700387.0,157945077.0,6,(+),sorting nexin 9,X,,18,0,,,,,
CAMK2N1,ENSG00000162545,20482391.0,20486270.0,1,(-),calcium/calmodulin dependent protein kinase II inhibitor 1,X,,18,0,,,,,
SORBS3,ENSG00000120896,22544986.0,22575788.0,8,(+),sorbin and SH3 domain containing 3,X,,18,0,,,,,
GLRX3,ENSG00000108010,130136363.0,130184521.0,10,(+),glutaredoxin 3,X,,18,0,,,,,
PBX4,ENSG00000105717,19561707.0,19618746.0,19,(-),PBX homeobox 4,X,,18,0,,,,,
SPSB3,ENSG00000162032,1776710.0,1793700.0,16,(-),splA/ryanodine receptor domain and SOCS box containing 3,X,,18,0,,,,,
TMED2,ENSG00000086598,123584514.0,123598582.0,12,(+),transmembrane p24 trafficking protein 2,X,,18,0,,,,,
SELENOK,ENSG00000113811,53883496.0,53891885.0,3,(-),selenoprotein K,X,,18,0,,,,,
SYTL1,ENSG00000142765,27342009.0,27353937.0,1,(+),synaptotagmin like 1,X,,18,0,,,,,
TMEM71,ENSG00000165071,132685007.0,132760712.0,8,(-),transmembrane protein 71,X,,18,0,,,,,
SSR4,ENSG00000180879,153793516.0,153798510.0,X,(+),signal sequence receptor subunit 4,X,,18,0,,,,,
EIF4A2,ENSG00000156976,186783205.0,186789901.0,3,(+),eukaryotic translation initiation factor 4A2,X,,18,0,,,,,
GALNT10,ENSG00000164574,154189988.0,154420984.0,5,(+),polypeptide N-acetylgalactosaminyltransferase 10,X,,18,0,,,,,
HSP90B1,ENSG00000166598,103930107.0,103955906.0,12,(+),heat shock protein 90 beta family member 1,X,,18,0,,,,,
STK24,ENSG00000102572,98445185.0,98577940.0,13,(-),serine/threonine kinase 24,X,,18,0,,,,,
ARL4A,ENSG00000122644,12686602.0,12692543.0,7,(+),ARF like GTPase 4A,X,,18,0,,,,,
SNRK,ENSG00000163788,43286510.0,43424764.0,3,(+),SNF related kinase,X,,18,0,,,,,
BCL7C,ENSG00000099385,30818695.0,30894302.0,16,(-),BAF chromatin remodeling complex subunit BCL7C,X,,18,0,,,,,
,,,,,,,,,,,,,,,
Legenda de Source: 1 - https://maayanlab.cloud/Enrichr/ ; 2 - https://www.ncbi.nlm.nih.gov/geo/query/acc.cgi?acc=GSE205748 ; 3 - https://www.ncbi.nlm.nih.gov/geo/query/acc.cgi?acc=GSE137510 ; 4 - https://www.ncbi.nlm.nih.gov/geo/query/acc.cgi?acc=GSE220130 ; 5 - https://www.ncbi.nlm.nih.gov/geo/query/acc.cgi?acc=GSE221786 ; 6 - https://www.ncbi.nlm.nih.gov/geo/query/acc.cgi?acc=GSE141646 ; 7 - https://www.ncbi.nlm.nih.gov/geo/query/acc.cgi?acc=GSE212613 ; 8 - https://www.ncbi.nlm.nih.gov/geo/query/acc.cgi?acc=GSE205812 ; 9 - https://pmc.ncbi.nlm.nih.gov/articles/PMC10055600/ ; 10 - https://pmc.ncbi.nlm.nih.gov/articles/PMC10129963/ ; 11 - https://pmc.ncbi.nlm.nih.gov/articles/PMC10152590/ ; 12 - https://pmc.ncbi.nlm.nih.gov/articles/PMC10216275/ ; 13 - https://pmc.ncbi.nlm.nih.gov/articles/PMC10226212/ ; 14 - https://pmc.ncbi.nlm.nih.gov/articles/PMC10594069/ ; 15 - https://pmc.ncbi.nlm.nih.gov/articles/PMC10641465/ ; 16 - https://pmc.ncbi.nlm.nih.gov/articles/PMC10711358/ ; 17 - https://pmc.ncbi.nlm.nih.gov/articles/PMC10731026/ ; 18 - https://pmc.ncbi.nlm.nih.gov/articles/PMC10790246/ ;,,,,,,,,,,,,,,,